pack,version,device,displayName,flashBytes,ramBytes,templates,downloadDeclared,origin,path
artery.at32a403a,0.1.1,AT32A403ACCT7,AT32A403ACCT7,262144,98304,cmsis,False,new,ArteryTek/artery.at32a403a-0.1.1.mcupack
artery.at32a403a,0.1.1,AT32A403ACCU7,AT32A403ACCU7,262144,98304,cmsis,False,new,ArteryTek/artery.at32a403a-0.1.1.mcupack
artery.at32a403a,0.1.1,AT32A403ACET7,AT32A403ACET7,524288,98304,cmsis,False,new,ArteryTek/artery.at32a403a-0.1.1.mcupack
artery.at32a403a,0.1.1,AT32A403ACEU7,AT32A403ACEU7,524288,98304,cmsis,False,new,ArteryTek/artery.at32a403a-0.1.1.mcupack
artery.at32a403a,0.1.1,AT32A403ACGT7,AT32A403ACGT7,1048576,98304,cmsis,False,new,ArteryTek/artery.at32a403a-0.1.1.mcupack
artery.at32a403a,0.1.1,AT32A403ACGU7,AT32A403ACGU7,1048576,98304,cmsis,False,new,ArteryTek/artery.at32a403a-0.1.1.mcupack
artery.at32a403a,0.1.1,AT32A403ARCT7,AT32A403ARCT7,262144,98304,cmsis,False,new,ArteryTek/artery.at32a403a-0.1.1.mcupack
artery.at32a403a,0.1.1,AT32A403ARET7,AT32A403ARET7,524288,98304,cmsis,False,new,ArteryTek/artery.at32a403a-0.1.1.mcupack
artery.at32a403a,0.1.1,AT32A403ARGT7,AT32A403ARGT7,1048576,98304,cmsis,False,new,ArteryTek/artery.at32a403a-0.1.1.mcupack
artery.at32a403a,0.1.1,AT32A403AVCT7,AT32A403AVCT7,262144,98304,cmsis,False,new,ArteryTek/artery.at32a403a-0.1.1.mcupack
artery.at32a403a,0.1.1,AT32A403AVET7,AT32A403AVET7,524288,98304,cmsis,False,new,ArteryTek/artery.at32a403a-0.1.1.mcupack
artery.at32a403a,0.1.1,AT32A403AVGT7,AT32A403AVGT7,1048576,98304,cmsis,False,new,ArteryTek/artery.at32a403a-0.1.1.mcupack
artery.at32a423,0.1.1,AT32A423K8U7-4,AT32A423K8U7-4,65536,32768,cmsis,False,new,ArteryTek/artery.at32a423-0.1.1.mcupack
artery.at32a423,0.1.1,AT32A423KBU7-4,AT32A423KBU7-4,131072,49152,cmsis,False,new,ArteryTek/artery.at32a423-0.1.1.mcupack
artery.at32a423,0.1.1,AT32A423KCU7-4,AT32A423KCU7-4,262144,49152,cmsis,False,new,ArteryTek/artery.at32a423-0.1.1.mcupack
artery.at32a423,0.1.1,AT32A423T8U7,AT32A423T8U7,65536,32768,cmsis,False,new,ArteryTek/artery.at32a423-0.1.1.mcupack
artery.at32a423,0.1.1,AT32A423TBU7,AT32A423TBU7,131072,49152,cmsis,False,new,ArteryTek/artery.at32a423-0.1.1.mcupack
artery.at32a423,0.1.1,AT32A423TCU7,AT32A423TCU7,262144,49152,cmsis,False,new,ArteryTek/artery.at32a423-0.1.1.mcupack
artery.at32a423,0.1.1,AT32A423C8U7,AT32A423C8U7,65536,32768,cmsis,False,new,ArteryTek/artery.at32a423-0.1.1.mcupack
artery.at32a423,0.1.1,AT32A423CBU7-7,AT32A423CBU7-7,131072,49152,cmsis,False,new,ArteryTek/artery.at32a423-0.1.1.mcupack
artery.at32a423,0.1.1,AT32A423CBU7,AT32A423CBU7,131072,49152,cmsis,False,new,ArteryTek/artery.at32a423-0.1.1.mcupack
artery.at32a423,0.1.1,AT32A423CCU7,AT32A423CCU7,262144,49152,cmsis,False,new,ArteryTek/artery.at32a423-0.1.1.mcupack
artery.at32a423,0.1.1,AT32A423C8T7,AT32A423C8T7,65536,32768,cmsis,False,new,ArteryTek/artery.at32a423-0.1.1.mcupack
artery.at32a423,0.1.1,AT32A423CBT7,AT32A423CBT7,131072,49152,cmsis,False,new,ArteryTek/artery.at32a423-0.1.1.mcupack
artery.at32a423,0.1.1,AT32A423CCT7,AT32A423CCT7,262144,49152,cmsis,False,new,ArteryTek/artery.at32a423-0.1.1.mcupack
artery.at32a423,0.1.1,AT32A423R8T7-7,AT32A423R8T7-7,65536,32768,cmsis,False,new,ArteryTek/artery.at32a423-0.1.1.mcupack
artery.at32a423,0.1.1,AT32A423RBT7-7,AT32A423RBT7-7,131072,49152,cmsis,False,new,ArteryTek/artery.at32a423-0.1.1.mcupack
artery.at32a423,0.1.1,AT32A423RCT7-7,AT32A423RCT7-7,262144,49152,cmsis,False,new,ArteryTek/artery.at32a423-0.1.1.mcupack
artery.at32a423,0.1.1,AT32A423R8T7,AT32A423R8T7,65536,32768,cmsis,False,new,ArteryTek/artery.at32a423-0.1.1.mcupack
artery.at32a423,0.1.1,AT32A423RBT7,AT32A423RBT7,131072,49152,cmsis,False,new,ArteryTek/artery.at32a423-0.1.1.mcupack
artery.at32a423,0.1.1,AT32A423RCT7,AT32A423RCT7,262144,49152,cmsis,False,new,ArteryTek/artery.at32a423-0.1.1.mcupack
artery.at32a423,0.1.1,AT32A423V8T7,AT32A423V8T7,65536,32768,cmsis,False,new,ArteryTek/artery.at32a423-0.1.1.mcupack
artery.at32a423,0.1.1,AT32A423VBT7,AT32A423VBT7,131072,49152,cmsis,False,new,ArteryTek/artery.at32a423-0.1.1.mcupack
artery.at32a423,0.1.1,AT32A423VCT7,AT32A423VCT7,262144,49152,cmsis,False,new,ArteryTek/artery.at32a423-0.1.1.mcupack
artery.at32f011,0.1.1,AT32F011C8T7,AT32F011C8T7,65536,9216,cmsis,False,new,ArteryTek/artery.at32f011-0.1.1.mcupack
artery.at32f011,0.1.1,AT32F011K8U7-4,AT32F011K8U7-4,65536,9216,cmsis,False,new,ArteryTek/artery.at32f011-0.1.1.mcupack
artery.at32f011,0.1.1,AT32F011F8U7,AT32F011F8U7,65536,9216,cmsis,False,new,ArteryTek/artery.at32f011-0.1.1.mcupack
artery.at32f011,0.1.1,AT32F011F8P7,AT32F011F8P7,65536,9216,cmsis,False,new,ArteryTek/artery.at32f011-0.1.1.mcupack
artery.at32f402,0.1.1,AT32F402KBU7-4,AT32F402KBU7-4,131072,71680,cmsis,False,new,ArteryTek/artery.at32f402-0.1.1.mcupack
artery.at32f402,0.1.1,AT32F402KCU7-4,AT32F402KCU7-4,262144,104448,cmsis,False,new,ArteryTek/artery.at32f402-0.1.1.mcupack
artery.at32f402,0.1.1,AT32F402CBT7,AT32F402CBT7,131072,71680,cmsis,False,new,ArteryTek/artery.at32f402-0.1.1.mcupack
artery.at32f402,0.1.1,AT32F402CCT7,AT32F402CCT7,262144,104448,cmsis,False,new,ArteryTek/artery.at32f402-0.1.1.mcupack
artery.at32f402,0.1.1,AT32F402CBU7,AT32F402CBU7,131072,71680,cmsis,False,new,ArteryTek/artery.at32f402-0.1.1.mcupack
artery.at32f402,0.1.1,AT32F402CCU7,AT32F402CCU7,262144,104448,cmsis,False,new,ArteryTek/artery.at32f402-0.1.1.mcupack
artery.at32f402,0.1.1,AT32F402HCY7,AT32F402HCY7,262144,104448,cmsis,False,new,ArteryTek/artery.at32f402-0.1.1.mcupack
artery.at32f402,0.1.1,AT32F402RBT7-7,AT32F402RBT7-7,131072,71680,cmsis,False,new,ArteryTek/artery.at32f402-0.1.1.mcupack
artery.at32f402,0.1.1,AT32F402RCT7-7,AT32F402RCT7-7,262144,104448,cmsis,False,new,ArteryTek/artery.at32f402-0.1.1.mcupack
artery.at32f402,0.1.1,AT32F402RBT7,AT32F402RBT7,131072,71680,cmsis,False,new,ArteryTek/artery.at32f402-0.1.1.mcupack
artery.at32f402,0.1.1,AT32F402RCT7,AT32F402RCT7,262144,104448,cmsis,False,new,ArteryTek/artery.at32f402-0.1.1.mcupack
artery.at32f403,0.1.1,AT32F403CCT6,AT32F403CCT6,262144,98304,cmsis,False,new,ArteryTek/artery.at32f403-0.1.1.mcupack
artery.at32f403,0.1.1,AT32F403CCU6,AT32F403CCU6,262144,98304,cmsis,False,new,ArteryTek/artery.at32f403-0.1.1.mcupack
artery.at32f403,0.1.1,AT32F403CET6,AT32F403CET6,524288,98304,cmsis,False,new,ArteryTek/artery.at32f403-0.1.1.mcupack
artery.at32f403,0.1.1,AT32F403CEU6,AT32F403CEU6,524288,98304,cmsis,False,new,ArteryTek/artery.at32f403-0.1.1.mcupack
artery.at32f403,0.1.1,AT32F403CGT6,AT32F403CGT6,1048576,98304,cmsis,False,new,ArteryTek/artery.at32f403-0.1.1.mcupack
artery.at32f403,0.1.1,AT32F403CGU6,AT32F403CGU6,1048576,98304,cmsis,False,new,ArteryTek/artery.at32f403-0.1.1.mcupack
artery.at32f403,0.1.1,AT32F403RCT6,AT32F403RCT6,262144,98304,cmsis,False,new,ArteryTek/artery.at32f403-0.1.1.mcupack
artery.at32f403,0.1.1,AT32F403RET6,AT32F403RET6,524288,98304,cmsis,False,new,ArteryTek/artery.at32f403-0.1.1.mcupack
artery.at32f403,0.1.1,AT32F403RGT6,AT32F403RGT6,1048576,98304,cmsis,False,new,ArteryTek/artery.at32f403-0.1.1.mcupack
artery.at32f403,0.1.1,AT32F403VCT6,AT32F403VCT6,262144,98304,cmsis,False,new,ArteryTek/artery.at32f403-0.1.1.mcupack
artery.at32f403,0.1.1,AT32F403VET6,AT32F403VET6,524288,98304,cmsis,False,new,ArteryTek/artery.at32f403-0.1.1.mcupack
artery.at32f403,0.1.1,AT32F403VGT6,AT32F403VGT6,1048576,98304,cmsis,False,new,ArteryTek/artery.at32f403-0.1.1.mcupack
artery.at32f403,0.1.1,AT32F403ZCT6,AT32F403ZCT6,262144,98304,cmsis,False,new,ArteryTek/artery.at32f403-0.1.1.mcupack
artery.at32f403,0.1.1,AT32F403ZET6,AT32F403ZET6,524288,98304,cmsis,False,new,ArteryTek/artery.at32f403-0.1.1.mcupack
artery.at32f403,0.1.1,AT32F403ZGT6,AT32F403ZGT6,1048576,98304,cmsis,False,new,ArteryTek/artery.at32f403-0.1.1.mcupack
artery.at32f403a,0.1.1,AT32F403ACCT7,AT32F403ACCT7,262144,98304,cmsis,False,new,ArteryTek/artery.at32f403a-0.1.1.mcupack
artery.at32f403a,0.1.1,AT32F403ACCU7,AT32F403ACCU7,262144,98304,cmsis,False,new,ArteryTek/artery.at32f403a-0.1.1.mcupack
artery.at32f403a,0.1.1,AT32F403ACET7,AT32F403ACET7,524288,98304,cmsis,False,new,ArteryTek/artery.at32f403a-0.1.1.mcupack
artery.at32f403a,0.1.1,AT32F403ACEU7,AT32F403ACEU7,524288,98304,cmsis,False,new,ArteryTek/artery.at32f403a-0.1.1.mcupack
artery.at32f403a,0.1.1,AT32F403ACGT7,AT32F403ACGT7,1048576,98304,cmsis,False,new,ArteryTek/artery.at32f403a-0.1.1.mcupack
artery.at32f403a,0.1.1,AT32F403ACGU7,AT32F403ACGU7,1048576,98304,cmsis,False,new,ArteryTek/artery.at32f403a-0.1.1.mcupack
artery.at32f403a,0.1.1,AT32F403ARCT7,AT32F403ARCT7,262144,98304,cmsis,False,new,ArteryTek/artery.at32f403a-0.1.1.mcupack
artery.at32f403a,0.1.1,AT32F403ARET7,AT32F403ARET7,524288,98304,cmsis,False,new,ArteryTek/artery.at32f403a-0.1.1.mcupack
artery.at32f403a,0.1.1,AT32F403ARGT7,AT32F403ARGT7,1048576,98304,cmsis,False,new,ArteryTek/artery.at32f403a-0.1.1.mcupack
artery.at32f403a,0.1.1,AT32F403AVCT7,AT32F403AVCT7,262144,98304,cmsis,False,new,ArteryTek/artery.at32f403a-0.1.1.mcupack
artery.at32f403a,0.1.1,AT32F403AVET7,AT32F403AVET7,524288,98304,cmsis,False,new,ArteryTek/artery.at32f403a-0.1.1.mcupack
artery.at32f403a,0.1.1,AT32F403AVGT7,AT32F403AVGT7,1048576,98304,cmsis,False,new,ArteryTek/artery.at32f403a-0.1.1.mcupack
artery.at32f403e,0.1.1,AT32F403ECDT7,AT32F403ECDT7,458752,98304,cmsis,False,new,ArteryTek/artery.at32f403e-0.1.1.mcupack
artery.at32f403e,0.1.1,AT32F403ECDU7,AT32F403ECDU7,458752,98304,cmsis,False,new,ArteryTek/artery.at32f403e-0.1.1.mcupack
artery.at32f403e,0.1.1,AT32F403ECPT7,AT32F403ECPT7,983040,98304,cmsis,False,new,ArteryTek/artery.at32f403e-0.1.1.mcupack
artery.at32f403e,0.1.1,AT32F403ECPU7,AT32F403ECPU7,983040,98304,cmsis,False,new,ArteryTek/artery.at32f403e-0.1.1.mcupack
artery.at32f403e,0.1.1,AT32F403ERDT7,AT32F403ERDT7,458752,98304,cmsis,False,new,ArteryTek/artery.at32f403e-0.1.1.mcupack
artery.at32f403e,0.1.1,AT32F403ERPT7,AT32F403ERPT7,983040,98304,cmsis,False,new,ArteryTek/artery.at32f403e-0.1.1.mcupack
artery.at32f403e,0.1.1,AT32F403EVDT7,AT32F403EVDT7,458752,98304,cmsis,False,new,ArteryTek/artery.at32f403e-0.1.1.mcupack
artery.at32f403e,0.1.1,AT32F403EVPT7,AT32F403EVPT7,983040,98304,cmsis,False,new,ArteryTek/artery.at32f403e-0.1.1.mcupack
artery.at32f405,0.1.1,AT32F405KBU7-4,AT32F405KBU7-4,131072,71680,cmsis,False,new,ArteryTek/artery.at32f405-0.1.1.mcupack
artery.at32f405,0.1.1,AT32F405KCU7-4,AT32F405KCU7-4,262144,104448,cmsis,False,new,ArteryTek/artery.at32f405-0.1.1.mcupack
artery.at32f405,0.1.1,AT32F405CBT7,AT32F405CBT7,131072,71680,cmsis,False,new,ArteryTek/artery.at32f405-0.1.1.mcupack
artery.at32f405,0.1.1,AT32F405CCT7,AT32F405CCT7,262144,104448,cmsis,False,new,ArteryTek/artery.at32f405-0.1.1.mcupack
artery.at32f405,0.1.1,AT32F405CBU7,AT32F405CBU7,131072,71680,cmsis,False,new,ArteryTek/artery.at32f405-0.1.1.mcupack
artery.at32f405,0.1.1,AT32F405CCU7,AT32F405CCU7,262144,104448,cmsis,False,new,ArteryTek/artery.at32f405-0.1.1.mcupack
artery.at32f405,0.1.1,AT32F405RBT7-7,AT32F405RBT7-7,131072,71680,cmsis,False,new,ArteryTek/artery.at32f405-0.1.1.mcupack
artery.at32f405,0.1.1,AT32F405RCT7-7,AT32F405RCT7-7,262144,104448,cmsis,False,new,ArteryTek/artery.at32f405-0.1.1.mcupack
artery.at32f405,0.1.1,AT32F405RBT7,AT32F405RBT7,131072,71680,cmsis,False,new,ArteryTek/artery.at32f405-0.1.1.mcupack
artery.at32f405,0.1.1,AT32F405RCT7,AT32F405RCT7,262144,104448,cmsis,False,new,ArteryTek/artery.at32f405-0.1.1.mcupack
artery.at32f406,0.1.1,AT32F406CCU7,AT32F406CCU7,262144,131072,cmsis,False,new,ArteryTek/artery.at32f406-0.1.1.mcupack
artery.at32f406,0.1.1,AT32F406CEU7,AT32F406CEU7,524288,196608,cmsis,False,new,ArteryTek/artery.at32f406-0.1.1.mcupack
artery.at32f406,0.1.1,AT32F406RCT7-7,AT32F406RCT7-7,262144,131072,cmsis,False,new,ArteryTek/artery.at32f406-0.1.1.mcupack
artery.at32f406,0.1.1,AT32F406RET7-7,AT32F406RET7-7,524288,196608,cmsis,False,new,ArteryTek/artery.at32f406-0.1.1.mcupack
artery.at32f406,0.1.1,AT32F406RCT7-7R,AT32F406RCT7-7R,262144,131072,cmsis,False,new,ArteryTek/artery.at32f406-0.1.1.mcupack
artery.at32f406,0.1.1,AT32F406RET7-7R,AT32F406RET7-7R,524288,196608,cmsis,False,new,ArteryTek/artery.at32f406-0.1.1.mcupack
artery.at32f407,0.1.1,AT32F407RCT7,AT32F407RCT7,262144,98304,cmsis,False,new,ArteryTek/artery.at32f407-0.1.1.mcupack
artery.at32f407,0.1.1,AT32F407RET7,AT32F407RET7,524288,98304,cmsis,False,new,ArteryTek/artery.at32f407-0.1.1.mcupack
artery.at32f407,0.1.1,AT32F407RGT7,AT32F407RGT7,1048576,98304,cmsis,False,new,ArteryTek/artery.at32f407-0.1.1.mcupack
artery.at32f407,0.1.1,AT32F407VCT7,AT32F407VCT7,262144,98304,cmsis,False,new,ArteryTek/artery.at32f407-0.1.1.mcupack
artery.at32f407,0.1.1,AT32F407VET7,AT32F407VET7,524288,98304,cmsis,False,new,ArteryTek/artery.at32f407-0.1.1.mcupack
artery.at32f407,0.1.1,AT32F407VGT7,AT32F407VGT7,1048576,98304,cmsis,False,new,ArteryTek/artery.at32f407-0.1.1.mcupack
artery.at32f407,0.1.1,AT32F407AVCT7,AT32F407AVCT7,262144,98304,cmsis,False,new,ArteryTek/artery.at32f407-0.1.1.mcupack
artery.at32f407,0.1.1,AT32F407AVGT7,AT32F407AVGT7,1048576,98304,cmsis,False,new,ArteryTek/artery.at32f407-0.1.1.mcupack
artery.at32f407e,0.1.1,AT32F407ERDT7,AT32F407ERDT7,458752,98304,cmsis,False,new,ArteryTek/artery.at32f407e-0.1.1.mcupack
artery.at32f407e,0.1.1,AT32F407ERPT7,AT32F407ERPT7,983040,98304,cmsis,False,new,ArteryTek/artery.at32f407e-0.1.1.mcupack
artery.at32f407e,0.1.1,AT32F407EVDT7,AT32F407EVDT7,458752,98304,cmsis,False,new,ArteryTek/artery.at32f407e-0.1.1.mcupack
artery.at32f407e,0.1.1,AT32F407EVPT7,AT32F407EVPT7,983040,98304,cmsis,False,new,ArteryTek/artery.at32f407e-0.1.1.mcupack
artery.at32f408,0.1.1,AT32F408CCU7,AT32F408CCU7,262144,131072,cmsis,False,new,ArteryTek/artery.at32f408-0.1.1.mcupack
artery.at32f408,0.1.1,AT32F408CEU7,AT32F408CEU7,524288,196608,cmsis,False,new,ArteryTek/artery.at32f408-0.1.1.mcupack
artery.at32f408,0.1.1,AT32F408RCT7-7,AT32F408RCT7-7,262144,131072,cmsis,False,new,ArteryTek/artery.at32f408-0.1.1.mcupack
artery.at32f408,0.1.1,AT32F408RET7-7,AT32F408RET7-7,524288,196608,cmsis,False,new,ArteryTek/artery.at32f408-0.1.1.mcupack
artery.at32f408,0.1.1,AT32F408RCT7-7R,AT32F408RCT7-7R,262144,131072,cmsis,False,new,ArteryTek/artery.at32f408-0.1.1.mcupack
artery.at32f408,0.1.1,AT32F408RET7-7R,AT32F408RET7-7R,524288,196608,cmsis,False,new,ArteryTek/artery.at32f408-0.1.1.mcupack
artery.at32f413,0.1.1,AT32FEBKC8T7,AT32FEBKC8T7,65536,32768,cmsis,False,new,ArteryTek/artery.at32f413-0.1.1.mcupack
artery.at32f413,0.1.1,AT32F413TBU7,AT32F413TBU7,131072,32768,cmsis,False,new,ArteryTek/artery.at32f413-0.1.1.mcupack
artery.at32f413,0.1.1,AT32F413KBU7-4,AT32F413KBU7-4,131072,32768,cmsis,False,new,ArteryTek/artery.at32f413-0.1.1.mcupack
artery.at32f413,0.1.1,AT32F413KCU7-4,AT32F413KCU7-4,262144,32768,cmsis,False,new,ArteryTek/artery.at32f413-0.1.1.mcupack
artery.at32f413,0.1.1,AT32F413CBU7,AT32F413CBU7,131072,32768,cmsis,False,new,ArteryTek/artery.at32f413-0.1.1.mcupack
artery.at32f413,0.1.1,AT32F413CCU7,AT32F413CCU7,262144,32768,cmsis,False,new,ArteryTek/artery.at32f413-0.1.1.mcupack
artery.at32f413,0.1.1,AT32F413C8T7,AT32F413C8T7,65536,32768,cmsis,False,new,ArteryTek/artery.at32f413-0.1.1.mcupack
artery.at32f413,0.1.1,AT32F413CBT7,AT32F413CBT7,131072,32768,cmsis,False,new,ArteryTek/artery.at32f413-0.1.1.mcupack
artery.at32f413,0.1.1,AT32F413CCT7,AT32F413CCT7,262144,32768,cmsis,False,new,ArteryTek/artery.at32f413-0.1.1.mcupack
artery.at32f413,0.1.1,AT32F413RBT7,AT32F413RBT7,131072,32768,cmsis,False,new,ArteryTek/artery.at32f413-0.1.1.mcupack
artery.at32f413,0.1.1,AT32F413RCT7,AT32F413RCT7,262144,32768,cmsis,False,new,ArteryTek/artery.at32f413-0.1.1.mcupack
artery.at32f415,0.1.1,AT32F415K8U7-4,AT32F415K8U7-4,65536,32768,cmsis,False,new,ArteryTek/artery.at32f415-0.1.1.mcupack
artery.at32f415,0.1.1,AT32F415KBU7-4,AT32F415KBU7-4,131072,32768,cmsis,False,new,ArteryTek/artery.at32f415-0.1.1.mcupack
artery.at32f415,0.1.1,AT32F415KCU7-4,AT32F415KCU7-4,262144,32768,cmsis,False,new,ArteryTek/artery.at32f415-0.1.1.mcupack
artery.at32f415,0.1.1,AT32F415C8T7,AT32F415C8T7,65536,32768,cmsis,False,new,ArteryTek/artery.at32f415-0.1.1.mcupack
artery.at32f415,0.1.1,AT32F415CBT7,AT32F415CBT7,131072,32768,cmsis,False,new,ArteryTek/artery.at32f415-0.1.1.mcupack
artery.at32f415,0.1.1,AT32F415CCT7,AT32F415CCT7,262144,32768,cmsis,False,new,ArteryTek/artery.at32f415-0.1.1.mcupack
artery.at32f415,0.1.1,AT32F415CBU7,AT32F415CBU7,131072,32768,cmsis,False,new,ArteryTek/artery.at32f415-0.1.1.mcupack
artery.at32f415,0.1.1,AT32F415CCU7,AT32F415CCU7,262144,32768,cmsis,False,new,ArteryTek/artery.at32f415-0.1.1.mcupack
artery.at32f415,0.1.1,AT32F415R8T7,AT32F415R8T7,65536,32768,cmsis,False,new,ArteryTek/artery.at32f415-0.1.1.mcupack
artery.at32f415,0.1.1,AT32F415RBT7,AT32F415RBT7,131072,32768,cmsis,False,new,ArteryTek/artery.at32f415-0.1.1.mcupack
artery.at32f415,0.1.1,AT32F415RCT7,AT32F415RCT7,262144,32768,cmsis,False,new,ArteryTek/artery.at32f415-0.1.1.mcupack
artery.at32f415,0.1.1,AT32F415R8T7-7,AT32F415R8T7-7,65536,32768,cmsis,False,new,ArteryTek/artery.at32f415-0.1.1.mcupack
artery.at32f415,0.1.1,AT32F415RBT7-7,AT32F415RBT7-7,131072,32768,cmsis,False,new,ArteryTek/artery.at32f415-0.1.1.mcupack
artery.at32f415,0.1.1,AT32F415RCT7-7,AT32F415RCT7-7,262144,32768,cmsis,False,new,ArteryTek/artery.at32f415-0.1.1.mcupack
artery.at32f421,0.1.1,AT32F4212C8T7,AT32F4212C8T7,65536,16384,cmsis,False,new,ArteryTek/artery.at32f421-0.1.1.mcupack
artery.at32f421,0.1.1,AT32F421C8T7,AT32F421C8T7,65536,16384,cmsis,False,new,ArteryTek/artery.at32f421-0.1.1.mcupack
artery.at32f421,0.1.1,AT32F421C6T7,AT32F421C6T7,32768,16384,cmsis,False,new,ArteryTek/artery.at32f421-0.1.1.mcupack
artery.at32f421,0.1.1,AT32F421C4T7,AT32F421C4T7,16384,8192,cmsis,False,new,ArteryTek/artery.at32f421-0.1.1.mcupack
artery.at32f421,0.1.1,AT32F421K8T7,AT32F421K8T7,65536,16384,cmsis,False,new,ArteryTek/artery.at32f421-0.1.1.mcupack
artery.at32f421,0.1.1,AT32F421K6T7,AT32F421K6T7,32768,16384,cmsis,False,new,ArteryTek/artery.at32f421-0.1.1.mcupack
artery.at32f421,0.1.1,AT32F421K4T7,AT32F421K4T7,16384,8192,cmsis,False,new,ArteryTek/artery.at32f421-0.1.1.mcupack
artery.at32f421,0.1.1,AT32F421K8U7,AT32F421K8U7,65536,16384,cmsis,False,new,ArteryTek/artery.at32f421-0.1.1.mcupack
artery.at32f421,0.1.1,AT32F421K6U7,AT32F421K6U7,32768,16384,cmsis,False,new,ArteryTek/artery.at32f421-0.1.1.mcupack
artery.at32f421,0.1.1,AT32F421K4U7,AT32F421K4U7,16384,8192,cmsis,False,new,ArteryTek/artery.at32f421-0.1.1.mcupack
artery.at32f421,0.1.1,AT32F421K8U7-4,AT32F421K8U7-4,65536,16384,cmsis,False,new,ArteryTek/artery.at32f421-0.1.1.mcupack
artery.at32f421,0.1.1,AT32F421K6U7-4,AT32F421K6U7-4,32768,16384,cmsis,False,new,ArteryTek/artery.at32f421-0.1.1.mcupack
artery.at32f421,0.1.1,AT32F421K4U7-4,AT32F421K4U7-4,16384,8192,cmsis,False,new,ArteryTek/artery.at32f421-0.1.1.mcupack
artery.at32f421,0.1.1,AT32F421F8P7,AT32F421F8P7,65536,16384,cmsis,False,new,ArteryTek/artery.at32f421-0.1.1.mcupack
artery.at32f421,0.1.1,AT32F421F6P7,AT32F421F6P7,32768,16384,cmsis,False,new,ArteryTek/artery.at32f421-0.1.1.mcupack
artery.at32f421,0.1.1,AT32F421F4P7,AT32F421F4P7,16384,8192,cmsis,False,new,ArteryTek/artery.at32f421-0.1.1.mcupack
artery.at32f421,0.1.1,AT32F421G8U7,AT32F421G8U7,65536,16384,cmsis,False,new,ArteryTek/artery.at32f421-0.1.1.mcupack
artery.at32f421,0.1.1,AT32F421G6U7,AT32F421G6U7,32768,16384,cmsis,False,new,ArteryTek/artery.at32f421-0.1.1.mcupack
artery.at32f421,0.1.1,AT32F421G4U7,AT32F421G4U7,16384,8192,cmsis,False,new,ArteryTek/artery.at32f421-0.1.1.mcupack
artery.at32f422,0.1.1,AT32F422CBT7,AT32F422CBT7,131072,20480,cmsis,False,new,ArteryTek/artery.at32f422-0.1.1.mcupack
artery.at32f422,0.1.1,AT32F422C8T7,AT32F422C8T7,65536,20480,cmsis,False,new,ArteryTek/artery.at32f422-0.1.1.mcupack
artery.at32f422,0.1.1,AT32F422CBU7,AT32F422CBU7,131072,20480,cmsis,False,new,ArteryTek/artery.at32f422-0.1.1.mcupack
artery.at32f422,0.1.1,AT32F422C8U7,AT32F422C8U7,65536,20480,cmsis,False,new,ArteryTek/artery.at32f422-0.1.1.mcupack
artery.at32f422,0.1.1,AT32F422FBP7,AT32F422FBP7,131072,20480,cmsis,False,new,ArteryTek/artery.at32f422-0.1.1.mcupack
artery.at32f422,0.1.1,AT32F422F8P7,AT32F422F8P7,65536,20480,cmsis,False,new,ArteryTek/artery.at32f422-0.1.1.mcupack
artery.at32f422,0.1.1,AT32F422GBU7-4,AT32F422GBU7-4,131072,20480,cmsis,False,new,ArteryTek/artery.at32f422-0.1.1.mcupack
artery.at32f422,0.1.1,AT32F422G8U7-4,AT32F422G8U7-4,65536,20480,cmsis,False,new,ArteryTek/artery.at32f422-0.1.1.mcupack
artery.at32f422,0.1.1,AT32F422KBT7,AT32F422KBT7,131072,20480,cmsis,False,new,ArteryTek/artery.at32f422-0.1.1.mcupack
artery.at32f422,0.1.1,AT32F422K8T7,AT32F422K8T7,65536,20480,cmsis,False,new,ArteryTek/artery.at32f422-0.1.1.mcupack
artery.at32f422,0.1.1,AT32F422KBU7,AT32F422KBU7,131072,20480,cmsis,False,new,ArteryTek/artery.at32f422-0.1.1.mcupack
artery.at32f422,0.1.1,AT32F422K8U7,AT32F422K8U7,65536,20480,cmsis,False,new,ArteryTek/artery.at32f422-0.1.1.mcupack
artery.at32f422,0.1.1,AT32F422KBU7-4,AT32F422KBU7-4,131072,20480,cmsis,False,new,ArteryTek/artery.at32f422-0.1.1.mcupack
artery.at32f422,0.1.1,AT32F422K8U7-4,AT32F422K8U7-4,65536,20480,cmsis,False,new,ArteryTek/artery.at32f422-0.1.1.mcupack
artery.at32f423,0.1.1,AT32F423K8U7-4,AT32F423K8U7-4,65536,32768,cmsis,False,new,ArteryTek/artery.at32f423-0.1.1.mcupack
artery.at32f423,0.1.1,AT32F423KBU7-4,AT32F423KBU7-4,131072,49152,cmsis,False,new,ArteryTek/artery.at32f423-0.1.1.mcupack
artery.at32f423,0.1.1,AT32F423KCU7-4,AT32F423KCU7-4,262144,49152,cmsis,False,new,ArteryTek/artery.at32f423-0.1.1.mcupack
artery.at32f423,0.1.1,AT32F423T8U7,AT32F423T8U7,65536,32768,cmsis,False,new,ArteryTek/artery.at32f423-0.1.1.mcupack
artery.at32f423,0.1.1,AT32F423TBU7,AT32F423TBU7,131072,49152,cmsis,False,new,ArteryTek/artery.at32f423-0.1.1.mcupack
artery.at32f423,0.1.1,AT32F423TCU7,AT32F423TCU7,262144,49152,cmsis,False,new,ArteryTek/artery.at32f423-0.1.1.mcupack
artery.at32f423,0.1.1,AT32F423C8U7,AT32F423C8U7,65536,32768,cmsis,False,new,ArteryTek/artery.at32f423-0.1.1.mcupack
artery.at32f423,0.1.1,AT32F423CBU7-7,AT32F423CBU7-7,131072,49152,cmsis,False,new,ArteryTek/artery.at32f423-0.1.1.mcupack
artery.at32f423,0.1.1,AT32F423CBU7,AT32F423CBU7,131072,49152,cmsis,False,new,ArteryTek/artery.at32f423-0.1.1.mcupack
artery.at32f423,0.1.1,AT32F423CCU7,AT32F423CCU7,262144,49152,cmsis,False,new,ArteryTek/artery.at32f423-0.1.1.mcupack
artery.at32f423,0.1.1,AT32F423C8T7,AT32F423C8T7,65536,32768,cmsis,False,new,ArteryTek/artery.at32f423-0.1.1.mcupack
artery.at32f423,0.1.1,AT32F423CBT7,AT32F423CBT7,131072,49152,cmsis,False,new,ArteryTek/artery.at32f423-0.1.1.mcupack
artery.at32f423,0.1.1,AT32F423CCT7,AT32F423CCT7,262144,49152,cmsis,False,new,ArteryTek/artery.at32f423-0.1.1.mcupack
artery.at32f423,0.1.1,AT32F423R8T7-7,AT32F423R8T7-7,65536,32768,cmsis,False,new,ArteryTek/artery.at32f423-0.1.1.mcupack
artery.at32f423,0.1.1,AT32F423RBT7-7,AT32F423RBT7-7,131072,49152,cmsis,False,new,ArteryTek/artery.at32f423-0.1.1.mcupack
artery.at32f423,0.1.1,AT32F423RCT7-7,AT32F423RCT7-7,262144,49152,cmsis,False,new,ArteryTek/artery.at32f423-0.1.1.mcupack
artery.at32f423,0.1.1,AT32F423R8T7,AT32F423R8T7,65536,32768,cmsis,False,new,ArteryTek/artery.at32f423-0.1.1.mcupack
artery.at32f423,0.1.1,AT32F423RBT7,AT32F423RBT7,131072,49152,cmsis,False,new,ArteryTek/artery.at32f423-0.1.1.mcupack
artery.at32f423,0.1.1,AT32F423RCT7,AT32F423RCT7,262144,49152,cmsis,False,new,ArteryTek/artery.at32f423-0.1.1.mcupack
artery.at32f423,0.1.1,AT32F423V8T7,AT32F423V8T7,65536,32768,cmsis,False,new,ArteryTek/artery.at32f423-0.1.1.mcupack
artery.at32f423,0.1.1,AT32F423VBT7,AT32F423VBT7,131072,49152,cmsis,False,new,ArteryTek/artery.at32f423-0.1.1.mcupack
artery.at32f423,0.1.1,AT32F423VCT7,AT32F423VCT7,262144,49152,cmsis,False,new,ArteryTek/artery.at32f423-0.1.1.mcupack
artery.at32f425,0.1.1,AT32F425F8P7,AT32F425F8P7,65536,20480,cmsis,False,new,ArteryTek/artery.at32f425-0.1.1.mcupack
artery.at32f425,0.1.1,AT32F425F6P7,AT32F425F6P7,32768,20480,cmsis,False,new,ArteryTek/artery.at32f425-0.1.1.mcupack
artery.at32f425,0.1.1,AT32F425K8U7-4,AT32F425K8U7-4,65536,20480,cmsis,False,new,ArteryTek/artery.at32f425-0.1.1.mcupack
artery.at32f425,0.1.1,AT32F425K6U7-4,AT32F425K6U7-4,32768,20480,cmsis,False,new,ArteryTek/artery.at32f425-0.1.1.mcupack
artery.at32f425,0.1.1,AT32F425K8T7,AT32F425K8T7,65536,20480,cmsis,False,new,ArteryTek/artery.at32f425-0.1.1.mcupack
artery.at32f425,0.1.1,AT32F425K6T7,AT32F425K6T7,32768,20480,cmsis,False,new,ArteryTek/artery.at32f425-0.1.1.mcupack
artery.at32f425,0.1.1,AT32F425C8U7,AT32F425C8U7,65536,20480,cmsis,False,new,ArteryTek/artery.at32f425-0.1.1.mcupack
artery.at32f425,0.1.1,AT32F425C6U7,AT32F425C6U7,32768,20480,cmsis,False,new,ArteryTek/artery.at32f425-0.1.1.mcupack
artery.at32f425,0.1.1,AT32F425C8T7,AT32F425C8T7,65536,20480,cmsis,False,new,ArteryTek/artery.at32f425-0.1.1.mcupack
artery.at32f425,0.1.1,AT32F425C6T7,AT32F425C6T7,32768,20480,cmsis,False,new,ArteryTek/artery.at32f425-0.1.1.mcupack
artery.at32f425,0.1.1,AT32F425R8T7,AT32F425R8T7,65536,20480,cmsis,False,new,ArteryTek/artery.at32f425-0.1.1.mcupack
artery.at32f425,0.1.1,AT32F425R6T7,AT32F425R6T7,32768,20480,cmsis,False,new,ArteryTek/artery.at32f425-0.1.1.mcupack
artery.at32f425,0.1.1,AT32F425R8T7-7,AT32F425R8T7-7,65536,20480,cmsis,False,new,ArteryTek/artery.at32f425-0.1.1.mcupack
artery.at32f425,0.1.1,AT32F425R6T7-7,AT32F425R6T7-7,32768,20480,cmsis,False,new,ArteryTek/artery.at32f425-0.1.1.mcupack
artery.at32f426,0.1.1,AT32F426CBT7,AT32F426CBT7,131072,20480,cmsis,False,new,ArteryTek/artery.at32f426-0.1.1.mcupack
artery.at32f426,0.1.1,AT32F426C8T7,AT32F426C8T7,65536,20480,cmsis,False,new,ArteryTek/artery.at32f426-0.1.1.mcupack
artery.at32f426,0.1.1,AT32F426CBU7,AT32F426CBU7,131072,20480,cmsis,False,new,ArteryTek/artery.at32f426-0.1.1.mcupack
artery.at32f426,0.1.1,AT32F426C8U7,AT32F426C8U7,65536,20480,cmsis,False,new,ArteryTek/artery.at32f426-0.1.1.mcupack
artery.at32f426,0.1.1,AT32F426FBP7,AT32F426FBP7,131072,20480,cmsis,False,new,ArteryTek/artery.at32f426-0.1.1.mcupack
artery.at32f426,0.1.1,AT32F426F8P7,AT32F426F8P7,65536,20480,cmsis,False,new,ArteryTek/artery.at32f426-0.1.1.mcupack
artery.at32f426,0.1.1,AT32F426GBU7-4,AT32F426GBU7-4,131072,20480,cmsis,False,new,ArteryTek/artery.at32f426-0.1.1.mcupack
artery.at32f426,0.1.1,AT32F426G8U7-4,AT32F426G8U7-4,65536,20480,cmsis,False,new,ArteryTek/artery.at32f426-0.1.1.mcupack
artery.at32f426,0.1.1,AT32F426KBT7,AT32F426KBT7,131072,20480,cmsis,False,new,ArteryTek/artery.at32f426-0.1.1.mcupack
artery.at32f426,0.1.1,AT32F426K8T7,AT32F426K8T7,65536,20480,cmsis,False,new,ArteryTek/artery.at32f426-0.1.1.mcupack
artery.at32f426,0.1.1,AT32F426KBU7,AT32F426KBU7,131072,20480,cmsis,False,new,ArteryTek/artery.at32f426-0.1.1.mcupack
artery.at32f426,0.1.1,AT32F426K8U7,AT32F426K8U7,65536,20480,cmsis,False,new,ArteryTek/artery.at32f426-0.1.1.mcupack
artery.at32f426,0.1.1,AT32F426KBU7-4,AT32F426KBU7-4,131072,20480,cmsis,False,new,ArteryTek/artery.at32f426-0.1.1.mcupack
artery.at32f426,0.1.1,AT32F426K8U7-4,AT32F426K8U7-4,65536,20480,cmsis,False,new,ArteryTek/artery.at32f426-0.1.1.mcupack
artery.at32f435,0.1.1,AT32F435CCT7,AT32F435CCT7,262144,393216,cmsis,False,new,ArteryTek/artery.at32f435-0.1.1.mcupack
artery.at32f435,0.1.1,AT32F435CCU7,AT32F435CCU7,262144,393216,cmsis,False,new,ArteryTek/artery.at32f435-0.1.1.mcupack
artery.at32f435,0.1.1,AT32F435RCT7,AT32F435RCT7,262144,393216,cmsis,False,new,ArteryTek/artery.at32f435-0.1.1.mcupack
artery.at32f435,0.1.1,AT32F435VCT7,AT32F435VCT7,262144,393216,cmsis,False,new,ArteryTek/artery.at32f435-0.1.1.mcupack
artery.at32f435,0.1.1,AT32F435VCH7,AT32F435VCH7,262144,393216,cmsis,False,new,ArteryTek/artery.at32f435-0.1.1.mcupack
artery.at32f435,0.1.1,AT32F435ZCT7,AT32F435ZCT7,262144,393216,cmsis,False,new,ArteryTek/artery.at32f435-0.1.1.mcupack
artery.at32f435,0.1.1,AT32F435CDT7,AT32F435CDT7,458752,393216,cmsis,False,new,ArteryTek/artery.at32f435-0.1.1.mcupack
artery.at32f435,0.1.1,AT32F435CDU7,AT32F435CDU7,458752,393216,cmsis,False,new,ArteryTek/artery.at32f435-0.1.1.mcupack
artery.at32f435,0.1.1,AT32F435RDT7,AT32F435RDT7,458752,393216,cmsis,False,new,ArteryTek/artery.at32f435-0.1.1.mcupack
artery.at32f435,0.1.1,AT32F435VDT7,AT32F435VDT7,458752,393216,cmsis,False,new,ArteryTek/artery.at32f435-0.1.1.mcupack
artery.at32f435,0.1.1,AT32F435VDH7,AT32F435VDH7,458752,393216,cmsis,False,new,ArteryTek/artery.at32f435-0.1.1.mcupack
artery.at32f435,0.1.1,AT32F435ZDT7,AT32F435ZDT7,458752,393216,cmsis,False,new,ArteryTek/artery.at32f435-0.1.1.mcupack
artery.at32f435,0.1.1,AT32F435CPT7,AT32F435CPT7,983040,393216,cmsis,False,new,ArteryTek/artery.at32f435-0.1.1.mcupack
artery.at32f435,0.1.1,AT32F435CPU7,AT32F435CPU7,983040,393216,cmsis,False,new,ArteryTek/artery.at32f435-0.1.1.mcupack
artery.at32f435,0.1.1,AT32F435RPT7,AT32F435RPT7,983040,393216,cmsis,False,new,ArteryTek/artery.at32f435-0.1.1.mcupack
artery.at32f435,0.1.1,AT32F435VPT7,AT32F435VPT7,983040,393216,cmsis,False,new,ArteryTek/artery.at32f435-0.1.1.mcupack
artery.at32f435,0.1.1,AT32F435ZPT7,AT32F435ZPT7,983040,393216,cmsis,False,new,ArteryTek/artery.at32f435-0.1.1.mcupack
artery.at32f435,0.1.1,AT32F435CGT7,AT32F435CGT7,1048576,393216,cmsis,False,new,ArteryTek/artery.at32f435-0.1.1.mcupack
artery.at32f435,0.1.1,AT32F435CGU7,AT32F435CGU7,1048576,393216,cmsis,False,new,ArteryTek/artery.at32f435-0.1.1.mcupack
artery.at32f435,0.1.1,AT32F435RGT7,AT32F435RGT7,1048576,393216,cmsis,False,new,ArteryTek/artery.at32f435-0.1.1.mcupack
artery.at32f435,0.1.1,AT32F435RGT7-7,AT32F435RGT7-7,1048576,393216,cmsis,False,new,ArteryTek/artery.at32f435-0.1.1.mcupack
artery.at32f435,0.1.1,AT32F435VGT7,AT32F435VGT7,1048576,393216,cmsis,False,new,ArteryTek/artery.at32f435-0.1.1.mcupack
artery.at32f435,0.1.1,AT32F435VGH7,AT32F435VGH7,1048576,393216,cmsis,False,new,ArteryTek/artery.at32f435-0.1.1.mcupack
artery.at32f435,0.1.1,AT32F435ZGT7,AT32F435ZGT7,1048576,393216,cmsis,False,new,ArteryTek/artery.at32f435-0.1.1.mcupack
artery.at32f435,0.1.1,AT32F435CMT7,AT32F435CMT7,4128768,393216,cmsis,False,new,ArteryTek/artery.at32f435-0.1.1.mcupack
artery.at32f435,0.1.1,AT32F435CMU7,AT32F435CMU7,4128768,393216,cmsis,False,new,ArteryTek/artery.at32f435-0.1.1.mcupack
artery.at32f435,0.1.1,AT32F435RMT7,AT32F435RMT7,4128768,393216,cmsis,False,new,ArteryTek/artery.at32f435-0.1.1.mcupack
artery.at32f435,0.1.1,AT32F435RMT7-7,AT32F435RMT7-7,4128768,393216,cmsis,False,new,ArteryTek/artery.at32f435-0.1.1.mcupack
artery.at32f435,0.1.1,AT32F435VMT7,AT32F435VMT7,4128768,393216,cmsis,False,new,ArteryTek/artery.at32f435-0.1.1.mcupack
artery.at32f435,0.1.1,AT32F435VMH7,AT32F435VMH7,4128768,393216,cmsis,False,new,ArteryTek/artery.at32f435-0.1.1.mcupack
artery.at32f435,0.1.1,AT32F435ZMT7,AT32F435ZMT7,4128768,393216,cmsis,False,new,ArteryTek/artery.at32f435-0.1.1.mcupack
artery.at32f437,0.1.1,AT32F437RCT7,AT32F437RCT7,262144,393216,cmsis,False,new,ArteryTek/artery.at32f437-0.1.1.mcupack
artery.at32f437,0.1.1,AT32F437VCT7,AT32F437VCT7,262144,393216,cmsis,False,new,ArteryTek/artery.at32f437-0.1.1.mcupack
artery.at32f437,0.1.1,AT32F437VCH7,AT32F437VCH7,262144,393216,cmsis,False,new,ArteryTek/artery.at32f437-0.1.1.mcupack
artery.at32f437,0.1.1,AT32F437ZCT7,AT32F437ZCT7,262144,393216,cmsis,False,new,ArteryTek/artery.at32f437-0.1.1.mcupack
artery.at32f437,0.1.1,AT32F437RDT7,AT32F437RDT7,458752,393216,cmsis,False,new,ArteryTek/artery.at32f437-0.1.1.mcupack
artery.at32f437,0.1.1,AT32F437VDT7,AT32F437VDT7,458752,393216,cmsis,False,new,ArteryTek/artery.at32f437-0.1.1.mcupack
artery.at32f437,0.1.1,AT32F437VDH7,AT32F437VDH7,458752,393216,cmsis,False,new,ArteryTek/artery.at32f437-0.1.1.mcupack
artery.at32f437,0.1.1,AT32F437ZDT7,AT32F437ZDT7,458752,393216,cmsis,False,new,ArteryTek/artery.at32f437-0.1.1.mcupack
artery.at32f437,0.1.1,AT32F437RPT7,AT32F437RPT7,983040,393216,cmsis,False,new,ArteryTek/artery.at32f437-0.1.1.mcupack
artery.at32f437,0.1.1,AT32F437VPT7,AT32F437VPT7,983040,393216,cmsis,False,new,ArteryTek/artery.at32f437-0.1.1.mcupack
artery.at32f437,0.1.1,AT32F437ZPT7,AT32F437ZPT7,983040,393216,cmsis,False,new,ArteryTek/artery.at32f437-0.1.1.mcupack
artery.at32f437,0.1.1,AT32F437RGT7,AT32F437RGT7,1048576,393216,cmsis,False,new,ArteryTek/artery.at32f437-0.1.1.mcupack
artery.at32f437,0.1.1,AT32F437VGT7,AT32F437VGT7,1048576,393216,cmsis,False,new,ArteryTek/artery.at32f437-0.1.1.mcupack
artery.at32f437,0.1.1,AT32F437VGH7,AT32F437VGH7,1048576,393216,cmsis,False,new,ArteryTek/artery.at32f437-0.1.1.mcupack
artery.at32f437,0.1.1,AT32F437ZGT7,AT32F437ZGT7,1048576,393216,cmsis,False,new,ArteryTek/artery.at32f437-0.1.1.mcupack
artery.at32f437,0.1.1,AT32F437RMT7,AT32F437RMT7,4128768,393216,cmsis,False,new,ArteryTek/artery.at32f437-0.1.1.mcupack
artery.at32f437,0.1.1,AT32F437VMT7,AT32F437VMT7,4128768,393216,cmsis,False,new,ArteryTek/artery.at32f437-0.1.1.mcupack
artery.at32f437,0.1.1,AT32F437VMH7,AT32F437VMH7,4128768,393216,cmsis,False,new,ArteryTek/artery.at32f437-0.1.1.mcupack
artery.at32f437,0.1.1,AT32F437ZMT7,AT32F437ZMT7,4128768,393216,cmsis,False,new,ArteryTek/artery.at32f437-0.1.1.mcupack
artery.at32f455,0.1.1,AT32F455CCT7,AT32F455CCT7,262144,110592,cmsis,False,new,ArteryTek/artery.at32f455-0.1.1.mcupack
artery.at32f455,0.1.1,AT32F455CET7,AT32F455CET7,524288,147456,cmsis,False,new,ArteryTek/artery.at32f455-0.1.1.mcupack
artery.at32f455,0.1.1,AT32F455CCU7,AT32F455CCU7,262144,110592,cmsis,False,new,ArteryTek/artery.at32f455-0.1.1.mcupack
artery.at32f455,0.1.1,AT32F455CEU7,AT32F455CEU7,524288,147456,cmsis,False,new,ArteryTek/artery.at32f455-0.1.1.mcupack
artery.at32f455,0.1.1,AT32F455RCT7,AT32F455RCT7,262144,110592,cmsis,False,new,ArteryTek/artery.at32f455-0.1.1.mcupack
artery.at32f455,0.1.1,AT32F455RET7,AT32F455RET7,524288,147456,cmsis,False,new,ArteryTek/artery.at32f455-0.1.1.mcupack
artery.at32f455,0.1.1,AT32F455VCT7,AT32F455VCT7,262144,110592,cmsis,False,new,ArteryTek/artery.at32f455-0.1.1.mcupack
artery.at32f455,0.1.1,AT32F455VET7,AT32F455VET7,524288,147456,cmsis,False,new,ArteryTek/artery.at32f455-0.1.1.mcupack
artery.at32f455,0.1.1,AT32F455ZCT7,AT32F455ZCT7,262144,110592,cmsis,False,new,ArteryTek/artery.at32f455-0.1.1.mcupack
artery.at32f455,0.1.1,AT32F455ZET7,AT32F455ZET7,524288,147456,cmsis,False,new,ArteryTek/artery.at32f455-0.1.1.mcupack
artery.at32f456,0.1.1,AT32F456CCT7,AT32F456CCT7,262144,110592,cmsis,False,new,ArteryTek/artery.at32f456-0.1.1.mcupack
artery.at32f456,0.1.1,AT32F456CET7,AT32F456CET7,524288,147456,cmsis,False,new,ArteryTek/artery.at32f456-0.1.1.mcupack
artery.at32f456,0.1.1,AT32F456CCU7,AT32F456CCU7,262144,110592,cmsis,False,new,ArteryTek/artery.at32f456-0.1.1.mcupack
artery.at32f456,0.1.1,AT32F456CEU7,AT32F456CEU7,524288,147456,cmsis,False,new,ArteryTek/artery.at32f456-0.1.1.mcupack
artery.at32f456,0.1.1,AT32F456RCT7,AT32F456RCT7,262144,110592,cmsis,False,new,ArteryTek/artery.at32f456-0.1.1.mcupack
artery.at32f456,0.1.1,AT32F456RET7,AT32F456RET7,524288,147456,cmsis,False,new,ArteryTek/artery.at32f456-0.1.1.mcupack
artery.at32f456,0.1.1,AT32F456VCT7,AT32F456VCT7,262144,110592,cmsis,False,new,ArteryTek/artery.at32f456-0.1.1.mcupack
artery.at32f456,0.1.1,AT32F456VET7,AT32F456VET7,524288,147456,cmsis,False,new,ArteryTek/artery.at32f456-0.1.1.mcupack
artery.at32f456,0.1.1,AT32F456ZCT7,AT32F456ZCT7,262144,110592,cmsis,False,new,ArteryTek/artery.at32f456-0.1.1.mcupack
artery.at32f456,0.1.1,AT32F456ZET7,AT32F456ZET7,524288,147456,cmsis,False,new,ArteryTek/artery.at32f456-0.1.1.mcupack
artery.at32f457,0.1.1,AT32F457RCT7,AT32F457RCT7,262144,110592,cmsis,False,new,ArteryTek/artery.at32f457-0.1.1.mcupack
artery.at32f457,0.1.1,AT32F457RET7,AT32F457RET7,524288,147456,cmsis,False,new,ArteryTek/artery.at32f457-0.1.1.mcupack
artery.at32f457,0.1.1,AT32F457VCT7,AT32F457VCT7,262144,110592,cmsis,False,new,ArteryTek/artery.at32f457-0.1.1.mcupack
artery.at32f457,0.1.1,AT32F457VET7,AT32F457VET7,524288,147456,cmsis,False,new,ArteryTek/artery.at32f457-0.1.1.mcupack
artery.at32f457,0.1.1,AT32F457ZCT7,AT32F457ZCT7,262144,110592,cmsis,False,new,ArteryTek/artery.at32f457-0.1.1.mcupack
artery.at32f457,0.1.1,AT32F457ZET7,AT32F457ZET7,524288,147456,cmsis,False,new,ArteryTek/artery.at32f457-0.1.1.mcupack
artery.at32f6221,0.1.1,AT32F6221CBT7,AT32F6221CBT7,131072,20480,cmsis,False,new,ArteryTek/artery.at32f6221-0.1.1.mcupack
artery.at32f6221,0.1.1,AT32F6221C8T7,AT32F6221C8T7,65536,20480,cmsis,False,new,ArteryTek/artery.at32f6221-0.1.1.mcupack
artery.at32f6221,0.1.1,AT32F6221CBU7,AT32F6221CBU7,131072,20480,cmsis,False,new,ArteryTek/artery.at32f6221-0.1.1.mcupack
artery.at32f6221,0.1.1,AT32F6221C8U7,AT32F6221C8U7,65536,20480,cmsis,False,new,ArteryTek/artery.at32f6221-0.1.1.mcupack
artery.at32f6221,0.1.1,AT32F6221FBP7,AT32F6221FBP7,131072,20480,cmsis,False,new,ArteryTek/artery.at32f6221-0.1.1.mcupack
artery.at32f6221,0.1.1,AT32F6221F8P7,AT32F6221F8P7,65536,20480,cmsis,False,new,ArteryTek/artery.at32f6221-0.1.1.mcupack
artery.at32f6221,0.1.1,AT32F6221GBU7-4,AT32F6221GBU7-4,131072,20480,cmsis,False,new,ArteryTek/artery.at32f6221-0.1.1.mcupack
artery.at32f6221,0.1.1,AT32F6221G8U7-4,AT32F6221G8U7-4,65536,20480,cmsis,False,new,ArteryTek/artery.at32f6221-0.1.1.mcupack
artery.at32f6221,0.1.1,AT32F6221KBT7,AT32F6221KBT7,131072,20480,cmsis,False,new,ArteryTek/artery.at32f6221-0.1.1.mcupack
artery.at32f6221,0.1.1,AT32F6221K8T7,AT32F6221K8T7,65536,20480,cmsis,False,new,ArteryTek/artery.at32f6221-0.1.1.mcupack
artery.at32f6221,0.1.1,AT32F6221KBU7,AT32F6221KBU7,131072,20480,cmsis,False,new,ArteryTek/artery.at32f6221-0.1.1.mcupack
artery.at32f6221,0.1.1,AT32F6221K8U7,AT32F6221K8U7,65536,20480,cmsis,False,new,ArteryTek/artery.at32f6221-0.1.1.mcupack
artery.at32f6221,0.1.1,AT32F6221KBU7-4,AT32F6221KBU7-4,131072,20480,cmsis,False,new,ArteryTek/artery.at32f6221-0.1.1.mcupack
artery.at32f6221,0.1.1,AT32F6221K8U7-4,AT32F6221K8U7-4,65536,20480,cmsis,False,new,ArteryTek/artery.at32f6221-0.1.1.mcupack
artery.at32l021,0.1.1,AT32L021C8T7,AT32L021C8T7,65536,9216,cmsis,False,new,ArteryTek/artery.at32l021-0.1.1.mcupack
artery.at32l021,0.1.1,AT32L021C6T7,AT32L021C6T7,32768,9216,cmsis,False,new,ArteryTek/artery.at32l021-0.1.1.mcupack
artery.at32l021,0.1.1,AT32L021C4T7,AT32L021C4T7,16384,9216,cmsis,False,new,ArteryTek/artery.at32l021-0.1.1.mcupack
artery.at32l021,0.1.1,AT32L021K8T7,AT32L021K8T7,65536,9216,cmsis,False,new,ArteryTek/artery.at32l021-0.1.1.mcupack
artery.at32l021,0.1.1,AT32L021K6T7,AT32L021K6T7,32768,9216,cmsis,False,new,ArteryTek/artery.at32l021-0.1.1.mcupack
artery.at32l021,0.1.1,AT32L021K4T7,AT32L021K4T7,16384,9216,cmsis,False,new,ArteryTek/artery.at32l021-0.1.1.mcupack
artery.at32l021,0.1.1,AT32L021K8U7,AT32L021K8U7,65536,9216,cmsis,False,new,ArteryTek/artery.at32l021-0.1.1.mcupack
artery.at32l021,0.1.1,AT32L021K6U7,AT32L021K6U7,32768,9216,cmsis,False,new,ArteryTek/artery.at32l021-0.1.1.mcupack
artery.at32l021,0.1.1,AT32L021K4U7,AT32L021K4U7,16384,9216,cmsis,False,new,ArteryTek/artery.at32l021-0.1.1.mcupack
artery.at32l021,0.1.1,AT32L021K8U7-4,AT32L021K8U7-4,65536,9216,cmsis,False,new,ArteryTek/artery.at32l021-0.1.1.mcupack
artery.at32l021,0.1.1,AT32L021K6U7-4,AT32L021K6U7-4,32768,9216,cmsis,False,new,ArteryTek/artery.at32l021-0.1.1.mcupack
artery.at32l021,0.1.1,AT32L021K4U7-4,AT32L021K4U7-4,16384,9216,cmsis,False,new,ArteryTek/artery.at32l021-0.1.1.mcupack
artery.at32l021,0.1.1,AT32L021F8U7,AT32L021F8U7,65536,9216,cmsis,False,new,ArteryTek/artery.at32l021-0.1.1.mcupack
artery.at32l021,0.1.1,AT32L021F6U7,AT32L021F6U7,32768,9216,cmsis,False,new,ArteryTek/artery.at32l021-0.1.1.mcupack
artery.at32l021,0.1.1,AT32L021F4U7,AT32L021F4U7,16384,9216,cmsis,False,new,ArteryTek/artery.at32l021-0.1.1.mcupack
artery.at32l021,0.1.1,AT32L021F8P7,AT32L021F8P7,65536,9216,cmsis,False,new,ArteryTek/artery.at32l021-0.1.1.mcupack
artery.at32l021,0.1.1,AT32L021F6P7,AT32L021F6P7,32768,9216,cmsis,False,new,ArteryTek/artery.at32l021-0.1.1.mcupack
artery.at32l021,0.1.1,AT32L021F4P7,AT32L021F4P7,16384,9216,cmsis,False,new,ArteryTek/artery.at32l021-0.1.1.mcupack
artery.at32l021,0.1.1,AT32L021G8U7,AT32L021G8U7,65536,9216,cmsis,False,new,ArteryTek/artery.at32l021-0.1.1.mcupack
artery.at32l021,0.1.1,AT32L021G6U7,AT32L021G6U7,32768,9216,cmsis,False,new,ArteryTek/artery.at32l021-0.1.1.mcupack
artery.at32l021,0.1.1,AT32L021G4U7,AT32L021G4U7,16384,9216,cmsis,False,new,ArteryTek/artery.at32l021-0.1.1.mcupack
artery.at32m412,0.1.1,AT32M412CBT7,AT32M412CBT7,131072,16384,cmsis,False,new,ArteryTek/artery.at32m412-0.1.1.mcupack
artery.at32m412,0.1.1,AT32M412C8T7,AT32M412C8T7,65536,16384,cmsis,False,new,ArteryTek/artery.at32m412-0.1.1.mcupack
artery.at32m412,0.1.1,AT32M412CBU7,AT32M412CBU7,131072,16384,cmsis,False,new,ArteryTek/artery.at32m412-0.1.1.mcupack
artery.at32m412,0.1.1,AT32M412C8U7,AT32M412C8U7,65536,16384,cmsis,False,new,ArteryTek/artery.at32m412-0.1.1.mcupack
artery.at32m412,0.1.1,AT32M412KBT7,AT32M412KBT7,131072,16384,cmsis,False,new,ArteryTek/artery.at32m412-0.1.1.mcupack
artery.at32m412,0.1.1,AT32M412K8T7,AT32M412K8T7,65536,16384,cmsis,False,new,ArteryTek/artery.at32m412-0.1.1.mcupack
artery.at32m412,0.1.1,AT32M412KBU7-4,AT32M412KBU7-4,131072,16384,cmsis,False,new,ArteryTek/artery.at32m412-0.1.1.mcupack
artery.at32m412,0.1.1,AT32M412K8U7-4,AT32M412K8U7-4,65536,16384,cmsis,False,new,ArteryTek/artery.at32m412-0.1.1.mcupack
artery.at32m416,0.1.1,AT32M416CBT7,AT32M416CBT7,131072,16384,cmsis,False,new,ArteryTek/artery.at32m416-0.1.1.mcupack
artery.at32m416,0.1.1,AT32M416C8T7,AT32M416C8T7,65536,16384,cmsis,False,new,ArteryTek/artery.at32m416-0.1.1.mcupack
artery.at32m416,0.1.1,AT32M416CBU7,AT32M416CBU7,131072,16384,cmsis,False,new,ArteryTek/artery.at32m416-0.1.1.mcupack
artery.at32m416,0.1.1,AT32M416C8U7,AT32M416C8U7,65536,16384,cmsis,False,new,ArteryTek/artery.at32m416-0.1.1.mcupack
artery.at32m416,0.1.1,AT32M416KBT7,AT32M416KBT7,131072,16384,cmsis,False,new,ArteryTek/artery.at32m416-0.1.1.mcupack
artery.at32m416,0.1.1,AT32M416K8T7,AT32M416K8T7,65536,16384,cmsis,False,new,ArteryTek/artery.at32m416-0.1.1.mcupack
artery.at32m416,0.1.1,AT32M416KBU7-4,AT32M416KBU7-4,131072,16384,cmsis,False,new,ArteryTek/artery.at32m416-0.1.1.mcupack
artery.at32m416,0.1.1,AT32M416K8U7-4,AT32M416K8U7-4,65536,16384,cmsis,False,new,ArteryTek/artery.at32m416-0.1.1.mcupack
artery.at32wb415,0.1.1,AT32WB415CCU7-7,AT32WB415CCU7-7,262144,32768,cmsis,False,new,ArteryTek/artery.at32wb415-0.1.1.mcupack
geehy.apm32f030,0.1.1,APM32F030F4,APM32F030F4,16384,8192,cmsis,False,new,Geehy/geehy.apm32f030-0.1.1.mcupack
geehy.apm32f030,0.1.1,APM32F030F6,APM32F030F6,32768,8192,cmsis,False,new,Geehy/geehy.apm32f030-0.1.1.mcupack
geehy.apm32f030,0.1.1,APM32F030F8,APM32F030F8,65536,8192,cmsis,False,new,Geehy/geehy.apm32f030-0.1.1.mcupack
geehy.apm32f030,0.1.1,APM32F030G4,APM32F030G4,16384,8192,cmsis,False,new,Geehy/geehy.apm32f030-0.1.1.mcupack
geehy.apm32f030,0.1.1,APM32F030G6,APM32F030G6,32768,8192,cmsis,False,new,Geehy/geehy.apm32f030-0.1.1.mcupack
geehy.apm32f030,0.1.1,APM32F030G8,APM32F030G8,65536,8192,cmsis,False,new,Geehy/geehy.apm32f030-0.1.1.mcupack
geehy.apm32f030,0.1.1,APM32F030K6,APM32F030K6,32768,8192,cmsis,False,new,Geehy/geehy.apm32f030-0.1.1.mcupack
geehy.apm32f030,0.1.1,APM32F030C6,APM32F030C6,32768,8192,cmsis,False,new,Geehy/geehy.apm32f030-0.1.1.mcupack
geehy.apm32f030,0.1.1,APM32F030K8,APM32F030K8,65536,8192,cmsis,False,new,Geehy/geehy.apm32f030-0.1.1.mcupack
geehy.apm32f030,0.1.1,APM32F030C8,APM32F030C8,65536,8192,cmsis,False,new,Geehy/geehy.apm32f030-0.1.1.mcupack
geehy.apm32f030,0.1.1,APM32F030R8,APM32F030R8,65536,8192,cmsis,False,new,Geehy/geehy.apm32f030-0.1.1.mcupack
geehy.apm32f030,0.1.1,APM32F030CC,APM32F030CC,262144,32768,cmsis,False,new,Geehy/geehy.apm32f030-0.1.1.mcupack
geehy.apm32f030,0.1.1,APM32F030RC,APM32F030RC,262144,32768,cmsis,False,new,Geehy/geehy.apm32f030-0.1.1.mcupack
geehy.apm32f051,0.1.1,APM32F051K6,APM32F051K6,32768,8192,cmsis,False,new,Geehy/geehy.apm32f051-0.1.1.mcupack
geehy.apm32f051,0.1.1,APM32F051K8,APM32F051K8,65536,8192,cmsis,False,new,Geehy/geehy.apm32f051-0.1.1.mcupack
geehy.apm32f051,0.1.1,APM32F051C6,APM32F051C6,32768,8192,cmsis,False,new,Geehy/geehy.apm32f051-0.1.1.mcupack
geehy.apm32f051,0.1.1,APM32F051C8,APM32F051C8,65536,8192,cmsis,False,new,Geehy/geehy.apm32f051-0.1.1.mcupack
geehy.apm32f051,0.1.1,APM32F051R6,APM32F051R6,32768,8192,cmsis,False,new,Geehy/geehy.apm32f051-0.1.1.mcupack
geehy.apm32f051,0.1.1,APM32F051R8,APM32F051R8,65536,8192,cmsis,False,new,Geehy/geehy.apm32f051-0.1.1.mcupack
geehy.apm32f072,0.1.1,APM32F072VB,APM32F072VB,131072,16384,cmsis,False,new,Geehy/geehy.apm32f072-0.1.1.mcupack
geehy.apm32f072,0.1.1,APM32F072V8,APM32F072V8,65536,16384,cmsis,False,new,Geehy/geehy.apm32f072-0.1.1.mcupack
geehy.apm32f072,0.1.1,APM32F072RB,APM32F072RB,131072,16384,cmsis,False,new,Geehy/geehy.apm32f072-0.1.1.mcupack
geehy.apm32f072,0.1.1,APM32F072R8,APM32F072R8,65536,16384,cmsis,False,new,Geehy/geehy.apm32f072-0.1.1.mcupack
geehy.apm32f072,0.1.1,APM32F072CB,APM32F072CB,131072,16384,cmsis,False,new,Geehy/geehy.apm32f072-0.1.1.mcupack
geehy.apm32f072,0.1.1,APM32F072C8,APM32F072C8,65536,16384,cmsis,False,new,Geehy/geehy.apm32f072-0.1.1.mcupack
geehy.apm32f091,0.1.1,APM32F091CB,APM32F091CB,131072,32768,cmsis,False,new,Geehy/geehy.apm32f091-0.1.1.mcupack
geehy.apm32f091,0.1.1,APM32F091RB,APM32F091RB,131072,32768,cmsis,False,new,Geehy/geehy.apm32f091-0.1.1.mcupack
geehy.apm32f091,0.1.1,APM32F091VB,APM32F091VB,131072,32768,cmsis,False,new,Geehy/geehy.apm32f091-0.1.1.mcupack
geehy.apm32f091,0.1.1,APM32F091CC,APM32F091CC,262144,32768,cmsis,False,new,Geehy/geehy.apm32f091-0.1.1.mcupack
geehy.apm32f091,0.1.1,APM32F091RC,APM32F091RC,262144,32768,cmsis,False,new,Geehy/geehy.apm32f091-0.1.1.mcupack
geehy.apm32f091,0.1.1,APM32F091VC,APM32F091VC,262144,32768,cmsis,False,new,Geehy/geehy.apm32f091-0.1.1.mcupack
geehy.apm32f103,0.1.1,APM32F103RC,APM32F103RC,262144,65536,cmsis,False,new,Geehy/geehy.apm32f103-0.1.1.mcupack
geehy.apm32f103,0.1.1,APM32F103RD,APM32F103RD,393216,65536,cmsis,False,new,Geehy/geehy.apm32f103-0.1.1.mcupack
geehy.apm32f103,0.1.1,APM32F103RE,APM32F103RE,524288,131072,cmsis,False,new,Geehy/geehy.apm32f103-0.1.1.mcupack
geehy.apm32f103,0.1.1,APM32F103VC,APM32F103VC,262144,65536,cmsis,False,new,Geehy/geehy.apm32f103-0.1.1.mcupack
geehy.apm32f103,0.1.1,APM32F103VD,APM32F103VD,393216,65536,cmsis,False,new,Geehy/geehy.apm32f103-0.1.1.mcupack
geehy.apm32f103,0.1.1,APM32F103VE,APM32F103VE,524288,131072,cmsis,False,new,Geehy/geehy.apm32f103-0.1.1.mcupack
geehy.apm32f103,0.1.1,APM32F103ZC,APM32F103ZC,262144,65536,cmsis,False,new,Geehy/geehy.apm32f103-0.1.1.mcupack
geehy.apm32f103,0.1.1,APM32F103ZD,APM32F103ZD,393216,65536,cmsis,False,new,Geehy/geehy.apm32f103-0.1.1.mcupack
geehy.apm32f103,0.1.1,APM32F103ZE,APM32F103ZE,524288,131072,cmsis,False,new,Geehy/geehy.apm32f103-0.1.1.mcupack
geehy.apm32f103,0.1.1,APM32F103VB,APM32F103VB,131072,20480,cmsis,False,new,Geehy/geehy.apm32f103-0.1.1.mcupack
geehy.apm32f103,0.1.1,APM32F103V8,APM32F103V8,65536,20480,cmsis,False,new,Geehy/geehy.apm32f103-0.1.1.mcupack
geehy.apm32f103,0.1.1,APM32F103RB,APM32F103RB,131072,20480,cmsis,False,new,Geehy/geehy.apm32f103-0.1.1.mcupack
geehy.apm32f103,0.1.1,APM32F103R8,APM32F103R8,65536,20480,cmsis,False,new,Geehy/geehy.apm32f103-0.1.1.mcupack
geehy.apm32f103,0.1.1,APM32F103R6,APM32F103R6,32768,10240,cmsis,False,new,Geehy/geehy.apm32f103-0.1.1.mcupack
geehy.apm32f103,0.1.1,APM32F103R4,APM32F103R4,16384,6144,cmsis,False,new,Geehy/geehy.apm32f103-0.1.1.mcupack
geehy.apm32f103,0.1.1,APM32F103CB,APM32F103CB,131072,20480,cmsis,False,new,Geehy/geehy.apm32f103-0.1.1.mcupack
geehy.apm32f103,0.1.1,APM32F103C8,APM32F103C8,65536,20480,cmsis,False,new,Geehy/geehy.apm32f103-0.1.1.mcupack
geehy.apm32f103,0.1.1,APM32F103C6,APM32F103C6,32768,10240,cmsis,False,new,Geehy/geehy.apm32f103-0.1.1.mcupack
geehy.apm32f103,0.1.1,APM32F103C4,APM32F103C4,16384,6144,cmsis,False,new,Geehy/geehy.apm32f103-0.1.1.mcupack
geehy.apm32f103,0.1.1,APM32F103TB,APM32F103TB,131072,20480,cmsis,False,new,Geehy/geehy.apm32f103-0.1.1.mcupack
geehy.apm32f103,0.1.1,APM32F103T8,APM32F103T8,65536,20480,cmsis,False,new,Geehy/geehy.apm32f103-0.1.1.mcupack
geehy.apm32f103,0.1.1,APM32F103T6,APM32F103T6,32768,10240,cmsis,False,new,Geehy/geehy.apm32f103-0.1.1.mcupack
geehy.apm32f103,0.1.1,APM32F103T4,APM32F103T4,16384,6144,cmsis,False,new,Geehy/geehy.apm32f103-0.1.1.mcupack
geehy.apm32f103,0.1.1,APM32F103CC,APM32F103CC,262144,65536,cmsis,False,new,Geehy/geehy.apm32f103-0.1.1.mcupack
geehy.apm32f105,0.1.1,APM32F105RC,APM32F105RC,262144,65536,cmsis,False,new,Geehy/geehy.apm32f105-0.1.1.mcupack
geehy.apm32f105,0.1.1,APM32F105VC,APM32F105VC,262144,65536,cmsis,False,new,Geehy/geehy.apm32f105-0.1.1.mcupack
geehy.apm32f105,0.1.1,APM32F105VB,APM32F105VB,131072,65536,cmsis,False,new,Geehy/geehy.apm32f105-0.1.1.mcupack
geehy.apm32f105,0.1.1,APM32F105RB,APM32F105RB,131072,65536,cmsis,False,new,Geehy/geehy.apm32f105-0.1.1.mcupack
geehy.apm32f107,0.1.1,APM32F107RC,APM32F107RC,262144,65536,cmsis,False,new,Geehy/geehy.apm32f107-0.1.1.mcupack
geehy.apm32f107,0.1.1,APM32F107VC,APM32F107VC,262144,65536,cmsis,False,new,Geehy/geehy.apm32f107-0.1.1.mcupack
geehy.apm32f107,0.1.1,APM32F107VB,APM32F107VB,131072,65536,cmsis,False,new,Geehy/geehy.apm32f107-0.1.1.mcupack
geehy.apm32f107,0.1.1,APM32F107RB,APM32F107RB,131072,65536,cmsis,False,new,Geehy/geehy.apm32f107-0.1.1.mcupack
geehy.apm32f402,0.1.1,APM32F402TB,APM32F402TB,131072,32768,cmsis,False,new,Geehy/geehy.apm32f402-0.1.1.mcupack
geehy.apm32f402,0.1.1,APM32F402CB,APM32F402CB,131072,32768,cmsis,False,new,Geehy/geehy.apm32f402-0.1.1.mcupack
geehy.apm32f402,0.1.1,APM32F402RB,APM32F402RB,131072,32768,cmsis,False,new,Geehy/geehy.apm32f402-0.1.1.mcupack
geehy.apm32f403,0.1.1,APM32F403TB,APM32F403TB,131072,32768,cmsis,False,new,Geehy/geehy.apm32f403-0.1.1.mcupack
geehy.apm32f403,0.1.1,APM32F403CB,APM32F403CB,131072,32768,cmsis,False,new,Geehy/geehy.apm32f403-0.1.1.mcupack
geehy.apm32f403,0.1.1,APM32F403RB,APM32F403RB,131072,32768,cmsis,False,new,Geehy/geehy.apm32f403-0.1.1.mcupack
geehy.apm32f405,0.1.1,APM32F405RG,APM32F405RG,1048576,131072,cmsis,False,new,Geehy/geehy.apm32f405-0.1.1.mcupack
geehy.apm32f405,0.1.1,APM32F405VG,APM32F405VG,1048576,131072,cmsis,False,new,Geehy/geehy.apm32f405-0.1.1.mcupack
geehy.apm32f405,0.1.1,APM32F405ZG,APM32F405ZG,1048576,131072,cmsis,False,new,Geehy/geehy.apm32f405-0.1.1.mcupack
geehy.apm32f407,0.1.1,APM32F407RE,APM32F407RE,524288,131072,cmsis,False,new,Geehy/geehy.apm32f407-0.1.1.mcupack
geehy.apm32f407,0.1.1,APM32F407VE,APM32F407VE,524288,131072,cmsis,False,new,Geehy/geehy.apm32f407-0.1.1.mcupack
geehy.apm32f407,0.1.1,APM32F407ZE,APM32F407ZE,524288,131072,cmsis,False,new,Geehy/geehy.apm32f407-0.1.1.mcupack
geehy.apm32f407,0.1.1,APM32F407IE,APM32F407IE,524288,131072,cmsis,False,new,Geehy/geehy.apm32f407-0.1.1.mcupack
geehy.apm32f407,0.1.1,APM32F407RG,APM32F407RG,1048576,131072,cmsis,False,new,Geehy/geehy.apm32f407-0.1.1.mcupack
geehy.apm32f407,0.1.1,APM32F407VG,APM32F407VG,1048576,131072,cmsis,False,new,Geehy/geehy.apm32f407-0.1.1.mcupack
geehy.apm32f407,0.1.1,APM32F407ZG,APM32F407ZG,1048576,131072,cmsis,False,new,Geehy/geehy.apm32f407-0.1.1.mcupack
geehy.apm32f407,0.1.1,APM32F407IG,APM32F407IG,1048576,131072,cmsis,False,new,Geehy/geehy.apm32f407-0.1.1.mcupack
geehy.apm32f411,0.1.1,APM32F411VC,APM32F411VC,262144,131072,cmsis,False,new,Geehy/geehy.apm32f411-0.1.1.mcupack
geehy.apm32f411,0.1.1,APM32F411VE,APM32F411VE,524288,131072,cmsis,False,new,Geehy/geehy.apm32f411-0.1.1.mcupack
geehy.apm32f411,0.1.1,APM32F411RC,APM32F411RC,262144,131072,cmsis,False,new,Geehy/geehy.apm32f411-0.1.1.mcupack
geehy.apm32f411,0.1.1,APM32F411RE,APM32F411RE,524288,131072,cmsis,False,new,Geehy/geehy.apm32f411-0.1.1.mcupack
geehy.apm32f411,0.1.1,APM32F411CC,APM32F411CC,262144,131072,cmsis,False,new,Geehy/geehy.apm32f411-0.1.1.mcupack
geehy.apm32f411,0.1.1,APM32F411CE,APM32F411CE,524288,131072,cmsis,False,new,Geehy/geehy.apm32f411-0.1.1.mcupack
geehy.apm32f415,0.1.1,APM32F415RG,APM32F415RG,1048576,131072,cmsis,False,new,Geehy/geehy.apm32f415-0.1.1.mcupack
geehy.apm32f415,0.1.1,APM32F415VG,APM32F415VG,1048576,131072,cmsis,False,new,Geehy/geehy.apm32f415-0.1.1.mcupack
geehy.apm32f415,0.1.1,APM32F415ZG,APM32F415ZG,1048576,131072,cmsis,False,new,Geehy/geehy.apm32f415-0.1.1.mcupack
geehy.apm32f417,0.1.1,APM32F417VE,APM32F417VE,524288,131072,cmsis,False,new,Geehy/geehy.apm32f417-0.1.1.mcupack
geehy.apm32f417,0.1.1,APM32F417ZE,APM32F417ZE,524288,131072,cmsis,False,new,Geehy/geehy.apm32f417-0.1.1.mcupack
geehy.apm32f417,0.1.1,APM32F417IE,APM32F417IE,524288,131072,cmsis,False,new,Geehy/geehy.apm32f417-0.1.1.mcupack
geehy.apm32f417,0.1.1,APM32F417VG,APM32F417VG,1048576,131072,cmsis,False,new,Geehy/geehy.apm32f417-0.1.1.mcupack
geehy.apm32f417,0.1.1,APM32F417ZG,APM32F417ZG,1048576,131072,cmsis,False,new,Geehy/geehy.apm32f417-0.1.1.mcupack
geehy.apm32f417,0.1.1,APM32F417IG,APM32F417IG,1048576,131072,cmsis,False,new,Geehy/geehy.apm32f417-0.1.1.mcupack
geehy.apm32f423,0.1.1,APM32F423ZG,APM32F423ZG,1048576,327680,cmsis,False,new,Geehy/geehy.apm32f423-0.1.1.mcupack
geehy.apm32f423,0.1.1,APM32F423VG,APM32F423VG,1048576,327680,cmsis,False,new,Geehy/geehy.apm32f423-0.1.1.mcupack
geehy.apm32f423,0.1.1,APM32F423RG,APM32F423RG,1048576,327680,cmsis,False,new,Geehy/geehy.apm32f423-0.1.1.mcupack
geehy.apm32f423,0.1.1,APM32F423CG,APM32F423CG,1048576,327680,cmsis,False,new,Geehy/geehy.apm32f423-0.1.1.mcupack
geehy.apm32f425,0.1.1,APM32F425ZG,APM32F425ZG,1048576,131072,cmsis,False,new,Geehy/geehy.apm32f425-0.1.1.mcupack
geehy.apm32f425,0.1.1,APM32F425VG,APM32F425VG,1048576,131072,cmsis,False,new,Geehy/geehy.apm32f425-0.1.1.mcupack
geehy.apm32f425,0.1.1,APM32F425RG,APM32F425RG,1048576,131072,cmsis,False,new,Geehy/geehy.apm32f425-0.1.1.mcupack
geehy.apm32f425,0.1.1,APM32F425CG,APM32F425CG,1048576,131072,cmsis,False,new,Geehy/geehy.apm32f425-0.1.1.mcupack
geehy.apm32f427,0.1.1,APM32F427ZG,APM32F427ZG,1048576,393216,cmsis,False,new,Geehy/geehy.apm32f427-0.1.1.mcupack
geehy.apm32f427,0.1.1,APM32F427VG,APM32F427VG,1048576,393216,cmsis,False,new,Geehy/geehy.apm32f427-0.1.1.mcupack
geehy.apm32f427,0.1.1,APM32F427RG,APM32F427RG,1048576,393216,cmsis,False,new,Geehy/geehy.apm32f427-0.1.1.mcupack
geehy.apm32f427,0.1.1,APM32F427CG,APM32F427CG,1048576,393216,cmsis,False,new,Geehy/geehy.apm32f427-0.1.1.mcupack
geehy.apm32f465,0.1.1,APM32F465VE,APM32F465VE,524288,131072,cmsis,False,new,Geehy/geehy.apm32f465-0.1.1.mcupack
geehy.apm32f465,0.1.1,APM32F465RE,APM32F465RE,524288,131072,cmsis,False,new,Geehy/geehy.apm32f465-0.1.1.mcupack
gigadevice.gd32c10x,0.1.0,GD32C103TB,GD32C103TB · 128K Flash / 32K SRAM,131072,32768,spl,False,existing,GigaDevice/gigadevice.gd32c10x-0.1.0.mcupack
gigadevice.gd32c10x,0.1.0,GD32C103CB,GD32C103CB · 128K Flash / 32K SRAM,131072,32768,spl,False,existing,GigaDevice/gigadevice.gd32c10x-0.1.0.mcupack
gigadevice.gd32c10x,0.1.0,GD32C103RB,GD32C103RB · 128K Flash / 32K SRAM,131072,32768,spl,False,existing,GigaDevice/gigadevice.gd32c10x-0.1.0.mcupack
gigadevice.gd32c10x,0.1.0,GD32C103VB,GD32C103VB · 128K Flash / 32K SRAM,131072,32768,spl,False,existing,GigaDevice/gigadevice.gd32c10x-0.1.0.mcupack
gigadevice.gd32e10x,0.1.0,GD32E103T8,GD32E103T8 · 64K Flash / 20K SRAM,65536,20480,spl,False,existing,GigaDevice/gigadevice.gd32e10x-0.1.0.mcupack
gigadevice.gd32e10x,0.1.0,GD32E103TB,GD32E103TB · 128K Flash / 32K SRAM,131072,32768,spl,False,existing,GigaDevice/gigadevice.gd32e10x-0.1.0.mcupack
gigadevice.gd32e10x,0.1.0,GD32E103C8,GD32E103C8 · 64K Flash / 20K SRAM,65536,20480,spl,False,existing,GigaDevice/gigadevice.gd32e10x-0.1.0.mcupack
gigadevice.gd32e10x,0.1.0,GD32E103CB,GD32E103CB · 128K Flash / 32K SRAM,131072,32768,spl,False,existing,GigaDevice/gigadevice.gd32e10x-0.1.0.mcupack
gigadevice.gd32e10x,0.1.0,GD32E103R8,GD32E103R8 · 64K Flash / 20K SRAM,65536,20480,spl,False,existing,GigaDevice/gigadevice.gd32e10x-0.1.0.mcupack
gigadevice.gd32e10x,0.1.0,GD32E103RB,GD32E103RB · 128K Flash / 32K SRAM,131072,32768,spl,False,existing,GigaDevice/gigadevice.gd32e10x-0.1.0.mcupack
gigadevice.gd32e10x,0.1.0,GD32E103V8,GD32E103V8 · 64K Flash / 20K SRAM,65536,20480,spl,False,existing,GigaDevice/gigadevice.gd32e10x-0.1.0.mcupack
gigadevice.gd32e10x,0.1.0,GD32E103VB,GD32E103VB · 128K Flash / 32K SRAM,131072,32768,spl,False,existing,GigaDevice/gigadevice.gd32e10x-0.1.0.mcupack
gigadevice.gd32e23x,0.1.0,GD32E230C8,GD32E230C8 · 64K Flash / 8K SRAM,65536,8192,spl,False,existing,GigaDevice/gigadevice.gd32e23x-0.1.0.mcupack
gigadevice.gd32e23x,0.1.0,GD32E230C6,GD32E230C6 · 32K Flash / 6K SRAM,32768,6144,spl,False,existing,GigaDevice/gigadevice.gd32e23x-0.1.0.mcupack
gigadevice.gd32e23x,0.1.0,GD32E230C4,GD32E230C4 · 16K Flash / 4K SRAM,16384,4096,spl,False,existing,GigaDevice/gigadevice.gd32e23x-0.1.0.mcupack
gigadevice.gd32e23x,0.1.0,GD32E230K8,GD32E230K8 · 64K Flash / 8K SRAM,65536,8192,spl,False,existing,GigaDevice/gigadevice.gd32e23x-0.1.0.mcupack
gigadevice.gd32e23x,0.1.0,GD32E230K6,GD32E230K6 · 32K Flash / 6K SRAM,32768,6144,spl,False,existing,GigaDevice/gigadevice.gd32e23x-0.1.0.mcupack
gigadevice.gd32e23x,0.1.0,GD32E230K4,GD32E230K4 · 16K Flash / 4K SRAM,16384,4096,spl,False,existing,GigaDevice/gigadevice.gd32e23x-0.1.0.mcupack
gigadevice.gd32e23x,0.1.0,GD32E230G8,GD32E230G8 · 64K Flash / 8K SRAM,65536,8192,spl,False,existing,GigaDevice/gigadevice.gd32e23x-0.1.0.mcupack
gigadevice.gd32e23x,0.1.0,GD32E230G6,GD32E230G6 · 32K Flash / 6K SRAM,32768,6144,spl,False,existing,GigaDevice/gigadevice.gd32e23x-0.1.0.mcupack
gigadevice.gd32e23x,0.1.0,GD32E230G4,GD32E230G4 · 16K Flash / 4K SRAM,16384,4096,spl,False,existing,GigaDevice/gigadevice.gd32e23x-0.1.0.mcupack
gigadevice.gd32e23x,0.1.0,GD32E230F8,GD32E230F8 · 64K Flash / 8K SRAM,65536,8192,spl,False,existing,GigaDevice/gigadevice.gd32e23x-0.1.0.mcupack
gigadevice.gd32e23x,0.1.0,GD32E230F6,GD32E230F6 · 32K Flash / 6K SRAM,32768,6144,spl,False,existing,GigaDevice/gigadevice.gd32e23x-0.1.0.mcupack
gigadevice.gd32e23x,0.1.0,GD32E230F4,GD32E230F4 · 16K Flash / 4K SRAM,16384,4096,spl,False,existing,GigaDevice/gigadevice.gd32e23x-0.1.0.mcupack
gigadevice.gd32e23x,0.1.0,GD32E231C4,GD32E231C4 · 16K Flash / 4K SRAM,16384,4096,spl,False,existing,GigaDevice/gigadevice.gd32e23x-0.1.0.mcupack
gigadevice.gd32e23x,0.1.0,GD32E231C6,GD32E231C6 · 32K Flash / 6K SRAM,32768,6144,spl,False,existing,GigaDevice/gigadevice.gd32e23x-0.1.0.mcupack
gigadevice.gd32e23x,0.1.0,GD32E231C8,GD32E231C8 · 64K Flash / 8K SRAM,65536,8192,spl,False,existing,GigaDevice/gigadevice.gd32e23x-0.1.0.mcupack
gigadevice.gd32e50x,0.1.0,GD32E503CC,GD32E503CC · 256K Flash / 96K SRAM,262144,98304,spl,False,existing,GigaDevice/gigadevice.gd32e50x-0.1.0.mcupack
gigadevice.gd32e50x,0.1.0,GD32E503CE,GD32E503CE · 512K Flash / 128K SRAM,524288,131072,spl,False,existing,GigaDevice/gigadevice.gd32e50x-0.1.0.mcupack
gigadevice.gd32e50x,0.1.0,GD32E503RC,GD32E503RC · 256K Flash / 96K SRAM,262144,98304,spl,False,existing,GigaDevice/gigadevice.gd32e50x-0.1.0.mcupack
gigadevice.gd32e50x,0.1.0,GD32E503RE,GD32E503RE · 512K Flash / 128K SRAM,524288,131072,spl,False,existing,GigaDevice/gigadevice.gd32e50x-0.1.0.mcupack
gigadevice.gd32e50x,0.1.0,GD32E503VC,GD32E503VC · 256K Flash / 96K SRAM,262144,98304,spl,False,existing,GigaDevice/gigadevice.gd32e50x-0.1.0.mcupack
gigadevice.gd32e50x,0.1.0,GD32E503VE,GD32E503VE · 512K Flash / 128K SRAM,524288,131072,spl,False,existing,GigaDevice/gigadevice.gd32e50x-0.1.0.mcupack
gigadevice.gd32e50x,0.1.0,GD32E503ZC,GD32E503ZC · 256K Flash / 96K SRAM,262144,98304,spl,False,existing,GigaDevice/gigadevice.gd32e50x-0.1.0.mcupack
gigadevice.gd32e50x,0.1.0,GD32E503ZE,GD32E503ZE · 512K Flash / 96K SRAM,524288,98304,spl,False,existing,GigaDevice/gigadevice.gd32e50x-0.1.0.mcupack
gigadevice.gd32e50x,0.1.0,GD32E505RB,GD32E505RB · 128K Flash / 80K SRAM,131072,81920,spl,False,existing,GigaDevice/gigadevice.gd32e50x-0.1.0.mcupack
gigadevice.gd32e50x,0.1.0,GD32E505RC,GD32E505RC · 256K Flash / 96K SRAM,262144,98304,spl,False,existing,GigaDevice/gigadevice.gd32e50x-0.1.0.mcupack
gigadevice.gd32e50x,0.1.0,GD32E505RE,GD32E505RE · 512K Flash / 128K SRAM,524288,131072,spl,False,existing,GigaDevice/gigadevice.gd32e50x-0.1.0.mcupack
gigadevice.gd32e50x,0.1.0,GD32E505VC,GD32E505VC · 256K Flash / 96K SRAM,262144,98304,spl,False,existing,GigaDevice/gigadevice.gd32e50x-0.1.0.mcupack
gigadevice.gd32e50x,0.1.0,GD32E505VE,GD32E505VE · 512K Flash / 128K SRAM,524288,131072,spl,False,existing,GigaDevice/gigadevice.gd32e50x-0.1.0.mcupack
gigadevice.gd32e50x,0.1.0,GD32E505ZC,GD32E505ZC · 256K Flash / 96K SRAM,262144,98304,spl,False,existing,GigaDevice/gigadevice.gd32e50x-0.1.0.mcupack
gigadevice.gd32e50x,0.1.0,GD32E505ZE,GD32E505ZE · 512K Flash / 128K SRAM,524288,131072,spl,False,existing,GigaDevice/gigadevice.gd32e50x-0.1.0.mcupack
gigadevice.gd32e50x,0.1.0,GD32E507RC,GD32E507RC · 256K Flash / 96K SRAM,262144,98304,spl,False,existing,GigaDevice/gigadevice.gd32e50x-0.1.0.mcupack
gigadevice.gd32e50x,0.1.0,GD32E507RE,GD32E507RE · 512K Flash / 128K SRAM,524288,131072,spl,False,existing,GigaDevice/gigadevice.gd32e50x-0.1.0.mcupack
gigadevice.gd32e50x,0.1.0,GD32E507VC,GD32E507VC · 256K Flash / 96K SRAM,262144,98304,spl,False,existing,GigaDevice/gigadevice.gd32e50x-0.1.0.mcupack
gigadevice.gd32e50x,0.1.0,GD32E507VE,GD32E507VE · 512K Flash / 128K SRAM,524288,131072,spl,False,existing,GigaDevice/gigadevice.gd32e50x-0.1.0.mcupack
gigadevice.gd32e50x,0.1.0,GD32E507ZC,GD32E507ZC · 256K Flash / 96K SRAM,262144,98304,spl,False,existing,GigaDevice/gigadevice.gd32e50x-0.1.0.mcupack
gigadevice.gd32e50x,0.1.0,GD32E507ZE,GD32E507ZE · 512K Flash / 128K SRAM,524288,131072,spl,False,existing,GigaDevice/gigadevice.gd32e50x-0.1.0.mcupack
gigadevice.gd32e50x,0.1.0,GD32E508RE,GD32E508RE · 512K Flash / 128K SRAM,524288,131072,spl,False,existing,GigaDevice/gigadevice.gd32e50x-0.1.0.mcupack
gigadevice.gd32e50x,0.1.0,GD32E508VE,GD32E508VE · 512K Flash / 128K SRAM,524288,131072,spl,False,existing,GigaDevice/gigadevice.gd32e50x-0.1.0.mcupack
gigadevice.gd32e50x,0.1.0,GD32E508ZE,GD32E508ZE · 512K Flash / 128K SRAM,524288,131072,spl,False,existing,GigaDevice/gigadevice.gd32e50x-0.1.0.mcupack
gigadevice.gd32f10x,0.1.0,GD32F101T4,GD32F101T4 · 16K Flash / 4K SRAM,16384,4096,spl,False,existing,GigaDevice/gigadevice.gd32f10x-0.1.0.mcupack
gigadevice.gd32f10x,0.1.0,GD32F101T6,GD32F101T6 · 32K Flash / 6K SRAM,32768,6144,spl,False,existing,GigaDevice/gigadevice.gd32f10x-0.1.0.mcupack
gigadevice.gd32f10x,0.1.0,GD32F101T8,GD32F101T8 · 64K Flash / 10K SRAM,65536,10240,spl,False,existing,GigaDevice/gigadevice.gd32f10x-0.1.0.mcupack
gigadevice.gd32f10x,0.1.0,GD32F101TB,GD32F101TB · 128K Flash / 16K SRAM,131072,16384,spl,False,existing,GigaDevice/gigadevice.gd32f10x-0.1.0.mcupack
gigadevice.gd32f10x,0.1.0,GD32F101C4,GD32F101C4 · 16K Flash / 4K SRAM,16384,4096,spl,False,existing,GigaDevice/gigadevice.gd32f10x-0.1.0.mcupack
gigadevice.gd32f10x,0.1.0,GD32F101C6,GD32F101C6 · 32K Flash / 6K SRAM,32768,6144,spl,False,existing,GigaDevice/gigadevice.gd32f10x-0.1.0.mcupack
gigadevice.gd32f10x,0.1.0,GD32F101C8,GD32F101C8 · 64K Flash / 10K SRAM,65536,10240,spl,False,existing,GigaDevice/gigadevice.gd32f10x-0.1.0.mcupack
gigadevice.gd32f10x,0.1.0,GD32F101CB,GD32F101CB · 128K Flash / 16K SRAM,131072,16384,spl,False,existing,GigaDevice/gigadevice.gd32f10x-0.1.0.mcupack
gigadevice.gd32f10x,0.1.0,GD32F101R4,GD32F101R4 · 16K Flash / 4K SRAM,16384,4096,spl,False,existing,GigaDevice/gigadevice.gd32f10x-0.1.0.mcupack
gigadevice.gd32f10x,0.1.0,GD32F101R6,GD32F101R6 · 32K Flash / 6K SRAM,32768,6144,spl,False,existing,GigaDevice/gigadevice.gd32f10x-0.1.0.mcupack
gigadevice.gd32f10x,0.1.0,GD32F101R8,GD32F101R8 · 64K Flash / 10K SRAM,65536,10240,spl,False,existing,GigaDevice/gigadevice.gd32f10x-0.1.0.mcupack
gigadevice.gd32f10x,0.1.0,GD32F101RB,GD32F101RB · 128K Flash / 16K SRAM,131072,16384,spl,False,existing,GigaDevice/gigadevice.gd32f10x-0.1.0.mcupack
gigadevice.gd32f10x,0.1.0,GD32F101V8,GD32F101V8 · 64K Flash / 10K SRAM,65536,10240,spl,False,existing,GigaDevice/gigadevice.gd32f10x-0.1.0.mcupack
gigadevice.gd32f10x,0.1.0,GD32F101VB,GD32F101VB · 128K Flash / 16K SRAM,131072,16384,spl,False,existing,GigaDevice/gigadevice.gd32f10x-0.1.0.mcupack
gigadevice.gd32f10x,0.1.0,GD32F101RC,GD32F101RC · 256K Flash / 32K SRAM,262144,32768,spl,False,existing,GigaDevice/gigadevice.gd32f10x-0.1.0.mcupack
gigadevice.gd32f10x,0.1.0,GD32F101VC,GD32F101VC · 256K Flash / 32K SRAM,262144,32768,spl,False,existing,GigaDevice/gigadevice.gd32f10x-0.1.0.mcupack
gigadevice.gd32f10x,0.1.0,GD32F101ZC,GD32F101ZC · 256K Flash / 32K SRAM,262144,32768,spl,False,existing,GigaDevice/gigadevice.gd32f10x-0.1.0.mcupack
gigadevice.gd32f10x,0.1.0,GD32F101RD,GD32F101RD · 384K Flash / 48K SRAM,393216,49152,spl,False,existing,GigaDevice/gigadevice.gd32f10x-0.1.0.mcupack
gigadevice.gd32f10x,0.1.0,GD32F101VD,GD32F101VD · 384K Flash / 48K SRAM,393216,49152,spl,False,existing,GigaDevice/gigadevice.gd32f10x-0.1.0.mcupack
gigadevice.gd32f10x,0.1.0,GD32F101ZD,GD32F101ZD · 384K Flash / 48K SRAM,393216,49152,spl,False,existing,GigaDevice/gigadevice.gd32f10x-0.1.0.mcupack
gigadevice.gd32f10x,0.1.0,GD32F101RE,GD32F101RE · 512K Flash / 48K SRAM,524288,49152,spl,False,existing,GigaDevice/gigadevice.gd32f10x-0.1.0.mcupack
gigadevice.gd32f10x,0.1.0,GD32F101VE,GD32F101VE · 512K Flash / 48K SRAM,524288,49152,spl,False,existing,GigaDevice/gigadevice.gd32f10x-0.1.0.mcupack
gigadevice.gd32f10x,0.1.0,GD32F101ZE,GD32F101ZE · 512K Flash / 48K SRAM,524288,49152,spl,False,existing,GigaDevice/gigadevice.gd32f10x-0.1.0.mcupack
gigadevice.gd32f10x,0.1.0,GD32F101RF,GD32F101RF · 768K Flash / 80K SRAM,786432,81920,spl,False,existing,GigaDevice/gigadevice.gd32f10x-0.1.0.mcupack
gigadevice.gd32f10x,0.1.0,GD32F101VF,GD32F101VF · 768K Flash / 80K SRAM,786432,81920,spl,False,existing,GigaDevice/gigadevice.gd32f10x-0.1.0.mcupack
gigadevice.gd32f10x,0.1.0,GD32F101ZF,GD32F101ZF · 768K Flash / 80K SRAM,786432,81920,spl,False,existing,GigaDevice/gigadevice.gd32f10x-0.1.0.mcupack
gigadevice.gd32f10x,0.1.0,GD32F101RG,GD32F101RG · 1024K Flash / 80K SRAM,1048576,81920,spl,False,existing,GigaDevice/gigadevice.gd32f10x-0.1.0.mcupack
gigadevice.gd32f10x,0.1.0,GD32F101VG,GD32F101VG · 1024K Flash / 80K SRAM,1048576,81920,spl,False,existing,GigaDevice/gigadevice.gd32f10x-0.1.0.mcupack
gigadevice.gd32f10x,0.1.0,GD32F101ZG,GD32F101ZG · 1024K Flash / 80K SRAM,1048576,81920,spl,False,existing,GigaDevice/gigadevice.gd32f10x-0.1.0.mcupack
gigadevice.gd32f10x,0.1.0,GD32F101RI,GD32F101RI · 2048K Flash / 80K SRAM,2097152,81920,spl,False,existing,GigaDevice/gigadevice.gd32f10x-0.1.0.mcupack
gigadevice.gd32f10x,0.1.0,GD32F101VI,GD32F101VI · 2048K Flash / 80K SRAM,2097152,81920,spl,False,existing,GigaDevice/gigadevice.gd32f10x-0.1.0.mcupack
gigadevice.gd32f10x,0.1.0,GD32F101ZI,GD32F101ZI · 2048K Flash / 80K SRAM,2097152,81920,spl,False,existing,GigaDevice/gigadevice.gd32f10x-0.1.0.mcupack
gigadevice.gd32f10x,0.1.0,GD32F101RK,GD32F101RK · 3072K Flash / 80K SRAM,3145728,81920,spl,False,existing,GigaDevice/gigadevice.gd32f10x-0.1.0.mcupack
gigadevice.gd32f10x,0.1.0,GD32F101VK,GD32F101VK · 3072K Flash / 80K SRAM,3145728,81920,spl,False,existing,GigaDevice/gigadevice.gd32f10x-0.1.0.mcupack
gigadevice.gd32f10x,0.1.0,GD32F101ZK,GD32F101ZK · 3072K Flash / 80K SRAM,3145728,81920,spl,False,existing,GigaDevice/gigadevice.gd32f10x-0.1.0.mcupack
gigadevice.gd32f10x,0.1.0,GD32F103T4,GD32F103T4 · 16K Flash / 6K SRAM,16384,6144,spl,False,existing,GigaDevice/gigadevice.gd32f10x-0.1.0.mcupack
gigadevice.gd32f10x,0.1.0,GD32F103C4,GD32F103C4 · 16K Flash / 6K SRAM,16384,6144,spl,False,existing,GigaDevice/gigadevice.gd32f10x-0.1.0.mcupack
gigadevice.gd32f10x,0.1.0,GD32F103R4,GD32F103R4 · 16K Flash / 6K SRAM,16384,6144,spl,False,existing,GigaDevice/gigadevice.gd32f10x-0.1.0.mcupack
gigadevice.gd32f10x,0.1.0,GD32F103T6,GD32F103T6 · 32K Flash / 10K SRAM,32768,10240,spl,False,existing,GigaDevice/gigadevice.gd32f10x-0.1.0.mcupack
gigadevice.gd32f10x,0.1.0,GD32F103C6,GD32F103C6 · 32K Flash / 10K SRAM,32768,10240,spl,False,existing,GigaDevice/gigadevice.gd32f10x-0.1.0.mcupack
gigadevice.gd32f10x,0.1.0,GD32F103R6,GD32F103R6 · 32K Flash / 10K SRAM,32768,10240,spl,False,existing,GigaDevice/gigadevice.gd32f10x-0.1.0.mcupack
gigadevice.gd32f10x,0.1.0,GD32F103T8,GD32F103T8 · 64K Flash / 20K SRAM,65536,20480,spl,False,existing,GigaDevice/gigadevice.gd32f10x-0.1.0.mcupack
gigadevice.gd32f10x,0.1.0,GD32F103C8,GD32F103C8 · 64K Flash / 20K SRAM,65536,20480,spl,False,existing,GigaDevice/gigadevice.gd32f10x-0.1.0.mcupack
gigadevice.gd32f10x,0.1.0,GD32F103R8,GD32F103R8 · 64K Flash / 20K SRAM,65536,20480,spl,False,existing,GigaDevice/gigadevice.gd32f10x-0.1.0.mcupack
gigadevice.gd32f10x,0.1.0,GD32F103TB,GD32F103TB · 128K Flash / 20K SRAM,131072,20480,spl,False,existing,GigaDevice/gigadevice.gd32f10x-0.1.0.mcupack
gigadevice.gd32f10x,0.1.0,GD32F103CB,GD32F103CB · 128K Flash / 20K SRAM,131072,20480,spl,False,existing,GigaDevice/gigadevice.gd32f10x-0.1.0.mcupack
gigadevice.gd32f10x,0.1.0,GD32F103V8,GD32F103V8 · 64K Flash / 20K SRAM,65536,20480,spl,False,existing,GigaDevice/gigadevice.gd32f10x-0.1.0.mcupack
gigadevice.gd32f10x,0.1.0,GD32F103VB,GD32F103VB · 128K Flash / 20K SRAM,131072,20480,spl,False,existing,GigaDevice/gigadevice.gd32f10x-0.1.0.mcupack
gigadevice.gd32f10x,0.1.0,GD32F103RB,GD32F103RB · 128K Flash / 20K SRAM,131072,20480,spl,False,existing,GigaDevice/gigadevice.gd32f10x-0.1.0.mcupack
gigadevice.gd32f10x,0.1.0,GD32F103RC,GD32F103RC · 256K Flash / 48K SRAM,262144,49152,spl,False,existing,GigaDevice/gigadevice.gd32f10x-0.1.0.mcupack
gigadevice.gd32f10x,0.1.0,GD32F103VC,GD32F103VC · 256K Flash / 48K SRAM,262144,49152,spl,False,existing,GigaDevice/gigadevice.gd32f10x-0.1.0.mcupack
gigadevice.gd32f10x,0.1.0,GD32F103ZC,GD32F103ZC · 256K Flash / 48K SRAM,262144,49152,spl,False,existing,GigaDevice/gigadevice.gd32f10x-0.1.0.mcupack
gigadevice.gd32f10x,0.1.0,GD32F103RD,GD32F103RD · 384K Flash / 64K SRAM,393216,65536,spl,False,existing,GigaDevice/gigadevice.gd32f10x-0.1.0.mcupack
gigadevice.gd32f10x,0.1.0,GD32F103VD,GD32F103VD · 384K Flash / 64K SRAM,393216,65536,spl,False,existing,GigaDevice/gigadevice.gd32f10x-0.1.0.mcupack
gigadevice.gd32f10x,0.1.0,GD32F103ZD,GD32F103ZD · 384K Flash / 64K SRAM,393216,65536,spl,False,existing,GigaDevice/gigadevice.gd32f10x-0.1.0.mcupack
gigadevice.gd32f10x,0.1.0,GD32F103RE,GD32F103RE · 512K Flash / 64K SRAM,524288,65536,spl,False,existing,GigaDevice/gigadevice.gd32f10x-0.1.0.mcupack
gigadevice.gd32f10x,0.1.0,GD32F103VE,GD32F103VE · 512K Flash / 64K SRAM,524288,65536,spl,False,existing,GigaDevice/gigadevice.gd32f10x-0.1.0.mcupack
gigadevice.gd32f10x,0.1.0,GD32F103ZE,GD32F103ZE · 512K Flash / 64K SRAM,524288,65536,spl,False,existing,GigaDevice/gigadevice.gd32f10x-0.1.0.mcupack
gigadevice.gd32f10x,0.1.0,GD32F103RF,GD32F103RF · 768K Flash / 96K SRAM,786432,98304,spl,False,existing,GigaDevice/gigadevice.gd32f10x-0.1.0.mcupack
gigadevice.gd32f10x,0.1.0,GD32F103VF,GD32F103VF · 768K Flash / 96K SRAM,786432,98304,spl,False,existing,GigaDevice/gigadevice.gd32f10x-0.1.0.mcupack
gigadevice.gd32f10x,0.1.0,GD32F103ZF,GD32F103ZF · 768K Flash / 96K SRAM,786432,98304,spl,False,existing,GigaDevice/gigadevice.gd32f10x-0.1.0.mcupack
gigadevice.gd32f10x,0.1.0,GD32F103RG,GD32F103RG · 1024K Flash / 96K SRAM,1048576,98304,spl,False,existing,GigaDevice/gigadevice.gd32f10x-0.1.0.mcupack
gigadevice.gd32f10x,0.1.0,GD32F103VG,GD32F103VG · 1024K Flash / 96K SRAM,1048576,98304,spl,False,existing,GigaDevice/gigadevice.gd32f10x-0.1.0.mcupack
gigadevice.gd32f10x,0.1.0,GD32F103ZG,GD32F103ZG · 1024K Flash / 96K SRAM,1048576,98304,spl,False,existing,GigaDevice/gigadevice.gd32f10x-0.1.0.mcupack
gigadevice.gd32f10x,0.1.0,GD32F103RI,GD32F103RI · 2048K Flash / 96K SRAM,2097152,98304,spl,False,existing,GigaDevice/gigadevice.gd32f10x-0.1.0.mcupack
gigadevice.gd32f10x,0.1.0,GD32F103VI,GD32F103VI · 2048K Flash / 96K SRAM,2097152,98304,spl,False,existing,GigaDevice/gigadevice.gd32f10x-0.1.0.mcupack
gigadevice.gd32f10x,0.1.0,GD32F103ZI,GD32F103ZI · 2048K Flash / 96K SRAM,2097152,98304,spl,False,existing,GigaDevice/gigadevice.gd32f10x-0.1.0.mcupack
gigadevice.gd32f10x,0.1.0,GD32F103RK,GD32F103RK · 3072K Flash / 96K SRAM,3145728,98304,spl,False,existing,GigaDevice/gigadevice.gd32f10x-0.1.0.mcupack
gigadevice.gd32f10x,0.1.0,GD32F103VK,GD32F103VK · 3072K Flash / 96K SRAM,3145728,98304,spl,False,existing,GigaDevice/gigadevice.gd32f10x-0.1.0.mcupack
gigadevice.gd32f10x,0.1.0,GD32F103ZK,GD32F103ZK · 3072K Flash / 96K SRAM,3145728,98304,spl,False,existing,GigaDevice/gigadevice.gd32f10x-0.1.0.mcupack
gigadevice.gd32f10x,0.1.0,GD32F105R8,GD32F105R8 · 64K Flash / 64K SRAM,65536,65536,spl,False,existing,GigaDevice/gigadevice.gd32f10x-0.1.0.mcupack
gigadevice.gd32f10x,0.1.0,GD32F105V8,GD32F105V8 · 64K Flash / 64K SRAM,65536,65536,spl,False,existing,GigaDevice/gigadevice.gd32f10x-0.1.0.mcupack
gigadevice.gd32f10x,0.1.0,GD32F105RB,GD32F105RB · 128K Flash / 64K SRAM,131072,65536,spl,False,existing,GigaDevice/gigadevice.gd32f10x-0.1.0.mcupack
gigadevice.gd32f10x,0.1.0,GD32F105VB,GD32F105VB · 128K Flash / 64K SRAM,131072,65536,spl,False,existing,GigaDevice/gigadevice.gd32f10x-0.1.0.mcupack
gigadevice.gd32f10x,0.1.0,GD32F105RC,GD32F105RC · 256K Flash / 96K SRAM,262144,98304,spl,False,existing,GigaDevice/gigadevice.gd32f10x-0.1.0.mcupack
gigadevice.gd32f10x,0.1.0,GD32F105VC,GD32F105VC · 256K Flash / 96K SRAM,262144,98304,spl,False,existing,GigaDevice/gigadevice.gd32f10x-0.1.0.mcupack
gigadevice.gd32f10x,0.1.0,GD32F105ZC,GD32F105ZC · 256K Flash / 96K SRAM,262144,98304,spl,False,existing,GigaDevice/gigadevice.gd32f10x-0.1.0.mcupack
gigadevice.gd32f10x,0.1.0,GD32F105RD,GD32F105RD · 384K Flash / 96K SRAM,393216,98304,spl,False,existing,GigaDevice/gigadevice.gd32f10x-0.1.0.mcupack
gigadevice.gd32f10x,0.1.0,GD32F105VD,GD32F105VD · 384K Flash / 96K SRAM,393216,98304,spl,False,existing,GigaDevice/gigadevice.gd32f10x-0.1.0.mcupack
gigadevice.gd32f10x,0.1.0,GD32F105ZD,GD32F105ZD · 384K Flash / 96K SRAM,393216,98304,spl,False,existing,GigaDevice/gigadevice.gd32f10x-0.1.0.mcupack
gigadevice.gd32f10x,0.1.0,GD32F105RE,GD32F105RE · 512K Flash / 96K SRAM,524288,98304,spl,False,existing,GigaDevice/gigadevice.gd32f10x-0.1.0.mcupack
gigadevice.gd32f10x,0.1.0,GD32F105VE,GD32F105VE · 512K Flash / 96K SRAM,524288,98304,spl,False,existing,GigaDevice/gigadevice.gd32f10x-0.1.0.mcupack
gigadevice.gd32f10x,0.1.0,GD32F105ZE,GD32F105ZE · 512K Flash / 96K SRAM,524288,98304,spl,False,existing,GigaDevice/gigadevice.gd32f10x-0.1.0.mcupack
gigadevice.gd32f10x,0.1.0,GD32F105RF,GD32F105RF · 768K Flash / 96K SRAM,786432,98304,spl,False,existing,GigaDevice/gigadevice.gd32f10x-0.1.0.mcupack
gigadevice.gd32f10x,0.1.0,GD32F105VF,GD32F105VF · 768K Flash / 96K SRAM,786432,98304,spl,False,existing,GigaDevice/gigadevice.gd32f10x-0.1.0.mcupack
gigadevice.gd32f10x,0.1.0,GD32F105ZF,GD32F105ZF · 768K Flash / 96K SRAM,786432,98304,spl,False,existing,GigaDevice/gigadevice.gd32f10x-0.1.0.mcupack
gigadevice.gd32f10x,0.1.0,GD32F105RG,GD32F105RG · 1024K Flash / 96K SRAM,1048576,98304,spl,False,existing,GigaDevice/gigadevice.gd32f10x-0.1.0.mcupack
gigadevice.gd32f10x,0.1.0,GD32F105VG,GD32F105VG · 1024K Flash / 96K SRAM,1048576,98304,spl,False,existing,GigaDevice/gigadevice.gd32f10x-0.1.0.mcupack
gigadevice.gd32f10x,0.1.0,GD32F105ZG,GD32F105ZG · 1024K Flash / 96K SRAM,1048576,98304,spl,False,existing,GigaDevice/gigadevice.gd32f10x-0.1.0.mcupack
gigadevice.gd32f10x,0.1.0,GD32F107RB,GD32F107RB · 128K Flash / 96K SRAM,131072,98304,spl,False,existing,GigaDevice/gigadevice.gd32f10x-0.1.0.mcupack
gigadevice.gd32f10x,0.1.0,GD32F107VB,GD32F107VB · 128K Flash / 96K SRAM,131072,98304,spl,False,existing,GigaDevice/gigadevice.gd32f10x-0.1.0.mcupack
gigadevice.gd32f10x,0.1.0,GD32F107RC,GD32F107RC · 256K Flash / 96K SRAM,262144,98304,spl,False,existing,GigaDevice/gigadevice.gd32f10x-0.1.0.mcupack
gigadevice.gd32f10x,0.1.0,GD32F107VC,GD32F107VC · 256K Flash / 96K SRAM,262144,98304,spl,False,existing,GigaDevice/gigadevice.gd32f10x-0.1.0.mcupack
gigadevice.gd32f10x,0.1.0,GD32F107ZC,GD32F107ZC · 256K Flash / 96K SRAM,262144,98304,spl,False,existing,GigaDevice/gigadevice.gd32f10x-0.1.0.mcupack
gigadevice.gd32f10x,0.1.0,GD32F107RD,GD32F107RD · 384K Flash / 96K SRAM,393216,98304,spl,False,existing,GigaDevice/gigadevice.gd32f10x-0.1.0.mcupack
gigadevice.gd32f10x,0.1.0,GD32F107VD,GD32F107VD · 384K Flash / 96K SRAM,393216,98304,spl,False,existing,GigaDevice/gigadevice.gd32f10x-0.1.0.mcupack
gigadevice.gd32f10x,0.1.0,GD32F107ZD,GD32F107ZD · 384K Flash / 96K SRAM,393216,98304,spl,False,existing,GigaDevice/gigadevice.gd32f10x-0.1.0.mcupack
gigadevice.gd32f10x,0.1.0,GD32F107RE,GD32F107RE · 512K Flash / 96K SRAM,524288,98304,spl,False,existing,GigaDevice/gigadevice.gd32f10x-0.1.0.mcupack
gigadevice.gd32f10x,0.1.0,GD32F107VE,GD32F107VE · 512K Flash / 96K SRAM,524288,98304,spl,False,existing,GigaDevice/gigadevice.gd32f10x-0.1.0.mcupack
gigadevice.gd32f10x,0.1.0,GD32F107ZE,GD32F107ZE · 512K Flash / 96K SRAM,524288,98304,spl,False,existing,GigaDevice/gigadevice.gd32f10x-0.1.0.mcupack
gigadevice.gd32f10x,0.1.0,GD32F107RF,GD32F107RF · 768K Flash / 96K SRAM,786432,98304,spl,False,existing,GigaDevice/gigadevice.gd32f10x-0.1.0.mcupack
gigadevice.gd32f10x,0.1.0,GD32F107VF,GD32F107VF · 768K Flash / 96K SRAM,786432,98304,spl,False,existing,GigaDevice/gigadevice.gd32f10x-0.1.0.mcupack
gigadevice.gd32f10x,0.1.0,GD32F107ZF,GD32F107ZF · 768K Flash / 96K SRAM,786432,98304,spl,False,existing,GigaDevice/gigadevice.gd32f10x-0.1.0.mcupack
gigadevice.gd32f10x,0.1.0,GD32F107RG,GD32F107RG · 1024K Flash / 96K SRAM,1048576,98304,spl,False,existing,GigaDevice/gigadevice.gd32f10x-0.1.0.mcupack
gigadevice.gd32f10x,0.1.0,GD32F107VG,GD32F107VG · 1024K Flash / 96K SRAM,1048576,98304,spl,False,existing,GigaDevice/gigadevice.gd32f10x-0.1.0.mcupack
gigadevice.gd32f10x,0.1.0,GD32F107ZG,GD32F107ZG · 1024K Flash / 96K SRAM,1048576,98304,spl,False,existing,GigaDevice/gigadevice.gd32f10x-0.1.0.mcupack
gigadevice.gd32f1x0,0.1.0,GD32F130C4,GD32F130C4 · 16K Flash / 4K SRAM,16384,4096,spl,False,existing,GigaDevice/gigadevice.gd32f1x0-0.1.0.mcupack
gigadevice.gd32f1x0,0.1.0,GD32F130C6,GD32F130C6 · 32K Flash / 4K SRAM,32768,4096,spl,False,existing,GigaDevice/gigadevice.gd32f1x0-0.1.0.mcupack
gigadevice.gd32f1x0,0.1.0,GD32F130C8,GD32F130C8 · 64K Flash / 8K SRAM,65536,8192,spl,False,existing,GigaDevice/gigadevice.gd32f1x0-0.1.0.mcupack
gigadevice.gd32f1x0,0.1.0,GD32F130F4,GD32F130F4 · 16K Flash / 4K SRAM,16384,4096,spl,False,existing,GigaDevice/gigadevice.gd32f1x0-0.1.0.mcupack
gigadevice.gd32f1x0,0.1.0,GD32F130F6,GD32F130F6 · 32K Flash / 4K SRAM,32768,4096,spl,False,existing,GigaDevice/gigadevice.gd32f1x0-0.1.0.mcupack
gigadevice.gd32f1x0,0.1.0,GD32F130F8,GD32F130F8 · 64K Flash / 8K SRAM,65536,8192,spl,False,existing,GigaDevice/gigadevice.gd32f1x0-0.1.0.mcupack
gigadevice.gd32f1x0,0.1.0,GD32F130G4,GD32F130G4 · 16K Flash / 4K SRAM,16384,4096,spl,False,existing,GigaDevice/gigadevice.gd32f1x0-0.1.0.mcupack
gigadevice.gd32f1x0,0.1.0,GD32F130G6,GD32F130G6 · 32K Flash / 4K SRAM,32768,4096,spl,False,existing,GigaDevice/gigadevice.gd32f1x0-0.1.0.mcupack
gigadevice.gd32f1x0,0.1.0,GD32F130G8,GD32F130G8 · 64K Flash / 8K SRAM,65536,8192,spl,False,existing,GigaDevice/gigadevice.gd32f1x0-0.1.0.mcupack
gigadevice.gd32f1x0,0.1.0,GD32F130K4,GD32F130K4 · 16K Flash / 4K SRAM,16384,4096,spl,False,existing,GigaDevice/gigadevice.gd32f1x0-0.1.0.mcupack
gigadevice.gd32f1x0,0.1.0,GD32F130K6,GD32F130K6 · 32K Flash / 4K SRAM,32768,4096,spl,False,existing,GigaDevice/gigadevice.gd32f1x0-0.1.0.mcupack
gigadevice.gd32f1x0,0.1.0,GD32F130K8,GD32F130K8 · 64K Flash / 8K SRAM,65536,8192,spl,False,existing,GigaDevice/gigadevice.gd32f1x0-0.1.0.mcupack
gigadevice.gd32f1x0,0.1.0,GD32F130R8,GD32F130R8 · 64K Flash / 8K SRAM,65536,8192,spl,False,existing,GigaDevice/gigadevice.gd32f1x0-0.1.0.mcupack
gigadevice.gd32f1x0,0.1.0,GD32F150C4,GD32F150C4 · 16K Flash / 4K SRAM,16384,4096,spl,False,existing,GigaDevice/gigadevice.gd32f1x0-0.1.0.mcupack
gigadevice.gd32f1x0,0.1.0,GD32F150C6,GD32F150C6 · 32K Flash / 6K SRAM,32768,6144,spl,False,existing,GigaDevice/gigadevice.gd32f1x0-0.1.0.mcupack
gigadevice.gd32f1x0,0.1.0,GD32F150C8,GD32F150C8 · 64K Flash / 8K SRAM,65536,8192,spl,False,existing,GigaDevice/gigadevice.gd32f1x0-0.1.0.mcupack
gigadevice.gd32f1x0,0.1.0,GD32F150G4,GD32F150G4 · 16K Flash / 4K SRAM,16384,4096,spl,False,existing,GigaDevice/gigadevice.gd32f1x0-0.1.0.mcupack
gigadevice.gd32f1x0,0.1.0,GD32F150G6,GD32F150G6 · 32K Flash / 6K SRAM,32768,6144,spl,False,existing,GigaDevice/gigadevice.gd32f1x0-0.1.0.mcupack
gigadevice.gd32f1x0,0.1.0,GD32F150G8,GD32F150G8 · 64K Flash / 8K SRAM,65536,8192,spl,False,existing,GigaDevice/gigadevice.gd32f1x0-0.1.0.mcupack
gigadevice.gd32f1x0,0.1.0,GD32F150K4,GD32F150K4 · 16K Flash / 4K SRAM,16384,4096,spl,False,existing,GigaDevice/gigadevice.gd32f1x0-0.1.0.mcupack
gigadevice.gd32f1x0,0.1.0,GD32F150K6,GD32F150K6 · 32K Flash / 6K SRAM,32768,6144,spl,False,existing,GigaDevice/gigadevice.gd32f1x0-0.1.0.mcupack
gigadevice.gd32f1x0,0.1.0,GD32F150K8,GD32F150K8 · 64K Flash / 8K SRAM,65536,8192,spl,False,existing,GigaDevice/gigadevice.gd32f1x0-0.1.0.mcupack
gigadevice.gd32f1x0,0.1.0,GD32F150R4,GD32F150R4 · 16K Flash / 4K SRAM,16384,4096,spl,False,existing,GigaDevice/gigadevice.gd32f1x0-0.1.0.mcupack
gigadevice.gd32f1x0,0.1.0,GD32F150R6,GD32F150R6 · 32K Flash / 6K SRAM,32768,6144,spl,False,existing,GigaDevice/gigadevice.gd32f1x0-0.1.0.mcupack
gigadevice.gd32f1x0,0.1.0,GD32F150R8,GD32F150R8 · 64K Flash / 8K SRAM,65536,8192,spl,False,existing,GigaDevice/gigadevice.gd32f1x0-0.1.0.mcupack
gigadevice.gd32f1x0,0.1.0,GD32F170C4,GD32F170C4 · 16K Flash / 4K SRAM,16384,4096,spl,False,existing,GigaDevice/gigadevice.gd32f1x0-0.1.0.mcupack
gigadevice.gd32f1x0,0.1.0,GD32F170C6,GD32F170C6 · 32K Flash / 4K SRAM,32768,4096,spl,False,existing,GigaDevice/gigadevice.gd32f1x0-0.1.0.mcupack
gigadevice.gd32f1x0,0.1.0,GD32F170C8,GD32F170C8 · 64K Flash / 8K SRAM,65536,8192,spl,False,existing,GigaDevice/gigadevice.gd32f1x0-0.1.0.mcupack
gigadevice.gd32f1x0,0.1.0,GD32F170T4,GD32F170T4 · 16K Flash / 4K SRAM,16384,4096,spl,False,existing,GigaDevice/gigadevice.gd32f1x0-0.1.0.mcupack
gigadevice.gd32f1x0,0.1.0,GD32F170T6,GD32F170T6 · 32K Flash / 4K SRAM,32768,4096,spl,False,existing,GigaDevice/gigadevice.gd32f1x0-0.1.0.mcupack
gigadevice.gd32f1x0,0.1.0,GD32F170T8,GD32F170T8 · 64K Flash / 8K SRAM,65536,8192,spl,False,existing,GigaDevice/gigadevice.gd32f1x0-0.1.0.mcupack
gigadevice.gd32f1x0,0.1.0,GD32F170R8,GD32F170R8 · 64K Flash / 8K SRAM,65536,8192,spl,False,existing,GigaDevice/gigadevice.gd32f1x0-0.1.0.mcupack
gigadevice.gd32f1x0,0.1.0,GD32F190C4,GD32F190C4 · 16K Flash / 4K SRAM,16384,4096,spl,False,existing,GigaDevice/gigadevice.gd32f1x0-0.1.0.mcupack
gigadevice.gd32f1x0,0.1.0,GD32F190C6,GD32F190C6 · 32K Flash / 6K SRAM,32768,6144,spl,False,existing,GigaDevice/gigadevice.gd32f1x0-0.1.0.mcupack
gigadevice.gd32f1x0,0.1.0,GD32F190C8,GD32F190C8 · 64K Flash / 8K SRAM,65536,8192,spl,False,existing,GigaDevice/gigadevice.gd32f1x0-0.1.0.mcupack
gigadevice.gd32f1x0,0.1.0,GD32F190R4,GD32F190R4 · 16K Flash / 4K SRAM,16384,4096,spl,False,existing,GigaDevice/gigadevice.gd32f1x0-0.1.0.mcupack
gigadevice.gd32f1x0,0.1.0,GD32F190R6,GD32F190R6 · 32K Flash / 6K SRAM,32768,6144,spl,False,existing,GigaDevice/gigadevice.gd32f1x0-0.1.0.mcupack
gigadevice.gd32f1x0,0.1.0,GD32F190R8,GD32F190R8 · 64K Flash / 8K SRAM,65536,8192,spl,False,existing,GigaDevice/gigadevice.gd32f1x0-0.1.0.mcupack
gigadevice.gd32f1x0,0.1.0,GD32F190T4,GD32F190T4 · 16K Flash / 4K SRAM,16384,4096,spl,False,existing,GigaDevice/gigadevice.gd32f1x0-0.1.0.mcupack
gigadevice.gd32f1x0,0.1.0,GD32F190T6,GD32F190T6 · 32K Flash / 6K SRAM,32768,6144,spl,False,existing,GigaDevice/gigadevice.gd32f1x0-0.1.0.mcupack
gigadevice.gd32f1x0,0.1.0,GD32F190T8,GD32F190T8 · 64K Flash / 8K SRAM,65536,8192,spl,False,existing,GigaDevice/gigadevice.gd32f1x0-0.1.0.mcupack
gigadevice.gd32f20x,0.1.0,GD32F205RC,GD32F205RC · 256K Flash / 128K SRAM,262144,131072,spl,False,existing,GigaDevice/gigadevice.gd32f20x-0.1.0.mcupack
gigadevice.gd32f20x,0.1.0,GD32F205RE,GD32F205RE · 512K Flash / 128K SRAM,524288,131072,spl,False,existing,GigaDevice/gigadevice.gd32f20x-0.1.0.mcupack
gigadevice.gd32f20x,0.1.0,GD32F205RG,GD32F205RG · 1024K Flash / 256K SRAM,1048576,262144,spl,False,existing,GigaDevice/gigadevice.gd32f20x-0.1.0.mcupack
gigadevice.gd32f20x,0.1.0,GD32F205RK,GD32F205RK · 3072K Flash / 256K SRAM,3145728,262144,spl,False,existing,GigaDevice/gigadevice.gd32f20x-0.1.0.mcupack
gigadevice.gd32f20x,0.1.0,GD32F205VC,GD32F205VC · 256K Flash / 128K SRAM,262144,131072,spl,False,existing,GigaDevice/gigadevice.gd32f20x-0.1.0.mcupack
gigadevice.gd32f20x,0.1.0,GD32F205VE,GD32F205VE · 512K Flash / 128K SRAM,524288,131072,spl,False,existing,GigaDevice/gigadevice.gd32f20x-0.1.0.mcupack
gigadevice.gd32f20x,0.1.0,GD32F205VG,GD32F205VG · 1024K Flash / 128K SRAM,1048576,131072,spl,False,existing,GigaDevice/gigadevice.gd32f20x-0.1.0.mcupack
gigadevice.gd32f20x,0.1.0,GD32F205VK,GD32F205VK · 3072K Flash / 256K SRAM,3145728,262144,spl,False,existing,GigaDevice/gigadevice.gd32f20x-0.1.0.mcupack
gigadevice.gd32f20x,0.1.0,GD32F205ZC,GD32F205ZC · 256K Flash / 128K SRAM,262144,131072,spl,False,existing,GigaDevice/gigadevice.gd32f20x-0.1.0.mcupack
gigadevice.gd32f20x,0.1.0,GD32F205ZE,GD32F205ZE · 512K Flash / 128K SRAM,524288,131072,spl,False,existing,GigaDevice/gigadevice.gd32f20x-0.1.0.mcupack
gigadevice.gd32f20x,0.1.0,GD32F205ZG,GD32F205ZG · 1024K Flash / 256K SRAM,1048576,262144,spl,False,existing,GigaDevice/gigadevice.gd32f20x-0.1.0.mcupack
gigadevice.gd32f20x,0.1.0,GD32F205ZK,GD32F205ZK · 3072K Flash / 256K SRAM,3145728,262144,spl,False,existing,GigaDevice/gigadevice.gd32f20x-0.1.0.mcupack
gigadevice.gd32f20x,0.1.0,GD32F207RC,GD32F207RC · 256K Flash / 128K SRAM,262144,131072,spl,False,existing,GigaDevice/gigadevice.gd32f20x-0.1.0.mcupack
gigadevice.gd32f20x,0.1.0,GD32F207RE,GD32F207RE · 512K Flash / 128K SRAM,524288,131072,spl,False,existing,GigaDevice/gigadevice.gd32f20x-0.1.0.mcupack
gigadevice.gd32f20x,0.1.0,GD32F207RG,GD32F207RG · 1024K Flash / 256K SRAM,1048576,262144,spl,False,existing,GigaDevice/gigadevice.gd32f20x-0.1.0.mcupack
gigadevice.gd32f20x,0.1.0,GD32F207RK,GD32F207RK · 3072K Flash / 256K SRAM,3145728,262144,spl,False,existing,GigaDevice/gigadevice.gd32f20x-0.1.0.mcupack
gigadevice.gd32f20x,0.1.0,GD32F207VC,GD32F207VC · 256K Flash / 128K SRAM,262144,131072,spl,False,existing,GigaDevice/gigadevice.gd32f20x-0.1.0.mcupack
gigadevice.gd32f20x,0.1.0,GD32F207VE,GD32F207VE · 512K Flash / 128K SRAM,524288,131072,spl,False,existing,GigaDevice/gigadevice.gd32f20x-0.1.0.mcupack
gigadevice.gd32f20x,0.1.0,GD32F207VG,GD32F207VG · 1024K Flash / 256K SRAM,1048576,262144,spl,False,existing,GigaDevice/gigadevice.gd32f20x-0.1.0.mcupack
gigadevice.gd32f20x,0.1.0,GD32F207VK,GD32F207VK · 3072K Flash / 256K SRAM,3145728,262144,spl,False,existing,GigaDevice/gigadevice.gd32f20x-0.1.0.mcupack
gigadevice.gd32f20x,0.1.0,GD32F207ZC,GD32F207ZC · 256K Flash / 128K SRAM,262144,131072,spl,False,existing,GigaDevice/gigadevice.gd32f20x-0.1.0.mcupack
gigadevice.gd32f20x,0.1.0,GD32F207ZE,GD32F207ZE · 512K Flash / 128K SRAM,524288,131072,spl,False,existing,GigaDevice/gigadevice.gd32f20x-0.1.0.mcupack
gigadevice.gd32f20x,0.1.0,GD32F207ZG,GD32F207ZG · 1024K Flash / 256K SRAM,1048576,262144,spl,False,existing,GigaDevice/gigadevice.gd32f20x-0.1.0.mcupack
gigadevice.gd32f20x,0.1.0,GD32F207ZK,GD32F207ZK · 3072K Flash / 256K SRAM,3145728,262144,spl,False,existing,GigaDevice/gigadevice.gd32f20x-0.1.0.mcupack
gigadevice.gd32f20x,0.1.0,GD32F207IE,GD32F207IE · 512K Flash / 128K SRAM,524288,131072,spl,False,existing,GigaDevice/gigadevice.gd32f20x-0.1.0.mcupack
gigadevice.gd32f20x,0.1.0,GD32F207IG,GD32F207IG · 1024K Flash / 256K SRAM,1048576,262144,spl,False,existing,GigaDevice/gigadevice.gd32f20x-0.1.0.mcupack
gigadevice.gd32f20x,0.1.0,GD32F207IK,GD32F207IK · 3072K Flash / 256K SRAM,3145728,262144,spl,False,existing,GigaDevice/gigadevice.gd32f20x-0.1.0.mcupack
gigadevice.gd32f30x,0.1.1,GD32F303CB,GD32F303CB · 128K Flash / 32K SRAM,131072,32768,spl,False,existing,GigaDevice/gigadevice.gd32f30x-0.1.1.mcupack
gigadevice.gd32f30x,0.1.1,GD32F303CC,GD32F303CC · 256K Flash / 48K SRAM,262144,49152,spl,False,existing,GigaDevice/gigadevice.gd32f30x-0.1.1.mcupack
gigadevice.gd32f30x,0.1.1,GD32F303CE,GD32F303CE · 512K Flash / 64K SRAM,524288,65536,spl,False,existing,GigaDevice/gigadevice.gd32f30x-0.1.1.mcupack
gigadevice.gd32f30x,0.1.1,GD32F303CG,GD32F303CG · 1024K Flash / 96K SRAM,1048576,98304,spl,False,existing,GigaDevice/gigadevice.gd32f30x-0.1.1.mcupack
gigadevice.gd32f30x,0.1.1,GD32F303RB,GD32F303RB · 128K Flash / 32K SRAM,131072,32768,spl,False,existing,GigaDevice/gigadevice.gd32f30x-0.1.1.mcupack
gigadevice.gd32f30x,0.1.1,GD32F303RC,GD32F303RC · 256K Flash / 48K SRAM,262144,49152,spl,False,existing,GigaDevice/gigadevice.gd32f30x-0.1.1.mcupack
gigadevice.gd32f30x,0.1.1,GD32F303RE,GD32F303RE · 512K Flash / 64K SRAM,524288,65536,spl,False,existing,GigaDevice/gigadevice.gd32f30x-0.1.1.mcupack
gigadevice.gd32f30x,0.1.1,GD32F303RG,GD32F303RG · 1024K Flash / 96K SRAM,1048576,98304,spl,False,existing,GigaDevice/gigadevice.gd32f30x-0.1.1.mcupack
gigadevice.gd32f30x,0.1.1,GD32F303RI,GD32F303RI · 2048K Flash / 96K SRAM,2097152,98304,spl,False,existing,GigaDevice/gigadevice.gd32f30x-0.1.1.mcupack
gigadevice.gd32f30x,0.1.1,GD32F303RK,GD32F303RK · 3072K Flash / 96K SRAM,3145728,98304,spl,False,existing,GigaDevice/gigadevice.gd32f30x-0.1.1.mcupack
gigadevice.gd32f30x,0.1.1,GD32F303VB,GD32F303VB · 128K Flash / 32K SRAM,131072,32768,spl,False,existing,GigaDevice/gigadevice.gd32f30x-0.1.1.mcupack
gigadevice.gd32f30x,0.1.1,GD32F303VC,GD32F303VC · 256K Flash / 48K SRAM,262144,49152,spl,False,existing,GigaDevice/gigadevice.gd32f30x-0.1.1.mcupack
gigadevice.gd32f30x,0.1.1,GD32F303VE,GD32F303VE · 512K Flash / 64K SRAM,524288,65536,spl,False,existing,GigaDevice/gigadevice.gd32f30x-0.1.1.mcupack
gigadevice.gd32f30x,0.1.1,GD32F303VG,GD32F303VG · 1024K Flash / 96K SRAM,1048576,98304,spl,False,existing,GigaDevice/gigadevice.gd32f30x-0.1.1.mcupack
gigadevice.gd32f30x,0.1.1,GD32F303VI,GD32F303VI · 2048K Flash / 96K SRAM,2097152,98304,spl,False,existing,GigaDevice/gigadevice.gd32f30x-0.1.1.mcupack
gigadevice.gd32f30x,0.1.1,GD32F303VK,GD32F303VK · 3072K Flash / 96K SRAM,3145728,98304,spl,False,existing,GigaDevice/gigadevice.gd32f30x-0.1.1.mcupack
gigadevice.gd32f30x,0.1.1,GD32F303ZC,GD32F303ZC · 256K Flash / 48K SRAM,262144,49152,spl,False,existing,GigaDevice/gigadevice.gd32f30x-0.1.1.mcupack
gigadevice.gd32f30x,0.1.1,GD32F303ZE,GD32F303ZE · 512K Flash / 64K SRAM,524288,65536,spl,False,existing,GigaDevice/gigadevice.gd32f30x-0.1.1.mcupack
gigadevice.gd32f30x,0.1.1,GD32F303ZG,GD32F303ZG · 1024K Flash / 96K SRAM,1048576,98304,spl,False,existing,GigaDevice/gigadevice.gd32f30x-0.1.1.mcupack
gigadevice.gd32f30x,0.1.1,GD32F303ZI,GD32F303ZI · 2048K Flash / 96K SRAM,2097152,98304,spl,False,existing,GigaDevice/gigadevice.gd32f30x-0.1.1.mcupack
gigadevice.gd32f30x,0.1.1,GD32F303ZK,GD32F303ZK · 3072K Flash / 96K SRAM,3145728,98304,spl,False,existing,GigaDevice/gigadevice.gd32f30x-0.1.1.mcupack
gigadevice.gd32f30x,0.1.1,GD32F305RB,GD32F305RB · 128K Flash / 64K SRAM,131072,65536,spl,False,existing,GigaDevice/gigadevice.gd32f30x-0.1.1.mcupack
gigadevice.gd32f30x,0.1.1,GD32F305RC,GD32F305RC · 256K Flash / 96K SRAM,262144,98304,spl,False,existing,GigaDevice/gigadevice.gd32f30x-0.1.1.mcupack
gigadevice.gd32f30x,0.1.1,GD32F305RE,GD32F305RE · 512K Flash / 96K SRAM,524288,98304,spl,False,existing,GigaDevice/gigadevice.gd32f30x-0.1.1.mcupack
gigadevice.gd32f30x,0.1.1,GD32F305RG,GD32F305RG · 1024K Flash / 96K SRAM,1048576,98304,spl,False,existing,GigaDevice/gigadevice.gd32f30x-0.1.1.mcupack
gigadevice.gd32f30x,0.1.1,GD32F305VC,GD32F305VC · 256K Flash / 96K SRAM,262144,98304,spl,False,existing,GigaDevice/gigadevice.gd32f30x-0.1.1.mcupack
gigadevice.gd32f30x,0.1.1,GD32F305VE,GD32F305VE · 512K Flash / 96K SRAM,524288,98304,spl,False,existing,GigaDevice/gigadevice.gd32f30x-0.1.1.mcupack
gigadevice.gd32f30x,0.1.1,GD32F305VG,GD32F305VG · 1024K Flash / 96K SRAM,1048576,98304,spl,False,existing,GigaDevice/gigadevice.gd32f30x-0.1.1.mcupack
gigadevice.gd32f30x,0.1.1,GD32F305ZC,GD32F305ZC · 256K Flash / 96K SRAM,262144,98304,spl,False,existing,GigaDevice/gigadevice.gd32f30x-0.1.1.mcupack
gigadevice.gd32f30x,0.1.1,GD32F305ZE,GD32F305ZE · 512K Flash / 96K SRAM,524288,98304,spl,False,existing,GigaDevice/gigadevice.gd32f30x-0.1.1.mcupack
gigadevice.gd32f30x,0.1.1,GD32F305ZG,GD32F305ZG · 1024K Flash / 96K SRAM,1048576,98304,spl,False,existing,GigaDevice/gigadevice.gd32f30x-0.1.1.mcupack
gigadevice.gd32f30x,0.1.1,GD32F307RC,GD32F307RC · 256K Flash / 96K SRAM,262144,98304,spl,False,existing,GigaDevice/gigadevice.gd32f30x-0.1.1.mcupack
gigadevice.gd32f30x,0.1.1,GD32F307RE,GD32F307RE · 512K Flash / 96K SRAM,524288,98304,spl,False,existing,GigaDevice/gigadevice.gd32f30x-0.1.1.mcupack
gigadevice.gd32f30x,0.1.1,GD32F307RG,GD32F307RG · 1024K Flash / 96K SRAM,1048576,98304,spl,False,existing,GigaDevice/gigadevice.gd32f30x-0.1.1.mcupack
gigadevice.gd32f30x,0.1.1,GD32F307VC,GD32F307VC · 256K Flash / 96K SRAM,262144,98304,spl,False,existing,GigaDevice/gigadevice.gd32f30x-0.1.1.mcupack
gigadevice.gd32f30x,0.1.1,GD32F307VE,GD32F307VE · 512K Flash / 96K SRAM,524288,98304,spl,False,existing,GigaDevice/gigadevice.gd32f30x-0.1.1.mcupack
gigadevice.gd32f30x,0.1.1,GD32F307VG,GD32F307VG · 1024K Flash / 96K SRAM,1048576,98304,spl,False,existing,GigaDevice/gigadevice.gd32f30x-0.1.1.mcupack
gigadevice.gd32f30x,0.1.1,GD32F307ZC,GD32F307ZC · 256K Flash / 96K SRAM,262144,98304,spl,False,existing,GigaDevice/gigadevice.gd32f30x-0.1.1.mcupack
gigadevice.gd32f30x,0.1.1,GD32F307ZE,GD32F307ZE · 512K Flash / 96K SRAM,524288,98304,spl,False,existing,GigaDevice/gigadevice.gd32f30x-0.1.1.mcupack
gigadevice.gd32f30x,0.1.1,GD32F307ZG,GD32F307ZG · 1024K Flash / 96K SRAM,1048576,98304,spl,False,existing,GigaDevice/gigadevice.gd32f30x-0.1.1.mcupack
gigadevice.gd32f3x0,0.1.1,GD32F310F4,GD32F310F4 · 16K Flash / 4K SRAM,16384,4096,spl,False,existing,GigaDevice/gigadevice.gd32f3x0-0.1.1.mcupack
gigadevice.gd32f3x0,0.1.1,GD32F310F6,GD32F310F6 · 32K Flash / 6K SRAM,32768,6144,spl,False,existing,GigaDevice/gigadevice.gd32f3x0-0.1.1.mcupack
gigadevice.gd32f3x0,0.1.1,GD32F310F8,GD32F310F8 · 64K Flash / 8K SRAM,65536,8192,spl,False,existing,GigaDevice/gigadevice.gd32f3x0-0.1.1.mcupack
gigadevice.gd32f3x0,0.1.1,GD32F310G8,GD32F310G8 · 64K Flash / 8K SRAM,65536,8192,spl,False,existing,GigaDevice/gigadevice.gd32f3x0-0.1.1.mcupack
gigadevice.gd32f3x0,0.1.1,GD32F310K6,GD32F310K6 · 32K Flash / 6K SRAM,32768,6144,spl,False,existing,GigaDevice/gigadevice.gd32f3x0-0.1.1.mcupack
gigadevice.gd32f3x0,0.1.1,GD32F310K8,GD32F310K8 · 64K Flash / 8K SRAM,65536,8192,spl,False,existing,GigaDevice/gigadevice.gd32f3x0-0.1.1.mcupack
gigadevice.gd32f3x0,0.1.1,GD32F310C8,GD32F310C8 · 64K Flash / 8K SRAM,65536,8192,spl,False,existing,GigaDevice/gigadevice.gd32f3x0-0.1.1.mcupack
gigadevice.gd32f3x0,0.1.1,GD32F330F4,GD32F330F4 · 16K Flash / 4K SRAM,16384,4096,spl,False,existing,GigaDevice/gigadevice.gd32f3x0-0.1.1.mcupack
gigadevice.gd32f3x0,0.1.1,GD32F330F6,GD32F330F6 · 32K Flash / 4K SRAM,32768,4096,spl,False,existing,GigaDevice/gigadevice.gd32f3x0-0.1.1.mcupack
gigadevice.gd32f3x0,0.1.1,GD32F330F8,GD32F330F8 · 64K Flash / 8K SRAM,65536,8192,spl,False,existing,GigaDevice/gigadevice.gd32f3x0-0.1.1.mcupack
gigadevice.gd32f3x0,0.1.1,GD32F330G4,GD32F330G4 · 16K Flash / 4K SRAM,16384,4096,spl,False,existing,GigaDevice/gigadevice.gd32f3x0-0.1.1.mcupack
gigadevice.gd32f3x0,0.1.1,GD32F330G6,GD32F330G6 · 32K Flash / 4K SRAM,32768,4096,spl,False,existing,GigaDevice/gigadevice.gd32f3x0-0.1.1.mcupack
gigadevice.gd32f3x0,0.1.1,GD32F330G8,GD32F330G8 · 64K Flash / 8K SRAM,65536,8192,spl,False,existing,GigaDevice/gigadevice.gd32f3x0-0.1.1.mcupack
gigadevice.gd32f3x0,0.1.1,GD32F330K4,GD32F330K4 · 16K Flash / 4K SRAM,16384,4096,spl,False,existing,GigaDevice/gigadevice.gd32f3x0-0.1.1.mcupack
gigadevice.gd32f3x0,0.1.1,GD32F330K6,GD32F330K6 · 32K Flash / 4K SRAM,32768,4096,spl,False,existing,GigaDevice/gigadevice.gd32f3x0-0.1.1.mcupack
gigadevice.gd32f3x0,0.1.1,GD32F330K8,GD32F330K8 · 64K Flash / 8K SRAM,65536,8192,spl,False,existing,GigaDevice/gigadevice.gd32f3x0-0.1.1.mcupack
gigadevice.gd32f3x0,0.1.1,GD32F330C4,GD32F330C4 · 16K Flash / 4K SRAM,16384,4096,spl,False,existing,GigaDevice/gigadevice.gd32f3x0-0.1.1.mcupack
gigadevice.gd32f3x0,0.1.1,GD32F330C6,GD32F330C6 · 32K Flash / 4K SRAM,32768,4096,spl,False,existing,GigaDevice/gigadevice.gd32f3x0-0.1.1.mcupack
gigadevice.gd32f3x0,0.1.1,GD32F330C8,GD32F330C8 · 64K Flash / 8K SRAM,65536,8192,spl,False,existing,GigaDevice/gigadevice.gd32f3x0-0.1.1.mcupack
gigadevice.gd32f3x0,0.1.1,GD32F330CB,GD32F330CB · 128K Flash / 16K SRAM,131072,16384,spl,False,existing,GigaDevice/gigadevice.gd32f3x0-0.1.1.mcupack
gigadevice.gd32f3x0,0.1.1,GD32F330R8,GD32F330R8 · 64K Flash / 16K SRAM,65536,16384,spl,False,existing,GigaDevice/gigadevice.gd32f3x0-0.1.1.mcupack
gigadevice.gd32f3x0,0.1.1,GD32F330RB,GD32F330RB · 128K Flash / 16K SRAM,131072,16384,spl,False,existing,GigaDevice/gigadevice.gd32f3x0-0.1.1.mcupack
gigadevice.gd32f3x0,0.1.1,GD32F350G4,GD32F350G4 · 16K Flash / 4K SRAM,16384,4096,spl,False,existing,GigaDevice/gigadevice.gd32f3x0-0.1.1.mcupack
gigadevice.gd32f3x0,0.1.1,GD32F350G6,GD32F350G6 · 32K Flash / 6K SRAM,32768,6144,spl,False,existing,GigaDevice/gigadevice.gd32f3x0-0.1.1.mcupack
gigadevice.gd32f3x0,0.1.1,GD32F350G8,GD32F350G8 · 64K Flash / 8K SRAM,65536,8192,spl,False,existing,GigaDevice/gigadevice.gd32f3x0-0.1.1.mcupack
gigadevice.gd32f3x0,0.1.1,GD32F350K4,GD32F350K4 · 16K Flash / 4K SRAM,16384,4096,spl,False,existing,GigaDevice/gigadevice.gd32f3x0-0.1.1.mcupack
gigadevice.gd32f3x0,0.1.1,GD32F350K6,GD32F350K6 · 32K Flash / 6K SRAM,32768,6144,spl,False,existing,GigaDevice/gigadevice.gd32f3x0-0.1.1.mcupack
gigadevice.gd32f3x0,0.1.1,GD32F350K8,GD32F350K8 · 64K Flash / 8K SRAM,65536,8192,spl,False,existing,GigaDevice/gigadevice.gd32f3x0-0.1.1.mcupack
gigadevice.gd32f3x0,0.1.1,GD32F350C4,GD32F350C4 · 16K Flash / 4K SRAM,16384,4096,spl,False,existing,GigaDevice/gigadevice.gd32f3x0-0.1.1.mcupack
gigadevice.gd32f3x0,0.1.1,GD32F350C6,GD32F350C6 · 32K Flash / 6K SRAM,32768,6144,spl,False,existing,GigaDevice/gigadevice.gd32f3x0-0.1.1.mcupack
gigadevice.gd32f3x0,0.1.1,GD32F350C8,GD32F350C8 · 64K Flash / 8K SRAM,65536,8192,spl,False,existing,GigaDevice/gigadevice.gd32f3x0-0.1.1.mcupack
gigadevice.gd32f3x0,0.1.1,GD32F350CB,GD32F350CB · 128K Flash / 16K SRAM,131072,16384,spl,False,existing,GigaDevice/gigadevice.gd32f3x0-0.1.1.mcupack
gigadevice.gd32f3x0,0.1.1,GD32F350R4,GD32F350R4 · 16K Flash / 4K SRAM,16384,4096,spl,False,existing,GigaDevice/gigadevice.gd32f3x0-0.1.1.mcupack
gigadevice.gd32f3x0,0.1.1,GD32F350R6,GD32F350R6 · 32K Flash / 8K SRAM,32768,8192,spl,False,existing,GigaDevice/gigadevice.gd32f3x0-0.1.1.mcupack
gigadevice.gd32f3x0,0.1.1,GD32F350R8,GD32F350R8 · 64K Flash / 16K SRAM,65536,16384,spl,False,existing,GigaDevice/gigadevice.gd32f3x0-0.1.1.mcupack
gigadevice.gd32f3x0,0.1.1,GD32F350RB,GD32F350RB · 128K Flash / 16K SRAM,131072,16384,spl,False,existing,GigaDevice/gigadevice.gd32f3x0-0.1.1.mcupack
gigadevice.gd32f403,0.1.1,GD32F403RC,GD32F403RC · 256K Flash / 48K SRAM,262144,49152,spl,False,existing,GigaDevice/gigadevice.gd32f403-0.1.1.mcupack
gigadevice.gd32f403,0.1.1,GD32F403RE,GD32F403RE · 512K Flash / 96K SRAM,524288,98304,spl,False,existing,GigaDevice/gigadevice.gd32f403-0.1.1.mcupack
gigadevice.gd32f403,0.1.1,GD32F403RG,GD32F403RG · 1024K Flash / 128K SRAM,1048576,131072,spl,False,existing,GigaDevice/gigadevice.gd32f403-0.1.1.mcupack
gigadevice.gd32f403,0.1.1,GD32F403RI,GD32F403RI · 2048K Flash / 128K SRAM,2097152,131072,spl,False,existing,GigaDevice/gigadevice.gd32f403-0.1.1.mcupack
gigadevice.gd32f403,0.1.1,GD32F403RK,GD32F403RK · 3072K Flash / 128K SRAM,3145728,131072,spl,False,existing,GigaDevice/gigadevice.gd32f403-0.1.1.mcupack
gigadevice.gd32f403,0.1.1,GD32F403VC,GD32F403VC · 256K Flash / 48K SRAM,262144,49152,spl,False,existing,GigaDevice/gigadevice.gd32f403-0.1.1.mcupack
gigadevice.gd32f403,0.1.1,GD32F403VE,GD32F403VE · 512K Flash / 96K SRAM,524288,98304,spl,False,existing,GigaDevice/gigadevice.gd32f403-0.1.1.mcupack
gigadevice.gd32f403,0.1.1,GD32F403VG,GD32F403VG · 1024K Flash / 128K SRAM,1048576,131072,spl,False,existing,GigaDevice/gigadevice.gd32f403-0.1.1.mcupack
gigadevice.gd32f403,0.1.1,GD32F403VI,GD32F403VI · 2048K Flash / 128K SRAM,2097152,131072,spl,False,existing,GigaDevice/gigadevice.gd32f403-0.1.1.mcupack
gigadevice.gd32f403,0.1.1,GD32F403VK,GD32F403VK · 3072K Flash / 128K SRAM,3145728,131072,spl,False,existing,GigaDevice/gigadevice.gd32f403-0.1.1.mcupack
gigadevice.gd32f403,0.1.1,GD32F403ZC,GD32F403ZC · 256K Flash / 48K SRAM,262144,49152,spl,False,existing,GigaDevice/gigadevice.gd32f403-0.1.1.mcupack
gigadevice.gd32f403,0.1.1,GD32F403ZE,GD32F403ZE · 512K Flash / 96K SRAM,524288,98304,spl,False,existing,GigaDevice/gigadevice.gd32f403-0.1.1.mcupack
gigadevice.gd32f403,0.1.1,GD32F403ZG,GD32F403ZG · 1024K Flash / 128K SRAM,1048576,131072,spl,False,existing,GigaDevice/gigadevice.gd32f403-0.1.1.mcupack
gigadevice.gd32f403,0.1.1,GD32F403ZI,GD32F403ZI · 2048K Flash / 128K SRAM,2097152,131072,spl,False,existing,GigaDevice/gigadevice.gd32f403-0.1.1.mcupack
gigadevice.gd32f403,0.1.1,GD32F403ZK,GD32F403ZK · 3072K Flash / 128K SRAM,3145728,131072,spl,False,existing,GigaDevice/gigadevice.gd32f403-0.1.1.mcupack
gigadevice.gd32f4xx,0.1.1,GD32F405RE,GD32F405RE · 512K Flash / 128K SRAM,524288,131072,spl,False,existing,GigaDevice/gigadevice.gd32f4xx-0.1.1.mcupack
gigadevice.gd32f4xx,0.1.1,GD32F405RG,GD32F405RG · 1024K Flash / 128K SRAM,1048576,131072,spl,False,existing,GigaDevice/gigadevice.gd32f4xx-0.1.1.mcupack
gigadevice.gd32f4xx,0.1.1,GD32F405RK,GD32F405RK · 3072K Flash / 128K SRAM,3145728,131072,spl,False,existing,GigaDevice/gigadevice.gd32f4xx-0.1.1.mcupack
gigadevice.gd32f4xx,0.1.1,GD32F405VG,GD32F405VG · 1024K Flash / 128K SRAM,1048576,131072,spl,False,existing,GigaDevice/gigadevice.gd32f4xx-0.1.1.mcupack
gigadevice.gd32f4xx,0.1.1,GD32F405VK,GD32F405VK · 3072K Flash / 128K SRAM,3145728,131072,spl,False,existing,GigaDevice/gigadevice.gd32f4xx-0.1.1.mcupack
gigadevice.gd32f4xx,0.1.1,GD32F405ZG,GD32F405ZG · 1024K Flash / 128K SRAM,1048576,131072,spl,False,existing,GigaDevice/gigadevice.gd32f4xx-0.1.1.mcupack
gigadevice.gd32f4xx,0.1.1,GD32F405ZK,GD32F405ZK · 3072K Flash / 128K SRAM,3145728,131072,spl,False,existing,GigaDevice/gigadevice.gd32f4xx-0.1.1.mcupack
gigadevice.gd32f4xx,0.1.1,GD32F407RE,GD32F407RE · 512K Flash / 128K SRAM,524288,131072,spl,False,existing,GigaDevice/gigadevice.gd32f4xx-0.1.1.mcupack
gigadevice.gd32f4xx,0.1.1,GD32F407RG,GD32F407RG · 1024K Flash / 128K SRAM,1048576,131072,spl,False,existing,GigaDevice/gigadevice.gd32f4xx-0.1.1.mcupack
gigadevice.gd32f4xx,0.1.1,GD32F407RK,GD32F407RK · 3072K Flash / 128K SRAM,3145728,131072,spl,False,existing,GigaDevice/gigadevice.gd32f4xx-0.1.1.mcupack
gigadevice.gd32f4xx,0.1.1,GD32F407VE,GD32F407VE · 512K Flash / 128K SRAM,524288,131072,spl,False,existing,GigaDevice/gigadevice.gd32f4xx-0.1.1.mcupack
gigadevice.gd32f4xx,0.1.1,GD32F407VG,GD32F407VG · 1024K Flash / 128K SRAM,1048576,131072,spl,False,existing,GigaDevice/gigadevice.gd32f4xx-0.1.1.mcupack
gigadevice.gd32f4xx,0.1.1,GD32F407VK,GD32F407VK · 3072K Flash / 128K SRAM,3145728,131072,spl,False,existing,GigaDevice/gigadevice.gd32f4xx-0.1.1.mcupack
gigadevice.gd32f4xx,0.1.1,GD32F407ZE,GD32F407ZE · 512K Flash / 128K SRAM,524288,131072,spl,False,existing,GigaDevice/gigadevice.gd32f4xx-0.1.1.mcupack
gigadevice.gd32f4xx,0.1.1,GD32F407ZG,GD32F407ZG · 1024K Flash / 128K SRAM,1048576,131072,spl,False,existing,GigaDevice/gigadevice.gd32f4xx-0.1.1.mcupack
gigadevice.gd32f4xx,0.1.1,GD32F407ZK,GD32F407ZK · 3072K Flash / 128K SRAM,3145728,131072,spl,False,existing,GigaDevice/gigadevice.gd32f4xx-0.1.1.mcupack
gigadevice.gd32f4xx,0.1.1,GD32F407IE,GD32F407IE · 512K Flash / 128K SRAM,524288,131072,spl,False,existing,GigaDevice/gigadevice.gd32f4xx-0.1.1.mcupack
gigadevice.gd32f4xx,0.1.1,GD32F407IG,GD32F407IG · 1024K Flash / 128K SRAM,1048576,131072,spl,False,existing,GigaDevice/gigadevice.gd32f4xx-0.1.1.mcupack
gigadevice.gd32f4xx,0.1.1,GD32F407IK,GD32F407IK · 3072K Flash / 128K SRAM,3145728,131072,spl,False,existing,GigaDevice/gigadevice.gd32f4xx-0.1.1.mcupack
gigadevice.gd32f4xx,0.1.1,GD32F450VE,GD32F450VE · 512K Flash / 192K SRAM,524288,196608,spl,False,existing,GigaDevice/gigadevice.gd32f4xx-0.1.1.mcupack
gigadevice.gd32f4xx,0.1.1,GD32F450VG,GD32F450VG · 1024K Flash / 192K SRAM,1048576,196608,spl,False,existing,GigaDevice/gigadevice.gd32f4xx-0.1.1.mcupack
gigadevice.gd32f4xx,0.1.1,GD32F450VI,GD32F450VI · 2048K Flash / 448K SRAM,2097152,458752,spl,False,existing,GigaDevice/gigadevice.gd32f4xx-0.1.1.mcupack
gigadevice.gd32f4xx,0.1.1,GD32F450VK,GD32F450VK · 3072K Flash / 192K SRAM,3145728,196608,spl,False,existing,GigaDevice/gigadevice.gd32f4xx-0.1.1.mcupack
gigadevice.gd32f4xx,0.1.1,GD32F450ZE,GD32F450ZE · 512K Flash / 192K SRAM,524288,196608,spl,False,existing,GigaDevice/gigadevice.gd32f4xx-0.1.1.mcupack
gigadevice.gd32f4xx,0.1.1,GD32F450ZG,GD32F450ZG · 1024K Flash / 192K SRAM,1048576,196608,spl,False,existing,GigaDevice/gigadevice.gd32f4xx-0.1.1.mcupack
gigadevice.gd32f4xx,0.1.1,GD32F450ZI,GD32F450ZI · 2048K Flash / 448K SRAM,2097152,458752,spl,False,existing,GigaDevice/gigadevice.gd32f4xx-0.1.1.mcupack
gigadevice.gd32f4xx,0.1.1,GD32F450ZK,GD32F450ZK · 3072K Flash / 192K SRAM,3145728,196608,spl,False,existing,GigaDevice/gigadevice.gd32f4xx-0.1.1.mcupack
gigadevice.gd32f4xx,0.1.1,GD32F450IG,GD32F450IG · 1024K Flash / 192K SRAM,1048576,196608,spl,False,existing,GigaDevice/gigadevice.gd32f4xx-0.1.1.mcupack
gigadevice.gd32f4xx,0.1.1,GD32F450II,GD32F450II · 2048K Flash / 448K SRAM,2097152,458752,spl,False,existing,GigaDevice/gigadevice.gd32f4xx-0.1.1.mcupack
gigadevice.gd32f4xx,0.1.1,GD32F450IK,GD32F450IK · 3072K Flash / 192K SRAM,3145728,196608,spl,False,existing,GigaDevice/gigadevice.gd32f4xx-0.1.1.mcupack
gigadevice.gd32f4xx,0.1.1,GD32F470VE,GD32F470VE · 512K Flash / 192K SRAM,524288,196608,spl,False,existing,GigaDevice/gigadevice.gd32f4xx-0.1.1.mcupack
gigadevice.gd32f4xx,0.1.1,GD32F470VG,GD32F470VG · 1024K Flash / 448K SRAM,1048576,458752,spl,False,existing,GigaDevice/gigadevice.gd32f4xx-0.1.1.mcupack
gigadevice.gd32f4xx,0.1.1,GD32F470VI,GD32F470VI · 2048K Flash / 704K SRAM,2097152,720896,spl,False,existing,GigaDevice/gigadevice.gd32f4xx-0.1.1.mcupack
gigadevice.gd32f4xx,0.1.1,GD32F470VK,GD32F470VK · 3072K Flash / 192K SRAM,3145728,196608,spl,False,existing,GigaDevice/gigadevice.gd32f4xx-0.1.1.mcupack
gigadevice.gd32f4xx,0.1.1,GD32F470ZE,GD32F470ZE · 512K Flash / 192K SRAM,524288,196608,spl,False,existing,GigaDevice/gigadevice.gd32f4xx-0.1.1.mcupack
gigadevice.gd32f4xx,0.1.1,GD32F470ZG,GD32F470ZG · 1024K Flash / 448K SRAM,1048576,458752,spl,False,existing,GigaDevice/gigadevice.gd32f4xx-0.1.1.mcupack
gigadevice.gd32f4xx,0.1.1,GD32F470ZI,GD32F470ZI · 2048K Flash / 704K SRAM,2097152,720896,spl,False,existing,GigaDevice/gigadevice.gd32f4xx-0.1.1.mcupack
gigadevice.gd32f4xx,0.1.1,GD32F470ZK,GD32F470ZK · 3072K Flash / 192K SRAM,3145728,196608,spl,False,existing,GigaDevice/gigadevice.gd32f4xx-0.1.1.mcupack
gigadevice.gd32f4xx,0.1.1,GD32F470IG,GD32F470IG · 1024K Flash / 192K SRAM,1048576,196608,spl,False,existing,GigaDevice/gigadevice.gd32f4xx-0.1.1.mcupack
gigadevice.gd32f4xx,0.1.1,GD32F470II,GD32F470II · 2048K Flash / 448K SRAM,2097152,458752,spl,False,existing,GigaDevice/gigadevice.gd32f4xx-0.1.1.mcupack
gigadevice.gd32f4xx,0.1.1,GD32F470IK,GD32F470IK · 3072K Flash / 192K SRAM,3145728,196608,spl,False,existing,GigaDevice/gigadevice.gd32f4xx-0.1.1.mcupack
gigadevice.gd32f4xx,0.1.1,GD32F425RE,GD32F425RE · 512K Flash / 192K SRAM,524288,196608,spl,False,existing,GigaDevice/gigadevice.gd32f4xx-0.1.1.mcupack
gigadevice.gd32f4xx,0.1.1,GD32F425RG,GD32F425RG · 1024K Flash / 192K SRAM,1048576,196608,spl,False,existing,GigaDevice/gigadevice.gd32f4xx-0.1.1.mcupack
gigadevice.gd32f4xx,0.1.1,GD32F425RK,GD32F425RK · 3072K Flash / 192K SRAM,3145728,196608,spl,False,existing,GigaDevice/gigadevice.gd32f4xx-0.1.1.mcupack
gigadevice.gd32f4xx,0.1.1,GD32F425VG,GD32F425VG · 1024K Flash / 192K SRAM,1048576,196608,spl,False,existing,GigaDevice/gigadevice.gd32f4xx-0.1.1.mcupack
gigadevice.gd32f4xx,0.1.1,GD32F425VK,GD32F425VK · 3072K Flash / 192K SRAM,3145728,196608,spl,False,existing,GigaDevice/gigadevice.gd32f4xx-0.1.1.mcupack
gigadevice.gd32f4xx,0.1.1,GD32F425ZG,GD32F425ZG · 1024K Flash / 192K SRAM,1048576,196608,spl,False,existing,GigaDevice/gigadevice.gd32f4xx-0.1.1.mcupack
gigadevice.gd32f4xx,0.1.1,GD32F425ZK,GD32F425ZK · 3072K Flash / 192K SRAM,3145728,196608,spl,False,existing,GigaDevice/gigadevice.gd32f4xx-0.1.1.mcupack
gigadevice.gd32f4xx,0.1.1,GD32F427RE,GD32F427RE · 512K Flash / 192K SRAM,524288,196608,spl,False,existing,GigaDevice/gigadevice.gd32f4xx-0.1.1.mcupack
gigadevice.gd32f4xx,0.1.1,GD32F427RG,GD32F427RG · 1024K Flash / 192K SRAM,1048576,196608,spl,False,existing,GigaDevice/gigadevice.gd32f4xx-0.1.1.mcupack
gigadevice.gd32f4xx,0.1.1,GD32F427RK,GD32F427RK · 3072K Flash / 192K SRAM,3145728,196608,spl,False,existing,GigaDevice/gigadevice.gd32f4xx-0.1.1.mcupack
gigadevice.gd32f4xx,0.1.1,GD32F427VE,GD32F427VE · 512K Flash / 192K SRAM,524288,196608,spl,False,existing,GigaDevice/gigadevice.gd32f4xx-0.1.1.mcupack
gigadevice.gd32f4xx,0.1.1,GD32F427VG,GD32F427VG · 1024K Flash / 192K SRAM,1048576,196608,spl,False,existing,GigaDevice/gigadevice.gd32f4xx-0.1.1.mcupack
gigadevice.gd32f4xx,0.1.1,GD32F427VK,GD32F427VK · 3072K Flash / 192K SRAM,3145728,196608,spl,False,existing,GigaDevice/gigadevice.gd32f4xx-0.1.1.mcupack
gigadevice.gd32f4xx,0.1.1,GD32F427ZE,GD32F427ZE · 512K Flash / 192K SRAM,524288,196608,spl,False,existing,GigaDevice/gigadevice.gd32f4xx-0.1.1.mcupack
gigadevice.gd32f4xx,0.1.1,GD32F427ZG,GD32F427ZG · 1024K Flash / 192K SRAM,1048576,196608,spl,False,existing,GigaDevice/gigadevice.gd32f4xx-0.1.1.mcupack
gigadevice.gd32f4xx,0.1.1,GD32F427ZK,GD32F427ZK · 3072K Flash / 192K SRAM,3145728,196608,spl,False,existing,GigaDevice/gigadevice.gd32f4xx-0.1.1.mcupack
gigadevice.gd32f4xx,0.1.1,GD32F427IE,GD32F427IE · 512K Flash / 192K SRAM,524288,196608,spl,False,existing,GigaDevice/gigadevice.gd32f4xx-0.1.1.mcupack
gigadevice.gd32f4xx,0.1.1,GD32F427IG,GD32F427IG · 1024K Flash / 192K SRAM,1048576,196608,spl,False,existing,GigaDevice/gigadevice.gd32f4xx-0.1.1.mcupack
gigadevice.gd32f4xx,0.1.1,GD32F427IK,GD32F427IK · 3072K Flash / 192K SRAM,3145728,196608,spl,False,existing,GigaDevice/gigadevice.gd32f4xx-0.1.1.mcupack
gigadevice.gd32l23x,0.1.0,GD32L233RC,GD32L233RC · 256K Flash / 32K SRAM,262144,32768,spl,False,existing,GigaDevice/gigadevice.gd32l23x-0.1.0.mcupack
gigadevice.gd32l23x,0.1.0,GD32L233RB,GD32L233RB · 128K Flash / 24K SRAM,131072,24576,spl,False,existing,GigaDevice/gigadevice.gd32l23x-0.1.0.mcupack
gigadevice.gd32l23x,0.1.0,GD32L233R8,GD32L233R8 · 64K Flash / 16K SRAM,65536,16384,spl,False,existing,GigaDevice/gigadevice.gd32l23x-0.1.0.mcupack
gigadevice.gd32l23x,0.1.0,GD32L233CC,GD32L233CC · 256K Flash / 32K SRAM,262144,32768,spl,False,existing,GigaDevice/gigadevice.gd32l23x-0.1.0.mcupack
gigadevice.gd32l23x,0.1.0,GD32L233CB,GD32L233CB · 128K Flash / 24K SRAM,131072,24576,spl,False,existing,GigaDevice/gigadevice.gd32l23x-0.1.0.mcupack
gigadevice.gd32l23x,0.1.0,GD32L233C8,GD32L233C8 · 64K Flash / 16K SRAM,65536,16384,spl,False,existing,GigaDevice/gigadevice.gd32l23x-0.1.0.mcupack
gigadevice.gd32l23x,0.1.0,GD32L233KB,GD32L233KB · 128K Flash / 24K SRAM,131072,24576,spl,False,existing,GigaDevice/gigadevice.gd32l23x-0.1.0.mcupack
gigadevice.gd32l23x,0.1.0,GD32L233K8,GD32L233K8 · 64K Flash / 16K SRAM,65536,16384,spl,False,existing,GigaDevice/gigadevice.gd32l23x-0.1.0.mcupack
hdsc.hc32f003,0.1.1,HC32F003C4UA,HC32F003C4UA,16384,2048,cmsis,False,new,HDSC/hdsc.hc32f003-0.1.1.mcupack
hdsc.hc32f003,0.1.1,HC32F003C4PA,HC32F003C4PA,16384,2048,cmsis,False,new,HDSC/hdsc.hc32f003-0.1.1.mcupack
hdsc.hc32f005,0.1.1,HC32F005C6UA,HC32F005C6UA,32768,4096,cmsis,False,new,HDSC/hdsc.hc32f005-0.1.1.mcupack
hdsc.hc32f005,0.1.1,HC32F005C6PA,HC32F005C6PA,32768,4096,cmsis,False,new,HDSC/hdsc.hc32f005-0.1.1.mcupack
hdsc.hc32f030,0.1.1,HC32F030J8TA,HC32F030J8TA,65536,8192,cmsis,False,new,HDSC/hdsc.hc32f030-0.1.1.mcupack
hdsc.hc32f030,0.1.1,HC32F030F8UA,HC32F030F8UA,65536,8192,cmsis,False,new,HDSC/hdsc.hc32f030-0.1.1.mcupack
hdsc.hc32f030,0.1.1,HC32F030E8PA,HC32F030E8PA,65536,8192,cmsis,False,new,HDSC/hdsc.hc32f030-0.1.1.mcupack
hdsc.hc32f030,0.1.1,HC32F030F8TA,HC32F030F8TA,65536,8192,cmsis,False,new,HDSC/hdsc.hc32f030-0.1.1.mcupack
hdsc.hc32f030,0.1.1,HC32F030K8TA,HC32F030K8TA,65536,8192,cmsis,False,new,HDSC/hdsc.hc32f030-0.1.1.mcupack
hdsc.hc32f072,0.1.1,HC32F072PATA,HC32F072PATA,131072,16384,cmsis,False,new,HDSC/hdsc.hc32f072-0.1.1.mcupack
hdsc.hc32f072,0.1.1,HC32F072KATA,HC32F072KATA,131072,16384,cmsis,False,new,HDSC/hdsc.hc32f072-0.1.1.mcupack
hdsc.hc32f072,0.1.1,HC32F072JATA,HC32F072JATA,131072,16384,cmsis,False,new,HDSC/hdsc.hc32f072-0.1.1.mcupack
hdsc.hc32f072,0.1.1,HC32F072FAUA,HC32F072FAUA,131072,16384,cmsis,False,new,HDSC/hdsc.hc32f072-0.1.1.mcupack
hdsc.hc32l110,0.1.1,HC32L110C6UA,HC32L110C6UA,32768,4096,cmsis,False,new,HDSC/hdsc.hc32l110-0.1.1.mcupack
hdsc.hc32l110,0.1.1,HC32L110C6PA,HC32L110C6PA,32768,4096,cmsis,False,new,HDSC/hdsc.hc32l110-0.1.1.mcupack
hdsc.hc32l110,0.1.1,HC32L110B6PA,HC32L110B6PA,32768,4096,cmsis,False,new,HDSC/hdsc.hc32l110-0.1.1.mcupack
hdsc.hc32l110,0.1.1,HC32L110C4UA,HC32L110C4UA,16384,2048,cmsis,False,new,HDSC/hdsc.hc32l110-0.1.1.mcupack
hdsc.hc32l110,0.1.1,HC32L110C4PA,HC32L110C4PA,16384,2048,cmsis,False,new,HDSC/hdsc.hc32l110-0.1.1.mcupack
hdsc.hc32l110,0.1.1,HC32L110B4PA,HC32L110B4PA,16384,2048,cmsis,False,new,HDSC/hdsc.hc32l110-0.1.1.mcupack
hdsc.hc32l130,0.1.1,HC32L130J8TA,HC32L130J8TA,65536,8192,cmsis,False,new,HDSC/hdsc.hc32l130-0.1.1.mcupack
hdsc.hc32l130,0.1.1,HC32L130F8UA,HC32L130F8UA,65536,8192,cmsis,False,new,HDSC/hdsc.hc32l130-0.1.1.mcupack
hdsc.hc32l130,0.1.1,HC32L130E8PA,HC32L130E8PA,65536,8192,cmsis,False,new,HDSC/hdsc.hc32l130-0.1.1.mcupack
hdsc.hc32l136,0.1.1,HC32L136K8TA,HC32L136K8TA,65536,8192,cmsis,False,new,HDSC/hdsc.hc32l136-0.1.1.mcupack
hdsc.hc32l136,0.1.1,HC32L136J8TA,HC32L136J8TA,65536,8192,cmsis,False,new,HDSC/hdsc.hc32l136-0.1.1.mcupack
microchip.samd21,0.1.0,ATSAMD21E15A,ATSAMD21E15A,32768,4096,cmsis,False,new,Microchip/microchip.samd21-0.1.0.mcupack
microchip.samd21,0.1.0,ATSAMD21E15B,ATSAMD21E15B,32768,4096,cmsis,False,new,Microchip/microchip.samd21-0.1.0.mcupack
microchip.samd21,0.1.0,ATSAMD21E15BU,ATSAMD21E15BU,32768,4096,cmsis,False,new,Microchip/microchip.samd21-0.1.0.mcupack
microchip.samd21,0.1.0,ATSAMD21E15CU,ATSAMD21E15CU,32768,4096,cmsis,False,new,Microchip/microchip.samd21-0.1.0.mcupack
microchip.samd21,0.1.0,ATSAMD21E15L,ATSAMD21E15L,32768,4096,cmsis,False,new,Microchip/microchip.samd21-0.1.0.mcupack
microchip.samd21,0.1.0,ATSAMD21E16A,ATSAMD21E16A,65536,8192,cmsis,False,new,Microchip/microchip.samd21-0.1.0.mcupack
microchip.samd21,0.1.0,ATSAMD21E16B,ATSAMD21E16B,65536,8192,cmsis,False,new,Microchip/microchip.samd21-0.1.0.mcupack
microchip.samd21,0.1.0,ATSAMD21E16BU,ATSAMD21E16BU,65536,8192,cmsis,False,new,Microchip/microchip.samd21-0.1.0.mcupack
microchip.samd21,0.1.0,ATSAMD21E16CU,ATSAMD21E16CU,65536,8192,cmsis,False,new,Microchip/microchip.samd21-0.1.0.mcupack
microchip.samd21,0.1.0,ATSAMD21E16L,ATSAMD21E16L,65536,8192,cmsis,False,new,Microchip/microchip.samd21-0.1.0.mcupack
microchip.samd21,0.1.0,ATSAMD21E17A,ATSAMD21E17A,131072,16384,cmsis,False,new,Microchip/microchip.samd21-0.1.0.mcupack
microchip.samd21,0.1.0,ATSAMD21E17D,ATSAMD21E17D,131072,16384,cmsis,False,new,Microchip/microchip.samd21-0.1.0.mcupack
microchip.samd21,0.1.0,ATSAMD21E17DU,ATSAMD21E17DU,131072,16384,cmsis,False,new,Microchip/microchip.samd21-0.1.0.mcupack
microchip.samd21,0.1.0,ATSAMD21E17L,ATSAMD21E17L,131072,16384,cmsis,False,new,Microchip/microchip.samd21-0.1.0.mcupack
microchip.samd21,0.1.0,ATSAMD21E18A,ATSAMD21E18A,262144,32768,cmsis,False,new,Microchip/microchip.samd21-0.1.0.mcupack
microchip.samd21,0.1.0,ATSAMD21G15A,ATSAMD21G15A,32768,4096,cmsis,False,new,Microchip/microchip.samd21-0.1.0.mcupack
microchip.samd21,0.1.0,ATSAMD21G15B,ATSAMD21G15B,32768,4096,cmsis,False,new,Microchip/microchip.samd21-0.1.0.mcupack
microchip.samd21,0.1.0,ATSAMD21G15L,ATSAMD21G15L,32768,4096,cmsis,False,new,Microchip/microchip.samd21-0.1.0.mcupack
microchip.samd21,0.1.0,ATSAMD21G16A,ATSAMD21G16A,65536,8192,cmsis,False,new,Microchip/microchip.samd21-0.1.0.mcupack
microchip.samd21,0.1.0,ATSAMD21G16B,ATSAMD21G16B,65536,8192,cmsis,False,new,Microchip/microchip.samd21-0.1.0.mcupack
microchip.samd21,0.1.0,ATSAMD21G16L,ATSAMD21G16L,65536,8192,cmsis,False,new,Microchip/microchip.samd21-0.1.0.mcupack
microchip.samd21,0.1.0,ATSAMD21G17A,ATSAMD21G17A,131072,16384,cmsis,False,new,Microchip/microchip.samd21-0.1.0.mcupack
microchip.samd21,0.1.0,ATSAMD21G17AU,ATSAMD21G17AU,131072,16384,cmsis,False,new,Microchip/microchip.samd21-0.1.0.mcupack
microchip.samd21,0.1.0,ATSAMD21G17D,ATSAMD21G17D,131072,16384,cmsis,False,new,Microchip/microchip.samd21-0.1.0.mcupack
microchip.samd21,0.1.0,ATSAMD21G17L,ATSAMD21G17L,131072,16384,cmsis,False,new,Microchip/microchip.samd21-0.1.0.mcupack
microchip.samd21,0.1.0,ATSAMD21G18A,ATSAMD21G18A,262144,32768,cmsis,False,new,Microchip/microchip.samd21-0.1.0.mcupack
microchip.samd21,0.1.0,ATSAMD21G18AU,ATSAMD21G18AU,262144,32768,cmsis,False,new,Microchip/microchip.samd21-0.1.0.mcupack
microchip.samd21,0.1.0,ATSAMD21J15A,ATSAMD21J15A,32768,4096,cmsis,False,new,Microchip/microchip.samd21-0.1.0.mcupack
microchip.samd21,0.1.0,ATSAMD21J15B,ATSAMD21J15B,32768,4096,cmsis,False,new,Microchip/microchip.samd21-0.1.0.mcupack
microchip.samd21,0.1.0,ATSAMD21J16A,ATSAMD21J16A,65536,8192,cmsis,False,new,Microchip/microchip.samd21-0.1.0.mcupack
microchip.samd21,0.1.0,ATSAMD21J16B,ATSAMD21J16B,65536,8192,cmsis,False,new,Microchip/microchip.samd21-0.1.0.mcupack
microchip.samd21,0.1.0,ATSAMD21J17A,ATSAMD21J17A,131072,16384,cmsis,False,new,Microchip/microchip.samd21-0.1.0.mcupack
microchip.samd21,0.1.0,ATSAMD21J17D,ATSAMD21J17D,131072,16384,cmsis,False,new,Microchip/microchip.samd21-0.1.0.mcupack
microchip.samd21,0.1.0,ATSAMD21J18A,ATSAMD21J18A,262144,32768,cmsis,False,new,Microchip/microchip.samd21-0.1.0.mcupack
microchip.samd51,0.1.0,ATSAMD51G18A,ATSAMD51G18A,262144,32768,cmsis,False,new,Microchip/microchip.samd51-0.1.0.mcupack
microchip.samd51,0.1.0,ATSAMD51G19A,ATSAMD51G19A,524288,32768,cmsis,False,new,Microchip/microchip.samd51-0.1.0.mcupack
microchip.samd51,0.1.0,ATSAMD51J18A,ATSAMD51J18A,262144,32768,cmsis,False,new,Microchip/microchip.samd51-0.1.0.mcupack
microchip.samd51,0.1.0,ATSAMD51J19A,ATSAMD51J19A,524288,32768,cmsis,False,new,Microchip/microchip.samd51-0.1.0.mcupack
microchip.samd51,0.1.0,ATSAMD51J20A,ATSAMD51J20A,1048576,32768,cmsis,False,new,Microchip/microchip.samd51-0.1.0.mcupack
microchip.samd51,0.1.0,ATSAMD51N19A,ATSAMD51N19A,524288,32768,cmsis,False,new,Microchip/microchip.samd51-0.1.0.mcupack
microchip.samd51,0.1.0,ATSAMD51N20A,ATSAMD51N20A,1048576,32768,cmsis,False,new,Microchip/microchip.samd51-0.1.0.mcupack
microchip.samd51,0.1.0,ATSAMD51P19A,ATSAMD51P19A,524288,32768,cmsis,False,new,Microchip/microchip.samd51-0.1.0.mcupack
microchip.samd51,0.1.0,ATSAMD51P20A,ATSAMD51P20A,1048576,32768,cmsis,False,new,Microchip/microchip.samd51-0.1.0.mcupack
mindmotion.mm32f003,0.1.1,MM32F003TW,MM32F003TW,16384,2048,cmsis,False,new,MindMotion/mindmotion.mm32f003-0.1.1.mcupack
mindmotion.mm32f003,0.1.1,MM32F003NW,MM32F003NW,16384,2048,cmsis,False,new,MindMotion/mindmotion.mm32f003-0.1.1.mcupack
mindmotion.mm32f031,0.1.1,MM32F031CBT,MM32F031CBT,131072,8192,cmsis,False,new,MindMotion/mindmotion.mm32f031-0.1.1.mcupack
mindmotion.mm32f031,0.1.1,MM32F031KBT,MM32F031KBT,131072,8192,cmsis,False,new,MindMotion/mindmotion.mm32f031-0.1.1.mcupack
mindmotion.mm32f031,0.1.1,MM32F031KBU,MM32F031KBU,131072,8192,cmsis,False,new,MindMotion/mindmotion.mm32f031-0.1.1.mcupack
mindmotion.mm32f031,0.1.1,MM32F031C8T,MM32F031C8T,65536,8192,cmsis,False,new,MindMotion/mindmotion.mm32f031-0.1.1.mcupack
mindmotion.mm32f031,0.1.1,MM32F031K8T,MM32F031K8T,65536,8192,cmsis,False,new,MindMotion/mindmotion.mm32f031-0.1.1.mcupack
mindmotion.mm32f031,0.1.1,MM32F031K8U,MM32F031K8U,65536,8192,cmsis,False,new,MindMotion/mindmotion.mm32f031-0.1.1.mcupack
mindmotion.mm32f031,0.1.1,MM32F031C6T,MM32F031C6T,32768,4096,cmsis,False,new,MindMotion/mindmotion.mm32f031-0.1.1.mcupack
mindmotion.mm32f031,0.1.1,MM32F031K6T,MM32F031K6T,32768,4096,cmsis,False,new,MindMotion/mindmotion.mm32f031-0.1.1.mcupack
mindmotion.mm32f031,0.1.1,MM32F031K6U,MM32F031K6U,32768,4096,cmsis,False,new,MindMotion/mindmotion.mm32f031-0.1.1.mcupack
mindmotion.mm32f031,0.1.1,MM32F031G6U,MM32F031G6U,32768,4096,cmsis,False,new,MindMotion/mindmotion.mm32f031-0.1.1.mcupack
mindmotion.mm32f031,0.1.1,MM32F031F6P,MM32F031F6P,32768,4096,cmsis,False,new,MindMotion/mindmotion.mm32f031-0.1.1.mcupack
mindmotion.mm32f031,0.1.1,MM32F031K4U,MM32F031K4U,16384,4096,cmsis,False,new,MindMotion/mindmotion.mm32f031-0.1.1.mcupack
mindmotion.mm32f031,0.1.1,MM32F031F4P,MM32F031F4P,16384,4096,cmsis,False,new,MindMotion/mindmotion.mm32f031-0.1.1.mcupack
mindmotion.mm32f103,0.1.1,MM32F103RBT,MM32F103RBT,131072,20480,cmsis,False,new,MindMotion/mindmotion.mm32f103-0.1.1.mcupack
mindmotion.mm32f103,0.1.1,MM32F103CBT,MM32F103CBT,131072,20480,cmsis,False,new,MindMotion/mindmotion.mm32f103-0.1.1.mcupack
mindmotion.mm32f103,0.1.1,MM32F103KBT,MM32F103KBT,131072,20480,cmsis,False,new,MindMotion/mindmotion.mm32f103-0.1.1.mcupack
mindmotion.mm32f103,0.1.1,MM32F103KBU,MM32F103KBU,131072,20480,cmsis,False,new,MindMotion/mindmotion.mm32f103-0.1.1.mcupack
mindmotion.mm32f103,0.1.1,MM32F103R8T,MM32F103R8T,65536,20480,cmsis,False,new,MindMotion/mindmotion.mm32f103-0.1.1.mcupack
mindmotion.mm32f103,0.1.1,MM32F103C8T,MM32F103C8T,65536,20480,cmsis,False,new,MindMotion/mindmotion.mm32f103-0.1.1.mcupack
mindmotion.mm32f103,0.1.1,MM32F103K8T,MM32F103K8T,65536,20480,cmsis,False,new,MindMotion/mindmotion.mm32f103-0.1.1.mcupack
mindmotion.mm32f103,0.1.1,MM32F103K8U,MM32F103K8U,65536,20480,cmsis,False,new,MindMotion/mindmotion.mm32f103-0.1.1.mcupack
mindmotion.mm32f3273,0.1.1,MM32F3273E7P,MM32F3273E7P,262144,98304,cmsis,False,new,MindMotion/mindmotion.mm32f3273-0.1.1.mcupack
mindmotion.mm32f3273,0.1.1,MM32F3273E8P,MM32F3273E8P,262144,98304,cmsis,False,new,MindMotion/mindmotion.mm32f3273-0.1.1.mcupack
mindmotion.mm32f3273,0.1.1,MM32F3273GAQ,MM32F3273GAQ,524288,131072,cmsis,False,new,MindMotion/mindmotion.mm32f3273-0.1.1.mcupack
mindmotion.mm32f3273,0.1.1,MM32F3273G6P,MM32F3273G6P,524288,131072,cmsis,False,new,MindMotion/mindmotion.mm32f3273-0.1.1.mcupack
mindmotion.mm32f3273,0.1.1,MM32F3273G7P,MM32F3273G7P,524288,131072,cmsis,False,new,MindMotion/mindmotion.mm32f3273-0.1.1.mcupack
mindmotion.mm32f3273,0.1.1,MM32F3273G8P,MM32F3273G8P,524288,131072,cmsis,False,new,MindMotion/mindmotion.mm32f3273-0.1.1.mcupack
mindmotion.mm32f3277,0.1.1,MM32F3277E7P,MM32F3277E7P,262144,131072,cmsis,False,new,MindMotion/mindmotion.mm32f3277-0.1.1.mcupack
mindmotion.mm32f3277,0.1.1,MM32F3277E8P,MM32F3277E8P,262144,131072,cmsis,False,new,MindMotion/mindmotion.mm32f3277-0.1.1.mcupack
mindmotion.mm32f3277,0.1.1,MM32F3277E9P,MM32F3277E9P,262144,131072,cmsis,False,new,MindMotion/mindmotion.mm32f3277-0.1.1.mcupack
mindmotion.mm32f3277,0.1.1,MM32F3277G7P,MM32F3277G7P,524288,131072,cmsis,False,new,MindMotion/mindmotion.mm32f3277-0.1.1.mcupack
mindmotion.mm32f3277,0.1.1,MM32F3277G8P,MM32F3277G8P,524288,131072,cmsis,False,new,MindMotion/mindmotion.mm32f3277-0.1.1.mcupack
mindmotion.mm32f3277,0.1.1,MM32F3277G9P,MM32F3277G9P,524288,131072,cmsis,False,new,MindMotion/mindmotion.mm32f3277-0.1.1.mcupack
nsing.n32g031,0.1.1,N32G031F6,N32G031F6,4096,8192,cmsis,False,new,NSING/nsing.n32g031-0.1.1.mcupack
nsing.n32g031,0.1.1,N32G031K6,N32G031K6,32768,8192,cmsis,False,new,NSING/nsing.n32g031-0.1.1.mcupack
nsing.n32g031,0.1.1,N32G031K8,N32G031K8,65536,8192,cmsis,False,new,NSING/nsing.n32g031-0.1.1.mcupack
nsing.n32g031,0.1.1,N32G031C8,N32G031C8,65536,8192,cmsis,False,new,NSING/nsing.n32g031-0.1.1.mcupack
nsing.n32g432,0.1.1,N32G432K8,N32G432K8,65536,24576,cmsis,False,new,NSING/nsing.n32g432-0.1.1.mcupack
nsing.n32g432,0.1.1,N32G432KB,N32G432KB,131072,32768,cmsis,False,new,NSING/nsing.n32g432-0.1.1.mcupack
nsing.n32g432,0.1.1,N32G432C8,N32G432C8,65536,24576,cmsis,False,new,NSING/nsing.n32g432-0.1.1.mcupack
nsing.n32g432,0.1.1,N32G432CB,N32G432CB,131072,32768,cmsis,False,new,NSING/nsing.n32g432-0.1.1.mcupack
nsing.n32g432,0.1.1,N32G432R8,N32G432R8,65536,24576,cmsis,False,new,NSING/nsing.n32g432-0.1.1.mcupack
nsing.n32g432,0.1.1,N32G432RB,N32G432RB,131072,32768,cmsis,False,new,NSING/nsing.n32g432-0.1.1.mcupack
nsing.n32g435,0.1.1,N32G435G8,N32G435G8,65536,16384,cmsis,False,new,NSING/nsing.n32g435-0.1.1.mcupack
nsing.n32g435,0.1.1,N32G435GB,N32G435GB,131072,32768,cmsis,False,new,NSING/nsing.n32g435-0.1.1.mcupack
nsing.n32g435,0.1.1,N32G435K8,N32G435K8,65536,16384,cmsis,False,new,NSING/nsing.n32g435-0.1.1.mcupack
nsing.n32g435,0.1.1,N32G435KB,N32G435KB,131072,32768,cmsis,False,new,NSING/nsing.n32g435-0.1.1.mcupack
nsing.n32g435,0.1.1,N32G435T8,N32G435T8,65536,24576,cmsis,False,new,NSING/nsing.n32g435-0.1.1.mcupack
nsing.n32g435,0.1.1,N32G435C8,N32G435C8,65536,24576,cmsis,False,new,NSING/nsing.n32g435-0.1.1.mcupack
nsing.n32g435,0.1.1,N32G435CB,N32G435CB,131072,32768,cmsis,False,new,NSING/nsing.n32g435-0.1.1.mcupack
nsing.n32g435,0.1.1,N32G435R8,N32G435R8,65536,24576,cmsis,False,new,NSING/nsing.n32g435-0.1.1.mcupack
nsing.n32g435,0.1.1,N32G435RB,N32G435RB,131072,32768,cmsis,False,new,NSING/nsing.n32g435-0.1.1.mcupack
nsing.n32g451,0.1.1,N32G451CBL7,N32G451CBL7,131072,49152,cmsis,False,new,NSING/nsing.n32g451-0.1.1.mcupack
nsing.n32g451,0.1.1,N32G451CCL7,N32G451CCL7,262144,6144,cmsis,False,new,NSING/nsing.n32g451-0.1.1.mcupack
nsing.n32g451,0.1.1,N32G451CEL7,N32G451CEL7,524288,6144,cmsis,False,new,NSING/nsing.n32g451-0.1.1.mcupack
nsing.n32g451,0.1.1,N32G451RBL7,N32G451RBL7,131072,49152,cmsis,False,new,NSING/nsing.n32g451-0.1.1.mcupack
nsing.n32g451,0.1.1,N32G451RCL7,N32G451RCL7,262144,98304,cmsis,False,new,NSING/nsing.n32g451-0.1.1.mcupack
nsing.n32g451,0.1.1,N32G451REL7,N32G451REL7,524288,98304,cmsis,False,new,NSING/nsing.n32g451-0.1.1.mcupack
nsing.n32g451,0.1.1,N32G451VCL7,N32G451VCL7,262144,98304,cmsis,False,new,NSING/nsing.n32g451-0.1.1.mcupack
nsing.n32g451,0.1.1,N32G451VEL7,N32G451VEL7,524288,98304,cmsis,False,new,NSING/nsing.n32g451-0.1.1.mcupack
nsing.n32g452,0.1.1,N32G452CBL7,N32G452CBL7,131072,81920,cmsis,False,new,NSING/nsing.n32g452-0.1.1.mcupack
nsing.n32g452,0.1.1,N32G452CCL7,N32G452CCL7,262144,147456,cmsis,False,new,NSING/nsing.n32g452-0.1.1.mcupack
nsing.n32g452,0.1.1,N32G452CEL7,N32G452CEL7,524288,147456,cmsis,False,new,NSING/nsing.n32g452-0.1.1.mcupack
nsing.n32g452,0.1.1,N32G452RBL7,N32G452RBL7,131072,81920,cmsis,False,new,NSING/nsing.n32g452-0.1.1.mcupack
nsing.n32g452,0.1.1,N32G452REL7,N32G452REL7,262144,147456,cmsis,False,new,NSING/nsing.n32g452-0.1.1.mcupack
nsing.n32g452,0.1.1,N32G452MBL7,N32G452MBL7,524288,147456,cmsis,False,new,NSING/nsing.n32g452-0.1.1.mcupack
nsing.n32g452,0.1.1,N32G452MCL7,N32G452MCL7,262144,147456,cmsis,False,new,NSING/nsing.n32g452-0.1.1.mcupack
nsing.n32g452,0.1.1,N32G452MEL7,N32G452MEL7,524288,147456,cmsis,False,new,NSING/nsing.n32g452-0.1.1.mcupack
nsing.n32g452,0.1.1,N32G452VCL7,N32G452VCL7,262144,147456,cmsis,False,new,NSING/nsing.n32g452-0.1.1.mcupack
nsing.n32g452,0.1.1,N32G452VEL7,N32G452VEL7,262144,147456,cmsis,False,new,NSING/nsing.n32g452-0.1.1.mcupack
nsing.n32g452,0.1.1,N32G452QCL7,N32G452QCL7,262144,147456,cmsis,False,new,NSING/nsing.n32g452-0.1.1.mcupack
nsing.n32g452,0.1.1,N32G452QEL7,N32G452QEL7,524288,147456,cmsis,False,new,NSING/nsing.n32g452-0.1.1.mcupack
nsing.n32g455,0.1.1,N32G455TBQ7,N32G455TBQ7,131072,81920,cmsis,False,new,NSING/nsing.n32g455-0.1.1.mcupack
nsing.n32g455,0.1.1,N32G455CBL7,N32G455CBL7,131072,81920,cmsis,False,new,NSING/nsing.n32g455-0.1.1.mcupack
nsing.n32g455,0.1.1,N32G455CCL7,N32G455CCL7,262144,147456,cmsis,False,new,NSING/nsing.n32g455-0.1.1.mcupack
nsing.n32g455,0.1.1,N32G455RBL7,N32G455RBL7,262144,147456,cmsis,False,new,NSING/nsing.n32g455-0.1.1.mcupack
nsing.n32g455,0.1.1,N32G455RCL7,N32G455RCL7,262144,147456,cmsis,False,new,NSING/nsing.n32g455-0.1.1.mcupack
nsing.n32g455,0.1.1,N32G455CEQ7,N32G455CEQ7,524288,147456,cmsis,False,new,NSING/nsing.n32g455-0.1.1.mcupack
nsing.n32g455,0.1.1,N32G455REL7,N32G455REL7,524288,147456,cmsis,False,new,NSING/nsing.n32g455-0.1.1.mcupack
nsing.n32g455,0.1.1,N32G455MBL7,N32G455MBL7,131072,81920,cmsis,False,new,NSING/nsing.n32g455-0.1.1.mcupack
nsing.n32g457,0.1.1,N32G457MCL7,N32G457MCL7,262144,147456,cmsis,False,new,NSING/nsing.n32g457-0.1.1.mcupack
nsing.n32g457,0.1.1,N32G457MEL7,N32G457MEL7,524288,147456,cmsis,False,new,NSING/nsing.n32g457-0.1.1.mcupack
nsing.n32g457,0.1.1,N32G457VCL7,N32G457VCL7,262144,147456,cmsis,False,new,NSING/nsing.n32g457-0.1.1.mcupack
nsing.n32g457,0.1.1,N32G457VEL7,N32G457VEL7,524288,147456,cmsis,False,new,NSING/nsing.n32g457-0.1.1.mcupack
nsing.n32g457,0.1.1,N32G457QEL7,N32G457QEL7,524288,147456,cmsis,False,new,NSING/nsing.n32g457-0.1.1.mcupack
nsing.n32l401,0.1.1,N32L401C8,N32L401C8,65536,16384,cmsis,False,new,NSING/nsing.n32l401-0.1.1.mcupack
nsing.n32l401,0.1.1,N32L401CB,N32L401CB,131072,16384,cmsis,False,new,NSING/nsing.n32l401-0.1.1.mcupack
nsing.n32l402,0.1.1,N32L402C8,N32L402C8,65536,16384,cmsis,False,new,NSING/nsing.n32l402-0.1.1.mcupack
nsing.n32l402,0.1.1,N32L402CB,N32L402CB,131072,16384,cmsis,False,new,NSING/nsing.n32l402-0.1.1.mcupack
nsing.n32l402,0.1.1,N32L402R8,N32L402R8,65536,16384,cmsis,False,new,NSING/nsing.n32l402-0.1.1.mcupack
nsing.n32l402,0.1.1,N32L402RB,N32L402RB,131072,16384,cmsis,False,new,NSING/nsing.n32l402-0.1.1.mcupack
nsing.n32l403,0.1.1,N32L403K8,N32L403K8,65536,16384,cmsis,False,new,NSING/nsing.n32l403-0.1.1.mcupack
nsing.n32l403,0.1.1,N32L403KB,N32L403KB,131072,24576,cmsis,False,new,NSING/nsing.n32l403-0.1.1.mcupack
nsing.n32l406,0.1.1,N32L406C8,N32L406C8,65536,16384,cmsis,False,new,NSING/nsing.n32l406-0.1.1.mcupack
nsing.n32l406,0.1.1,N32L406CB,N32L406CB,131072,24576,cmsis,False,new,NSING/nsing.n32l406-0.1.1.mcupack
nsing.n32l406,0.1.1,N32L406R8,N32L406R8,65536,16384,cmsis,False,new,NSING/nsing.n32l406-0.1.1.mcupack
nsing.n32l406,0.1.1,N32L406RB,N32L406RB,65536,16384,cmsis,False,new,NSING/nsing.n32l406-0.1.1.mcupack
nsing.n32l406,0.1.1,N32L406MB,N32L406MB,131072,24576,cmsis,False,new,NSING/nsing.n32l406-0.1.1.mcupack
nxp.lpc1100lv,0.1.1,LPC1101LVUK,LPC1101LVUK,32768,2048,cmsis,False,new,NXP/nxp.lpc1100lv-0.1.1.mcupack
nxp.lpc1100lv,0.1.1,LPC1102LVUK,LPC1102LVUK,32768,8192,cmsis,False,new,NXP/nxp.lpc1100lv-0.1.1.mcupack
nxp.lpc1100lv,0.1.1,LPC1112LVFHI33_103,LPC1112LVFHI33/103,16384,4096,cmsis,False,new,NXP/nxp.lpc1100lv-0.1.1.mcupack
nxp.lpc1100lv,0.1.1,LPC1112LVFHN24_003,LPC1112LVFHN24/003,16384,2048,cmsis,False,new,NXP/nxp.lpc1100lv-0.1.1.mcupack
nxp.lpc1100lv,0.1.1,LPC1114LVFHI33_303,LPC1114LVFHI33/303,32768,8192,cmsis,False,new,NXP/nxp.lpc1100lv-0.1.1.mcupack
nxp.lpc1100lv,0.1.1,LPC1114LVFHN24_103,LPC1114LVFHN24/103,32768,4096,cmsis,False,new,NXP/nxp.lpc1100lv-0.1.1.mcupack
nxp.lpc1100lv,0.1.1,LPC1114LVFHN24_303,LPC1114LVFHN24/303,32768,8192,cmsis,False,new,NXP/nxp.lpc1100lv-0.1.1.mcupack
nxp.lpc1100xl,0.1.1,LPC1102UK,LPC1102UK,32768,8192,cmsis,False,new,NXP/nxp.lpc1100xl-0.1.1.mcupack
nxp.lpc1100xl,0.1.1,LPC1104UK,LPC1104UK,32768,8192,cmsis,False,new,NXP/nxp.lpc1100xl-0.1.1.mcupack
nxp.lpc1100xl,0.1.1,LPC1110FD20,LPC1110FD20,4096,1024,cmsis,False,new,NXP/nxp.lpc1100xl-0.1.1.mcupack
nxp.lpc1100xl,0.1.1,LPC1111FDH20_002,LPC1111FDH20/002,8192,2048,cmsis,False,new,NXP/nxp.lpc1100xl-0.1.1.mcupack
nxp.lpc1100xl,0.1.1,LPC1111FHN33_101,LPC1111FHN33/101,8192,2048,cmsis,False,new,NXP/nxp.lpc1100xl-0.1.1.mcupack
nxp.lpc1100xl,0.1.1,LPC1111FHN33_102,LPC1111FHN33/102,8192,2048,cmsis,False,new,NXP/nxp.lpc1100xl-0.1.1.mcupack
nxp.lpc1100xl,0.1.1,LPC1111FHN33_201,LPC1111FHN33/201,8192,4096,cmsis,False,new,NXP/nxp.lpc1100xl-0.1.1.mcupack
nxp.lpc1100xl,0.1.1,LPC1111FHN33_202,LPC1111FHN33/202,8192,4096,cmsis,False,new,NXP/nxp.lpc1100xl-0.1.1.mcupack
nxp.lpc1100xl,0.1.1,LPC1111FHN33_103,LPC1111FHN33/103,8192,2048,cmsis,False,new,NXP/nxp.lpc1100xl-0.1.1.mcupack
nxp.lpc1100xl,0.1.1,LPC1111FHN33_203,LPC1111FHN33/203,8192,4096,cmsis,False,new,NXP/nxp.lpc1100xl-0.1.1.mcupack
nxp.lpc1100xl,0.1.1,LPC1112FD20_102,LPC1112FD20/102,16384,4096,cmsis,False,new,NXP/nxp.lpc1100xl-0.1.1.mcupack
nxp.lpc1100xl,0.1.1,LPC1112FDH20_102,LPC1112FDH20/102,16384,4096,cmsis,False,new,NXP/nxp.lpc1100xl-0.1.1.mcupack
nxp.lpc1100xl,0.1.1,LPC1112FDH28_102,LPC1112FDH28/102,16384,4096,cmsis,False,new,NXP/nxp.lpc1100xl-0.1.1.mcupack
nxp.lpc1100xl,0.1.1,LPC1112FHI33_202,LPC1112FHI33/202,16384,4096,cmsis,False,new,NXP/nxp.lpc1100xl-0.1.1.mcupack
nxp.lpc1100xl,0.1.1,LPC1112FHI33_203,LPC1112FHI33/203,16384,4096,cmsis,False,new,NXP/nxp.lpc1100xl-0.1.1.mcupack
nxp.lpc1100xl,0.1.1,LPC1112FHN24_202,LPC1112FHN24/202,16384,4096,cmsis,False,new,NXP/nxp.lpc1100xl-0.1.1.mcupack
nxp.lpc1100xl,0.1.1,LPC1112FHN33_101,LPC1112FHN33/101,16384,2048,cmsis,False,new,NXP/nxp.lpc1100xl-0.1.1.mcupack
nxp.lpc1100xl,0.1.1,LPC1112FHN33_201,LPC1112FHN33/201,16384,4096,cmsis,False,new,NXP/nxp.lpc1100xl-0.1.1.mcupack
nxp.lpc1100xl,0.1.1,LPC1112FHN33_102,LPC1112FHN33/102,16384,2048,cmsis,False,new,NXP/nxp.lpc1100xl-0.1.1.mcupack
nxp.lpc1100xl,0.1.1,LPC1112FHN33_202,LPC1112FHN33/202,16384,4096,cmsis,False,new,NXP/nxp.lpc1100xl-0.1.1.mcupack
nxp.lpc1100xl,0.1.1,LPC1112FHN33_103,LPC1112FHN33/103,16384,2048,cmsis,False,new,NXP/nxp.lpc1100xl-0.1.1.mcupack
nxp.lpc1100xl,0.1.1,LPC1112FHN33_203,LPC1112FHN33/203,16384,4096,cmsis,False,new,NXP/nxp.lpc1100xl-0.1.1.mcupack
nxp.lpc1100xl,0.1.1,LPC1112JHI33_203,LPC1112JHI33/203,16384,4096,cmsis,False,new,NXP/nxp.lpc1100xl-0.1.1.mcupack
nxp.lpc1100xl,0.1.1,LPC1113FBD48_301,LPC1113FBD48/301,24576,8192,cmsis,False,new,NXP/nxp.lpc1100xl-0.1.1.mcupack
nxp.lpc1100xl,0.1.1,LPC1113FBD48_302,LPC1113FBD48/302,24576,8192,cmsis,False,new,NXP/nxp.lpc1100xl-0.1.1.mcupack
nxp.lpc1100xl,0.1.1,LPC1113FBD48_303,LPC1113FBD48/303,24576,8192,cmsis,False,new,NXP/nxp.lpc1100xl-0.1.1.mcupack
nxp.lpc1100xl,0.1.1,LPC1113FHN33_201,LPC1113FHN33/201,24576,4096,cmsis,False,new,NXP/nxp.lpc1100xl-0.1.1.mcupack
nxp.lpc1100xl,0.1.1,LPC1113FHN33_301,LPC1113FHN33/301,24576,8192,cmsis,False,new,NXP/nxp.lpc1100xl-0.1.1.mcupack
nxp.lpc1100xl,0.1.1,LPC1113FHN33_202,LPC1113FHN33/202,24576,4096,cmsis,False,new,NXP/nxp.lpc1100xl-0.1.1.mcupack
nxp.lpc1100xl,0.1.1,LPC1113FHN33_302,LPC1113FHN33/302,24576,8192,cmsis,False,new,NXP/nxp.lpc1100xl-0.1.1.mcupack
nxp.lpc1100xl,0.1.1,LPC1113FHN33_203,LPC1113FHN33/203,24576,4096,cmsis,False,new,NXP/nxp.lpc1100xl-0.1.1.mcupack
nxp.lpc1100xl,0.1.1,LPC1113FHN33_303,LPC1113FHN33/303,24576,8192,cmsis,False,new,NXP/nxp.lpc1100xl-0.1.1.mcupack
nxp.lpc1100xl,0.1.1,LPC1114FBD48_301,LPC1114FBD48/301,32768,8192,cmsis,False,new,NXP/nxp.lpc1100xl-0.1.1.mcupack
nxp.lpc1100xl,0.1.1,LPC1114FBD48_302,LPC1114FBD48/302,32768,8192,cmsis,False,new,NXP/nxp.lpc1100xl-0.1.1.mcupack
nxp.lpc1100xl,0.1.1,LPC1114FBD48_303,LPC1114FBD48/303,32768,8192,cmsis,False,new,NXP/nxp.lpc1100xl-0.1.1.mcupack
nxp.lpc1100xl,0.1.1,LPC1114FBD48_323,LPC1114FBD48/323,49152,8192,cmsis,False,new,NXP/nxp.lpc1100xl-0.1.1.mcupack
nxp.lpc1100xl,0.1.1,LPC1114FBD48_333,LPC1114FBD48/333,57344,8192,cmsis,False,new,NXP/nxp.lpc1100xl-0.1.1.mcupack
nxp.lpc1100xl,0.1.1,LPC1114FDH28_102,LPC1114FDH28/102,32768,4096,cmsis,False,new,NXP/nxp.lpc1100xl-0.1.1.mcupack
nxp.lpc1100xl,0.1.1,LPC1114FHI33_302,LPC1114FHI33/302,32768,8192,cmsis,False,new,NXP/nxp.lpc1100xl-0.1.1.mcupack
nxp.lpc1100xl,0.1.1,LPC1114FHI33_303,LPC1114FHI33/303,32768,8192,cmsis,False,new,NXP/nxp.lpc1100xl-0.1.1.mcupack
nxp.lpc1100xl,0.1.1,LPC1114FHN33_201,LPC1114FHN33/201,32768,4096,cmsis,False,new,NXP/nxp.lpc1100xl-0.1.1.mcupack
nxp.lpc1100xl,0.1.1,LPC1114FHN33_301,LPC1114FHN33/301,32768,8192,cmsis,False,new,NXP/nxp.lpc1100xl-0.1.1.mcupack
nxp.lpc1100xl,0.1.1,LPC1114FHN33_202,LPC1114FHN33/202,32768,4096,cmsis,False,new,NXP/nxp.lpc1100xl-0.1.1.mcupack
nxp.lpc1100xl,0.1.1,LPC1114FHN33_302,LPC1114FHN33/302,32768,8192,cmsis,False,new,NXP/nxp.lpc1100xl-0.1.1.mcupack
nxp.lpc1100xl,0.1.1,LPC1114FHN33_203,LPC1114FHN33/203,32768,4096,cmsis,False,new,NXP/nxp.lpc1100xl-0.1.1.mcupack
nxp.lpc1100xl,0.1.1,LPC1114FHN33_303,LPC1114FHN33/303,32768,8192,cmsis,False,new,NXP/nxp.lpc1100xl-0.1.1.mcupack
nxp.lpc1100xl,0.1.1,LPC1114FHN33_333,LPC1114FHN33/333,57344,8192,cmsis,False,new,NXP/nxp.lpc1100xl-0.1.1.mcupack
nxp.lpc1100xl,0.1.1,LPC1114FN28_102,LPC1114FN28/102,32768,4096,cmsis,False,new,NXP/nxp.lpc1100xl-0.1.1.mcupack
nxp.lpc1100xl,0.1.1,LPC1114JHN33_333,LPC1114JHN33/333,57344,8192,cmsis,False,new,NXP/nxp.lpc1100xl-0.1.1.mcupack
nxp.lpc1100xl,0.1.1,LPC1115FBD48_303,LPC1115FBD48/303,65536,8192,cmsis,False,new,NXP/nxp.lpc1100xl-0.1.1.mcupack
nxp.lpc1100xl,0.1.1,LPC1115FET48_303,LPC1115FET48/303,65536,8192,cmsis,False,new,NXP/nxp.lpc1100xl-0.1.1.mcupack
nxp.lpc1100xl,0.1.1,LPC1115JBD48_303,LPC1115JBD48/303,65536,8192,cmsis,False,new,NXP/nxp.lpc1100xl-0.1.1.mcupack
nxp.lpc1100xl,0.1.1,LPC1115JET48_303,LPC1115JET48/303,65536,8192,cmsis,False,new,NXP/nxp.lpc1100xl-0.1.1.mcupack
nxp.lpc1120,0.1.1,LPC1124JBD48_303,LPC1124JBD48/303,32768,8192,cmsis,False,new,NXP/nxp.lpc1120-0.1.1.mcupack
nxp.lpc1120,0.1.1,LPC1125JBD48_303,LPC1125JBD48/303,65536,8192,cmsis,False,new,NXP/nxp.lpc1120-0.1.1.mcupack
nxp.lpc11a00,0.1.1,LPC11A02UK,LPC11A02UK,16384,4096,cmsis,False,new,NXP/nxp.lpc11a00-0.1.1.mcupack
nxp.lpc11a00,0.1.1,LPC11A04UK,LPC11A04UK,32768,8192,cmsis,False,new,NXP/nxp.lpc11a00-0.1.1.mcupack
nxp.lpc11a00,0.1.1,LPC11A11FHN33_001,LPC11A11FHN33/001,8192,2048,cmsis,False,new,NXP/nxp.lpc11a00-0.1.1.mcupack
nxp.lpc11a00,0.1.1,LPC11A12FBD48_101,LPC11A12FBD48/101,16384,4096,cmsis,False,new,NXP/nxp.lpc11a00-0.1.1.mcupack
nxp.lpc11a00,0.1.1,LPC11A12FHN33_101,LPC11A12FHN33/101,16384,4096,cmsis,False,new,NXP/nxp.lpc11a00-0.1.1.mcupack
nxp.lpc11a00,0.1.1,LPC11A13FHI33_201,LPC11A13FHI33/201,24576,6144,cmsis,False,new,NXP/nxp.lpc11a00-0.1.1.mcupack
nxp.lpc11a00,0.1.1,LPC11A14FBD48_301,LPC11A14FBD48/301,32768,8192,cmsis,False,new,NXP/nxp.lpc11a00-0.1.1.mcupack
nxp.lpc11a00,0.1.1,LPC11A14FHN33_301,LPC11A14FHN33/301,32768,8192,cmsis,False,new,NXP/nxp.lpc11a00-0.1.1.mcupack
nxp.lpc11c00,0.1.1,LPC11C12FBD48_301,LPC11C12FBD48/301,16384,8192,cmsis,False,new,NXP/nxp.lpc11c00-0.1.1.mcupack
nxp.lpc11c00,0.1.1,LPC11C14FBD48_301,LPC11C14FBD48/301,32768,8192,cmsis,False,new,NXP/nxp.lpc11c00-0.1.1.mcupack
nxp.lpc11c00,0.1.1,LPC11C22FBD48_301,LPC11C22FBD48/301,16384,8192,cmsis,False,new,NXP/nxp.lpc11c00-0.1.1.mcupack
nxp.lpc11c00,0.1.1,LPC11C24FBD48_301,LPC11C24FBD48/301,32768,8192,cmsis,False,new,NXP/nxp.lpc11c00-0.1.1.mcupack
nxp.lpc11d00,0.1.1,LPC11D14FBD100_302,LPC11D14FBD100/302,32768,8192,cmsis,False,new,NXP/nxp.lpc11d00-0.1.1.mcupack
nxp.lpc11e00,0.1.1,LPC11E11FHN33_101,LPC11E11FHN33/101,8192,4096,cmsis,False,new,NXP/nxp.lpc11e00-0.1.1.mcupack
nxp.lpc11e00,0.1.1,LPC11E12FBD48_201,LPC11E12FBD48/201,16384,6144,cmsis,False,new,NXP/nxp.lpc11e00-0.1.1.mcupack
nxp.lpc11e00,0.1.1,LPC11E13FBD48_301,LPC11E13FBD48/301,24576,8192,cmsis,False,new,NXP/nxp.lpc11e00-0.1.1.mcupack
nxp.lpc11e00,0.1.1,LPC11E14FBD48_401,LPC11E14FBD48/401,32768,10240,cmsis,False,new,NXP/nxp.lpc11e00-0.1.1.mcupack
nxp.lpc11e00,0.1.1,LPC11E14FBD64_401,LPC11E14FBD64/401,32768,10240,cmsis,False,new,NXP/nxp.lpc11e00-0.1.1.mcupack
nxp.lpc11e00,0.1.1,LPC11E14FHN33_401,LPC11E14FHN33/401,32768,10240,cmsis,False,new,NXP/nxp.lpc11e00-0.1.1.mcupack
nxp.lpc11e00,0.1.1,LPC11E36FBD64_501,LPC11E36FBD64/501,98304,8192,cmsis,False,new,NXP/nxp.lpc11e00-0.1.1.mcupack
nxp.lpc11e00,0.1.1,LPC11E36FHN33_501,LPC11E36FHN33/501,98304,8192,cmsis,False,new,NXP/nxp.lpc11e00-0.1.1.mcupack
nxp.lpc11e00,0.1.1,LPC11E37FBD48_501,LPC11E37FBD48/501,131072,8192,cmsis,False,new,NXP/nxp.lpc11e00-0.1.1.mcupack
nxp.lpc11e00,0.1.1,LPC11E37FBD64_501,LPC11E37FBD64/501,131072,8192,cmsis,False,new,NXP/nxp.lpc11e00-0.1.1.mcupack
nxp.lpc11e00,0.1.1,LPC11E37HFBD64_401,LPC11E37HFBD64/401,131072,8192,cmsis,False,new,NXP/nxp.lpc11e00-0.1.1.mcupack
nxp.lpc11e00,0.1.1,LPC11E66JBD48,LPC11E66JBD48,65536,8192,cmsis,False,new,NXP/nxp.lpc11e00-0.1.1.mcupack
nxp.lpc11e00,0.1.1,LPC11E67JBD100,LPC11E67JBD100,131072,16384,cmsis,False,new,NXP/nxp.lpc11e00-0.1.1.mcupack
nxp.lpc11e00,0.1.1,LPC11E67JBD48,LPC11E67JBD48,131072,16384,cmsis,False,new,NXP/nxp.lpc11e00-0.1.1.mcupack
nxp.lpc11e00,0.1.1,LPC11E67JBD64,LPC11E67JBD64,131072,16384,cmsis,False,new,NXP/nxp.lpc11e00-0.1.1.mcupack
nxp.lpc11e00,0.1.1,LPC11E68JBD100,LPC11E68JBD100,262144,32768,cmsis,False,new,NXP/nxp.lpc11e00-0.1.1.mcupack
nxp.lpc11e00,0.1.1,LPC11E68JBD48,LPC11E68JBD48,262144,32768,cmsis,False,new,NXP/nxp.lpc11e00-0.1.1.mcupack
nxp.lpc11e00,0.1.1,LPC11E68JBD64,LPC11E68JBD64,262144,32768,cmsis,False,new,NXP/nxp.lpc11e00-0.1.1.mcupack
nxp.lpc11u00,0.1.1,LPC11U12FBD48_201,LPC11U12FBD48/201,16384,4096,cmsis,False,new,NXP/nxp.lpc11u00-0.1.1.mcupack
nxp.lpc11u00,0.1.1,LPC11U12FHN33_201,LPC11U12FHN33/201,16384,4096,cmsis,False,new,NXP/nxp.lpc11u00-0.1.1.mcupack
nxp.lpc11u00,0.1.1,LPC11U13FBD48_201,LPC11U13FBD48/201,24576,4096,cmsis,False,new,NXP/nxp.lpc11u00-0.1.1.mcupack
nxp.lpc11u00,0.1.1,LPC11U14FBD48_201,LPC11U14FBD48/201,32768,4096,cmsis,False,new,NXP/nxp.lpc11u00-0.1.1.mcupack
nxp.lpc11u00,0.1.1,LPC11U14FET48_201,LPC11U14FET48/201,32768,4096,cmsis,False,new,NXP/nxp.lpc11u00-0.1.1.mcupack
nxp.lpc11u00,0.1.1,LPC11U14FHI33_201,LPC11U14FHI33/201,32768,4096,cmsis,False,new,NXP/nxp.lpc11u00-0.1.1.mcupack
nxp.lpc11u00,0.1.1,LPC11U14FHN33_201,LPC11U14FHN33/201,32768,4096,cmsis,False,new,NXP/nxp.lpc11u00-0.1.1.mcupack
nxp.lpc11u00,0.1.1,LPC11U23FBD48_301,LPC11U23FBD48/301,24576,6144,cmsis,False,new,NXP/nxp.lpc11u00-0.1.1.mcupack
nxp.lpc11u00,0.1.1,LPC11U24FBD48_301,LPC11U24FBD48/301,32768,6144,cmsis,False,new,NXP/nxp.lpc11u00-0.1.1.mcupack
nxp.lpc11u00,0.1.1,LPC11U24FBD48_401,LPC11U24FBD48/401,32768,8192,cmsis,False,new,NXP/nxp.lpc11u00-0.1.1.mcupack
nxp.lpc11u00,0.1.1,LPC11U24FBD64_401,LPC11U24FBD64/401,32768,8192,cmsis,False,new,NXP/nxp.lpc11u00-0.1.1.mcupack
nxp.lpc11u00,0.1.1,LPC11U24FET48_301,LPC11U24FET48/301,32768,6144,cmsis,False,new,NXP/nxp.lpc11u00-0.1.1.mcupack
nxp.lpc11u00,0.1.1,LPC11U24FHI33_301,LPC11U24FHI33/301,32768,6144,cmsis,False,new,NXP/nxp.lpc11u00-0.1.1.mcupack
nxp.lpc11u00,0.1.1,LPC11U24FHN33_401,LPC11U24FHN33/401,32768,8192,cmsis,False,new,NXP/nxp.lpc11u00-0.1.1.mcupack
nxp.lpc11u00,0.1.1,LPC11U34FBD48_311,LPC11U34FBD48/311,40960,8192,cmsis,False,new,NXP/nxp.lpc11u00-0.1.1.mcupack
nxp.lpc11u00,0.1.1,LPC11U34FBD48_421,LPC11U34FBD48/421,49152,8192,cmsis,False,new,NXP/nxp.lpc11u00-0.1.1.mcupack
nxp.lpc11u00,0.1.1,LPC11U34FHN33_311,LPC11U34FHN33/311,40960,8192,cmsis,False,new,NXP/nxp.lpc11u00-0.1.1.mcupack
nxp.lpc11u00,0.1.1,LPC11U34FHN33_421,LPC11U34FHN33/421,49152,8192,cmsis,False,new,NXP/nxp.lpc11u00-0.1.1.mcupack
nxp.lpc11u00,0.1.1,LPC11U35FBD48_401,LPC11U35FBD48/401,65536,8192,cmsis,False,new,NXP/nxp.lpc11u00-0.1.1.mcupack
nxp.lpc11u00,0.1.1,LPC11U35FBD64_401,LPC11U35FBD64/401,65536,8192,cmsis,False,new,NXP/nxp.lpc11u00-0.1.1.mcupack
nxp.lpc11u00,0.1.1,LPC11U35FET48_501,LPC11U35FET48/501,65536,8192,cmsis,False,new,NXP/nxp.lpc11u00-0.1.1.mcupack
nxp.lpc11u00,0.1.1,LPC11U35FHI33_501,LPC11U35FHI33/501,65536,8192,cmsis,False,new,NXP/nxp.lpc11u00-0.1.1.mcupack
nxp.lpc11u00,0.1.1,LPC11U35FHN33_401,LPC11U35FHN33/401,65536,8192,cmsis,False,new,NXP/nxp.lpc11u00-0.1.1.mcupack
nxp.lpc11u00,0.1.1,LPC11U36FBD48_401,LPC11U36FBD48/401,98304,8192,cmsis,False,new,NXP/nxp.lpc11u00-0.1.1.mcupack
nxp.lpc11u00,0.1.1,LPC11U36FBD64_401,LPC11U36FBD64/401,98304,8192,cmsis,False,new,NXP/nxp.lpc11u00-0.1.1.mcupack
nxp.lpc11u00,0.1.1,LPC11U37FBD48_401,LPC11U37FBD48/401,131072,8192,cmsis,False,new,NXP/nxp.lpc11u00-0.1.1.mcupack
nxp.lpc11u00,0.1.1,LPC11U37FBD64_501,LPC11U37FBD64/501,131072,8192,cmsis,False,new,NXP/nxp.lpc11u00-0.1.1.mcupack
nxp.lpc11u00,0.1.1,LPC11U37HFBD64_401,LPC11U37HFBD64/401,131072,8192,cmsis,False,new,NXP/nxp.lpc11u00-0.1.1.mcupack
nxp.lpc11u00,0.1.1,LPC11U66JBD48,LPC11U66JBD48,65536,8192,cmsis,False,new,NXP/nxp.lpc11u00-0.1.1.mcupack
nxp.lpc11u00,0.1.1,LPC11U67JBD100,LPC11U67JBD100,131072,16384,cmsis,False,new,NXP/nxp.lpc11u00-0.1.1.mcupack
nxp.lpc11u00,0.1.1,LPC11U67JBD48,LPC11U67JBD48,131072,16384,cmsis,False,new,NXP/nxp.lpc11u00-0.1.1.mcupack
nxp.lpc11u00,0.1.1,LPC11U67JBD64,LPC11U67JBD64,131072,16384,cmsis,False,new,NXP/nxp.lpc11u00-0.1.1.mcupack
nxp.lpc11u00,0.1.1,LPC11U68JBD100,LPC11U68JBD100,262144,32768,cmsis,False,new,NXP/nxp.lpc11u00-0.1.1.mcupack
nxp.lpc11u00,0.1.1,LPC11U68JBD48,LPC11U68JBD48,262144,32768,cmsis,False,new,NXP/nxp.lpc11u00-0.1.1.mcupack
nxp.lpc11u00,0.1.1,LPC11U68JBD64,LPC11U68JBD64,262144,32768,cmsis,False,new,NXP/nxp.lpc11u00-0.1.1.mcupack
nxp.lpc175x,0.1.1,LPC1751,LPC1751,32768,8192,cmsis,False,new,NXP/nxp.lpc175x-0.1.1.mcupack
nxp.lpc175x,0.1.1,LPC1752,LPC1752,65536,16384,cmsis,False,new,NXP/nxp.lpc175x-0.1.1.mcupack
nxp.lpc175x,0.1.1,LPC1754,LPC1754,131072,16384,cmsis,False,new,NXP/nxp.lpc175x-0.1.1.mcupack
nxp.lpc175x,0.1.1,LPC1756,LPC1756,262144,16384,cmsis,False,new,NXP/nxp.lpc175x-0.1.1.mcupack
nxp.lpc175x,0.1.1,LPC1758,LPC1758,524288,32768,cmsis,False,new,NXP/nxp.lpc175x-0.1.1.mcupack
nxp.lpc175x,0.1.1,LPC1759,LPC1759,524288,32768,cmsis,False,new,NXP/nxp.lpc175x-0.1.1.mcupack
nxp.lpc176x,0.1.1,LPC1763,LPC1763,262144,32768,cmsis,False,new,NXP/nxp.lpc176x-0.1.1.mcupack
nxp.lpc176x,0.1.1,LPC1764,LPC1764,131072,16384,cmsis,False,new,NXP/nxp.lpc176x-0.1.1.mcupack
nxp.lpc176x,0.1.1,LPC1765,LPC1765,262144,32768,cmsis,False,new,NXP/nxp.lpc176x-0.1.1.mcupack
nxp.lpc176x,0.1.1,LPC1766,LPC1766,262144,32768,cmsis,False,new,NXP/nxp.lpc176x-0.1.1.mcupack
nxp.lpc176x,0.1.1,LPC1767,LPC1767,524288,32768,cmsis,False,new,NXP/nxp.lpc176x-0.1.1.mcupack
nxp.lpc176x,0.1.1,LPC1768,LPC1768,524288,32768,cmsis,False,new,NXP/nxp.lpc176x-0.1.1.mcupack
nxp.lpc176x,0.1.1,LPC1769,LPC1769,524288,32768,cmsis,False,new,NXP/nxp.lpc176x-0.1.1.mcupack
nxp.lpc177x,0.1.1,LPC1774,LPC1774,131072,32768,cmsis,False,new,NXP/nxp.lpc177x-0.1.1.mcupack
nxp.lpc177x,0.1.1,LPC1776,LPC1776,262144,65536,cmsis,False,new,NXP/nxp.lpc177x-0.1.1.mcupack
nxp.lpc177x,0.1.1,LPC1777,LPC1777,524288,65536,cmsis,False,new,NXP/nxp.lpc177x-0.1.1.mcupack
nxp.lpc177x,0.1.1,LPC1778,LPC1778,524288,65536,cmsis,False,new,NXP/nxp.lpc177x-0.1.1.mcupack
nxp.lpc178x,0.1.1,LPC1785,LPC1785,262144,65536,cmsis,False,new,NXP/nxp.lpc178x-0.1.1.mcupack
nxp.lpc178x,0.1.1,LPC1786,LPC1786,262144,65536,cmsis,False,new,NXP/nxp.lpc178x-0.1.1.mcupack
nxp.lpc178x,0.1.1,LPC1787,LPC1787,524288,65536,cmsis,False,new,NXP/nxp.lpc178x-0.1.1.mcupack
nxp.lpc178x,0.1.1,LPC1788,LPC1788,524288,65536,cmsis,False,new,NXP/nxp.lpc178x-0.1.1.mcupack
nxp.lpc810,0.1.1,LPC810M021FN8,LPC810M021FN8,4096,992,cmsis,False,new,NXP/nxp.lpc810-0.1.1.mcupack
nxp.lpc812,0.1.1,LPC812M101JDH20,LPC812M101JDH20,16384,4064,cmsis,False,new,NXP/nxp.lpc812-0.1.1.mcupack
nxp.lpc812,0.1.1,LPC812M101JDH16,LPC812M101JDH16,16384,4064,cmsis,False,new,NXP/nxp.lpc812-0.1.1.mcupack
nxp.lpc812,0.1.1,LPC812M101JD20,LPC812M101JD20,16384,4064,cmsis,False,new,NXP/nxp.lpc812-0.1.1.mcupack
nxp.lpc812,0.1.1,LPC812M101JTB16,LPC812M101JTB16,16384,4064,cmsis,False,new,NXP/nxp.lpc812-0.1.1.mcupack
nxp.lpc824,0.1.1,LPC824M201JHI33,LPC824M201JHI33,32768,8160,cmsis,False,new,NXP/nxp.lpc824-0.1.1.mcupack
nxp.lpc824,0.1.1,LPC824M201JDH20,LPC824M201JDH20,32768,8160,cmsis,False,new,NXP/nxp.lpc824-0.1.1.mcupack
nxp.lpc845,0.1.1,LPC845M301JBD64,LPC845M301JBD64,65536,16352,cmsis,False,new,NXP/nxp.lpc845-0.1.1.mcupack
nxp.lpc845,0.1.1,LPC845M301JBD48,LPC845M301JBD48,65536,16352,cmsis,False,new,NXP/nxp.lpc845-0.1.1.mcupack
nxp.lpc845,0.1.1,LPC845M301JHI48,LPC845M301JHI48,65536,16352,cmsis,False,new,NXP/nxp.lpc845-0.1.1.mcupack
nxp.lpc845,0.1.1,LPC845M301JHI33,LPC845M301JHI33,65536,16352,cmsis,False,new,NXP/nxp.lpc845-0.1.1.mcupack
nxp.mk64f12,0.1.1,MK64FN1M0VDC12,MK64FN1M0VDC12,1048576,65536,cmsis,False,new,NXP/nxp.mk64f12-0.1.1.mcupack
nxp.mk64f12,0.1.1,MK64FN1M0VLL12,MK64FN1M0VLL12,1048576,65536,cmsis,False,new,NXP/nxp.mk64f12-0.1.1.mcupack
nxp.mk64f12,0.1.1,MK64FN1M0VLQ12,MK64FN1M0VLQ12,1048576,65536,cmsis,False,new,NXP/nxp.mk64f12-0.1.1.mcupack
nxp.mk64f12,0.1.1,MK64FN1M0VMD12,MK64FN1M0VMD12,1048576,65536,cmsis,False,new,NXP/nxp.mk64f12-0.1.1.mcupack
nxp.mk64f12,0.1.1,MK64FN1M0CAJ12,MK64FN1M0CAJ12,1048576,65536,cmsis,False,new,NXP/nxp.mk64f12-0.1.1.mcupack
nxp.mk64f12,0.1.1,MK64FX512VDC12,MK64FX512VDC12,524288,65536,cmsis,False,new,NXP/nxp.mk64f12-0.1.1.mcupack
nxp.mk64f12,0.1.1,MK64FX512VLL12,MK64FX512VLL12,524288,65536,cmsis,False,new,NXP/nxp.mk64f12-0.1.1.mcupack
nxp.mk64f12,0.1.1,MK64FX512VLQ12,MK64FX512VLQ12,524288,65536,cmsis,False,new,NXP/nxp.mk64f12-0.1.1.mcupack
nxp.mk64f12,0.1.1,MK64FX512VMD12,MK64FX512VMD12,524288,65536,cmsis,False,new,NXP/nxp.mk64f12-0.1.1.mcupack
nxp.mkl26z4,0.1.1,MKL26Z128CAL4,MKL26Z128CAL4,131072,16384,cmsis,False,new,NXP/nxp.mkl26z4-0.1.1.mcupack
nxp.mkl26z4,0.1.1,MKL26Z128VFM4,MKL26Z128VFM4,131072,16384,cmsis,False,new,NXP/nxp.mkl26z4-0.1.1.mcupack
nxp.mkl26z4,0.1.1,MKL26Z128VFT4,MKL26Z128VFT4,131072,16384,cmsis,False,new,NXP/nxp.mkl26z4-0.1.1.mcupack
nxp.mkl26z4,0.1.1,MKL26Z128VLH4,MKL26Z128VLH4,131072,16384,cmsis,False,new,NXP/nxp.mkl26z4-0.1.1.mcupack
nxp.mkl26z4,0.1.1,MKL26Z128VLL4,MKL26Z128VLL4,131072,16384,cmsis,False,new,NXP/nxp.mkl26z4-0.1.1.mcupack
nxp.mkl26z4,0.1.1,MKL26Z128VMC4,MKL26Z128VMC4,131072,16384,cmsis,False,new,NXP/nxp.mkl26z4-0.1.1.mcupack
nxp.mkl26z4,0.1.1,MKL26Z256VLH4,MKL26Z256VLH4,262144,32768,cmsis,False,new,NXP/nxp.mkl26z4-0.1.1.mcupack
nxp.mkl26z4,0.1.1,MKL26Z256VLL4,MKL26Z256VLL4,262144,32768,cmsis,False,new,NXP/nxp.mkl26z4-0.1.1.mcupack
nxp.mkl26z4,0.1.1,MKL26Z256VMC4,MKL26Z256VMC4,262144,32768,cmsis,False,new,NXP/nxp.mkl26z4-0.1.1.mcupack
nxp.mkl26z4,0.1.1,MKL26Z256VMP4,MKL26Z256VMP4,262144,32768,cmsis,False,new,NXP/nxp.mkl26z4-0.1.1.mcupack
nordic.nrf51422,0.1.1,nRF51422_xxAA,nRF51422_xxAA,262144,16384,cmsis,False,new,Nordic/nordic.nrf51422-0.1.1.mcupack
nordic.nrf51422,0.1.1,nRF51422_xxAB,nRF51422_xxAB,131072,16384,cmsis,False,new,Nordic/nordic.nrf51422-0.1.1.mcupack
nordic.nrf51422,0.1.1,nRF51422_xxAC,nRF51422_xxAC,262144,32768,cmsis,False,new,Nordic/nordic.nrf51422-0.1.1.mcupack
nordic.nrf51801,0.1.1,nRF51801_xxAB,nRF51801_xxAB,196608,16384,cmsis,False,new,Nordic/nordic.nrf51801-0.1.1.mcupack
nordic.nrf51802,0.1.1,nRF51802_xxAA,nRF51802_xxAA,262144,16384,cmsis,False,new,Nordic/nordic.nrf51802-0.1.1.mcupack
nordic.nrf51822,0.1.1,nRF51822_xxAA,nRF51822_xxAA,262144,16384,cmsis,False,new,Nordic/nordic.nrf51822-0.1.1.mcupack
nordic.nrf51822,0.1.1,nRF51822_xxAB,nRF51822_xxAB,131072,16384,cmsis,False,new,Nordic/nordic.nrf51822-0.1.1.mcupack
nordic.nrf51822,0.1.1,nRF51822_xxAC,nRF51822_xxAC,262144,32768,cmsis,False,new,Nordic/nordic.nrf51822-0.1.1.mcupack
nordic.nrf51824,0.1.1,nRF51824_xxAA,nRF51824_xxAA,262144,16384,cmsis,False,new,Nordic/nordic.nrf51824-0.1.1.mcupack
nordic.nrf52805,0.1.1,nRF52805_xxAA,nRF52805_xxAA,196608,24576,cmsis,False,new,Nordic/nordic.nrf52805-0.1.1.mcupack
nordic.nrf52810,0.1.1,nRF52810_xxAA,nRF52810_xxAA,196608,24576,cmsis,False,new,Nordic/nordic.nrf52810-0.1.1.mcupack
nordic.nrf52811,0.1.1,nRF52811_xxAA,nRF52811_xxAA,196608,24576,cmsis,False,new,Nordic/nordic.nrf52811-0.1.1.mcupack
nordic.nrf52820,0.1.1,nRF52820_xxAA,nRF52820_xxAA,262144,32768,cmsis,False,new,Nordic/nordic.nrf52820-0.1.1.mcupack
nordic.nrf52832,0.1.1,nRF52832_xxAA,nRF52832_xxAA,524288,65536,cmsis,False,new,Nordic/nordic.nrf52832-0.1.1.mcupack
nordic.nrf52832,0.1.1,nRF52832_xxAB,nRF52832_xxAB,262144,32768,cmsis,False,new,Nordic/nordic.nrf52832-0.1.1.mcupack
nordic.nrf52833,0.1.1,nRF52833_xxAA,nRF52833_xxAA,524288,131072,cmsis,False,new,Nordic/nordic.nrf52833-0.1.1.mcupack
nordic.nrf52840,0.1.1,nRF52840_xxAA,nRF52840_xxAA,1048576,262144,cmsis,False,new,Nordic/nordic.nrf52840-0.1.1.mcupack
nuvoton.m030g,0.1.1,M029GGC0AE,M029GGC0AE,32768,2048,cmsis,False,new,Nuvoton/nuvoton.m030g-0.1.1.mcupack
nuvoton.m030g,0.1.1,M030GTD1AE,M030GTD1AE,65536,4096,cmsis,False,new,Nuvoton/nuvoton.m030g-0.1.1.mcupack
nuvoton.m030g,0.1.1,M030GGD1AE,M030GGD1AE,65536,4096,cmsis,False,new,Nuvoton/nuvoton.m030g-0.1.1.mcupack
nuvoton.m030g,0.1.1,M030GTC1AE,M030GTC1AE,32768,4096,cmsis,False,new,Nuvoton/nuvoton.m030g-0.1.1.mcupack
nuvoton.m030g,0.1.1,M030GGC1AE,M030GGC1AE,32768,4096,cmsis,False,new,Nuvoton/nuvoton.m030g-0.1.1.mcupack
nuvoton.m030g,0.1.1,M030GTC0AE,M030GTC0AE,32768,2048,cmsis,False,new,Nuvoton/nuvoton.m030g-0.1.1.mcupack
nuvoton.m030g,0.1.1,M030GGC0AE,M030GGC0AE,32768,2048,cmsis,False,new,Nuvoton/nuvoton.m030g-0.1.1.mcupack
nuvoton.m030g,0.1.1,M031GTD2AE,M031GTD2AE,65536,8192,cmsis,False,new,Nuvoton/nuvoton.m030g-0.1.1.mcupack
nuvoton.m030g,0.1.1,M031GGD2AE,M031GGD2AE,65536,8192,cmsis,False,new,Nuvoton/nuvoton.m030g-0.1.1.mcupack
nuvoton.m030g,0.1.1,M031GTC2AE,M031GTC2AE,32768,8192,cmsis,False,new,Nuvoton/nuvoton.m030g-0.1.1.mcupack
nuvoton.m030g,0.1.1,M031GGC2AE,M031GGC2AE,32768,8192,cmsis,False,new,Nuvoton/nuvoton.m030g-0.1.1.mcupack
nuvoton.m030g,0.1.1,M031GTC1AE,M031GTC1AE,32768,4096,cmsis,False,new,Nuvoton/nuvoton.m030g-0.1.1.mcupack
nuvoton.m030g,0.1.1,M031GGC1AE,M031GGC1AE,32768,4096,cmsis,False,new,Nuvoton/nuvoton.m030g-0.1.1.mcupack
nuvoton.m031,0.1.1,M031FB0AE,M031FB0AE,16384,2048,cmsis,False,new,Nuvoton/nuvoton.m031-0.1.1.mcupack
nuvoton.m031,0.1.1,M031EB0AE,M031EB0AE,16384,2048,cmsis,False,new,Nuvoton/nuvoton.m031-0.1.1.mcupack
nuvoton.m031,0.1.1,M031TB0AE,M031TB0AE,16384,2048,cmsis,False,new,Nuvoton/nuvoton.m031-0.1.1.mcupack
nuvoton.m031,0.1.1,M031FC1AE,M031FC1AE,32768,4096,cmsis,False,new,Nuvoton/nuvoton.m031-0.1.1.mcupack
nuvoton.m031,0.1.1,M031EC1AE,M031EC1AE,32768,4096,cmsis,False,new,Nuvoton/nuvoton.m031-0.1.1.mcupack
nuvoton.m031,0.1.1,M031TC1AE,M031TC1AE,32768,4096,cmsis,False,new,Nuvoton/nuvoton.m031-0.1.1.mcupack
nuvoton.m031,0.1.1,M032FC1AE,M032FC1AE,32768,4096,cmsis,False,new,Nuvoton/nuvoton.m031-0.1.1.mcupack
nuvoton.m031,0.1.1,M032EC1AE,M032EC1AE,32768,4096,cmsis,False,new,Nuvoton/nuvoton.m031-0.1.1.mcupack
nuvoton.m031,0.1.1,M032TC1AE,M032TC1AE,32768,4096,cmsis,False,new,Nuvoton/nuvoton.m031-0.1.1.mcupack
nuvoton.m031,0.1.1,M031LC2AE,M031LC2AE,32768,8192,cmsis,False,new,Nuvoton/nuvoton.m031-0.1.1.mcupack
nuvoton.m031,0.1.1,M032LC2AE,M032LC2AE,32768,8192,cmsis,False,new,Nuvoton/nuvoton.m031-0.1.1.mcupack
nuvoton.m031,0.1.1,M031SC2AE,M031SC2AE,32768,8192,cmsis,False,new,Nuvoton/nuvoton.m031-0.1.1.mcupack
nuvoton.m031,0.1.1,M030FD2AE,M030FD2AE,65536,8192,cmsis,False,new,Nuvoton/nuvoton.m031-0.1.1.mcupack
nuvoton.m031,0.1.1,M030TD2AE,M030TD2AE,65536,8192,cmsis,False,new,Nuvoton/nuvoton.m031-0.1.1.mcupack
nuvoton.m031,0.1.1,M031TD2AE,M031TD2AE,65536,8192,cmsis,False,new,Nuvoton/nuvoton.m031-0.1.1.mcupack
nuvoton.m031,0.1.1,M032TD2AE,M032TD2AE,65536,8192,cmsis,False,new,Nuvoton/nuvoton.m031-0.1.1.mcupack
nuvoton.m031,0.1.1,M031BTYD2AN,M031BTYD2AN,65536,8192,cmsis,False,new,Nuvoton/nuvoton.m031-0.1.1.mcupack
nuvoton.m031,0.1.1,M030LD2AE,M030LD2AE,65536,8192,cmsis,False,new,Nuvoton/nuvoton.m031-0.1.1.mcupack
nuvoton.m031,0.1.1,M031LD2AE,M031LD2AE,65536,8192,cmsis,False,new,Nuvoton/nuvoton.m031-0.1.1.mcupack
nuvoton.m031,0.1.1,M032LD2AE,M032LD2AE,65536,8192,cmsis,False,new,Nuvoton/nuvoton.m031-0.1.1.mcupack
nuvoton.m031,0.1.1,M031SD2AE,M031SD2AE,65536,8192,cmsis,False,new,Nuvoton/nuvoton.m031-0.1.1.mcupack
nuvoton.m031,0.1.1,M031TE3AE,M031TE3AE,131072,16384,cmsis,False,new,Nuvoton/nuvoton.m031-0.1.1.mcupack
nuvoton.m031,0.1.1,M031LE3AE,M031LE3AE,131072,16384,cmsis,False,new,Nuvoton/nuvoton.m031-0.1.1.mcupack
nuvoton.m031,0.1.1,M031SE3AE,M031SE3AE,131072,16384,cmsis,False,new,Nuvoton/nuvoton.m031-0.1.1.mcupack
nuvoton.m031,0.1.1,M031BTYE3AN,M031BTYE3AN,131072,16384,cmsis,False,new,Nuvoton/nuvoton.m031-0.1.1.mcupack
nuvoton.m031,0.1.1,M032LE3AE,M032LE3AE,131072,16384,cmsis,False,new,Nuvoton/nuvoton.m031-0.1.1.mcupack
nuvoton.m031,0.1.1,M032SE3AE,M032SE3AE,131072,16384,cmsis,False,new,Nuvoton/nuvoton.m031-0.1.1.mcupack
nuvoton.m031,0.1.1,M031LG6AE,M031LG6AE,262144,32768,cmsis,False,new,Nuvoton/nuvoton.m031-0.1.1.mcupack
nuvoton.m031,0.1.1,M031LG8AE,M031LG8AE,262144,65536,cmsis,False,new,Nuvoton/nuvoton.m031-0.1.1.mcupack
nuvoton.m031,0.1.1,M031SG6AE,M031SG6AE,262144,32768,cmsis,False,new,Nuvoton/nuvoton.m031-0.1.1.mcupack
nuvoton.m031,0.1.1,M031SG8AE,M031SG8AE,262144,65536,cmsis,False,new,Nuvoton/nuvoton.m031-0.1.1.mcupack
nuvoton.m031,0.1.1,M031SIAAE,M031SIAAE,524288,98304,cmsis,False,new,Nuvoton/nuvoton.m031-0.1.1.mcupack
nuvoton.m031,0.1.1,M031KG6AE,M031KG6AE,262144,32768,cmsis,False,new,Nuvoton/nuvoton.m031-0.1.1.mcupack
nuvoton.m031,0.1.1,M031KG8AE,M031KG8AE,262144,65536,cmsis,False,new,Nuvoton/nuvoton.m031-0.1.1.mcupack
nuvoton.m031,0.1.1,M031KIAAE,M031KIAAE,524288,98304,cmsis,False,new,Nuvoton/nuvoton.m031-0.1.1.mcupack
nuvoton.m031,0.1.1,M032LG6AE,M032LG6AE,262144,32768,cmsis,False,new,Nuvoton/nuvoton.m031-0.1.1.mcupack
nuvoton.m031,0.1.1,M032LG8AE,M032LG8AE,262144,65536,cmsis,False,new,Nuvoton/nuvoton.m031-0.1.1.mcupack
nuvoton.m031,0.1.1,M032SG6AE,M032SG6AE,262144,32768,cmsis,False,new,Nuvoton/nuvoton.m031-0.1.1.mcupack
nuvoton.m031,0.1.1,M032SG8AE,M032SG8AE,262144,65536,cmsis,False,new,Nuvoton/nuvoton.m031-0.1.1.mcupack
nuvoton.m031,0.1.1,M032SIAAE,M032SIAAE,524288,98304,cmsis,False,new,Nuvoton/nuvoton.m031-0.1.1.mcupack
nuvoton.m031,0.1.1,M032KG6AE,M032KG6AE,262144,32768,cmsis,False,new,Nuvoton/nuvoton.m031-0.1.1.mcupack
nuvoton.m031,0.1.1,M032KG8AE,M032KG8AE,262144,65536,cmsis,False,new,Nuvoton/nuvoton.m031-0.1.1.mcupack
nuvoton.m031,0.1.1,M032KIAAE,M032KIAAE,524288,98304,cmsis,False,new,Nuvoton/nuvoton.m031-0.1.1.mcupack
nuvoton.m031,0.1.1,M032BTAG8AN,M032BTAG8AN,262144,65536,cmsis,False,new,Nuvoton/nuvoton.m031-0.1.1.mcupack
nuvoton.m031,0.1.1,M032BTAIAAN,M032BTAIAAN,524288,98304,cmsis,False,new,Nuvoton/nuvoton.m031-0.1.1.mcupack
nuvoton.m051,0.1.1,M052LAN,M052LAN,8192,4096,cmsis,False,new,Nuvoton/nuvoton.m051-0.1.1.mcupack
nuvoton.m051,0.1.1,M052ZAN,M052ZAN,8192,4096,cmsis,False,new,Nuvoton/nuvoton.m051-0.1.1.mcupack
nuvoton.m051,0.1.1,M054LAN,M054LAN,16384,4096,cmsis,False,new,Nuvoton/nuvoton.m051-0.1.1.mcupack
nuvoton.m051,0.1.1,M054ZAN,M054ZAN,16384,4096,cmsis,False,new,Nuvoton/nuvoton.m051-0.1.1.mcupack
nuvoton.m051,0.1.1,M058LAN,M058LAN,32768,4096,cmsis,False,new,Nuvoton/nuvoton.m051-0.1.1.mcupack
nuvoton.m051,0.1.1,M058ZAN,M058ZAN,32768,4096,cmsis,False,new,Nuvoton/nuvoton.m051-0.1.1.mcupack
nuvoton.m051,0.1.1,M0516LAN,M0516LAN,65536,4096,cmsis,False,new,Nuvoton/nuvoton.m051-0.1.1.mcupack
nuvoton.m051,0.1.1,M0516ZAN,M0516ZAN,65536,4096,cmsis,False,new,Nuvoton/nuvoton.m051-0.1.1.mcupack
nuvoton.m051,0.1.1,M052LBN,M052LBN,8192,4096,cmsis,False,new,Nuvoton/nuvoton.m051-0.1.1.mcupack
nuvoton.m051,0.1.1,M052ZBN,M052ZBN,8192,4096,cmsis,False,new,Nuvoton/nuvoton.m051-0.1.1.mcupack
nuvoton.m051,0.1.1,M054LBN,M054LBN,16384,4096,cmsis,False,new,Nuvoton/nuvoton.m051-0.1.1.mcupack
nuvoton.m051,0.1.1,M054ZBN,M054ZBN,16384,4096,cmsis,False,new,Nuvoton/nuvoton.m051-0.1.1.mcupack
nuvoton.m051,0.1.1,M058LBN,M058LBN,32768,4096,cmsis,False,new,Nuvoton/nuvoton.m051-0.1.1.mcupack
nuvoton.m051,0.1.1,M058ZBN,M058ZBN,32768,4096,cmsis,False,new,Nuvoton/nuvoton.m051-0.1.1.mcupack
nuvoton.m051,0.1.1,M0516LBN,M0516LBN,65536,4096,cmsis,False,new,Nuvoton/nuvoton.m051-0.1.1.mcupack
nuvoton.m051,0.1.1,M0516ZBN,M0516ZBN,65536,4096,cmsis,False,new,Nuvoton/nuvoton.m051-0.1.1.mcupack
nuvoton.m051,0.1.1,M052LDN,M052LDN,8192,4096,cmsis,False,new,Nuvoton/nuvoton.m051-0.1.1.mcupack
nuvoton.m051,0.1.1,M052ZDN,M052ZDN,8192,4096,cmsis,False,new,Nuvoton/nuvoton.m051-0.1.1.mcupack
nuvoton.m051,0.1.1,M054LDN,M054LDN,16384,4096,cmsis,False,new,Nuvoton/nuvoton.m051-0.1.1.mcupack
nuvoton.m051,0.1.1,M054ZDN,M054ZDN,16384,4096,cmsis,False,new,Nuvoton/nuvoton.m051-0.1.1.mcupack
nuvoton.m051,0.1.1,M058LDN,M058LDN,32768,4096,cmsis,False,new,Nuvoton/nuvoton.m051-0.1.1.mcupack
nuvoton.m051,0.1.1,M058ZDN,M058ZDN,32768,4096,cmsis,False,new,Nuvoton/nuvoton.m051-0.1.1.mcupack
nuvoton.m051,0.1.1,M0516LDN,M0516LDN,65536,4096,cmsis,False,new,Nuvoton/nuvoton.m051-0.1.1.mcupack
nuvoton.m051,0.1.1,M0516ZDN,M0516ZDN,65536,4096,cmsis,False,new,Nuvoton/nuvoton.m051-0.1.1.mcupack
nuvoton.m051,0.1.1,M052LDE,M052LDE,8192,4096,cmsis,False,new,Nuvoton/nuvoton.m051-0.1.1.mcupack
nuvoton.m051,0.1.1,M052ZDE,M052ZDE,8192,4096,cmsis,False,new,Nuvoton/nuvoton.m051-0.1.1.mcupack
nuvoton.m051,0.1.1,M054LDE,M054LDE,16384,4096,cmsis,False,new,Nuvoton/nuvoton.m051-0.1.1.mcupack
nuvoton.m051,0.1.1,M054ZDE,M054ZDE,16384,4096,cmsis,False,new,Nuvoton/nuvoton.m051-0.1.1.mcupack
nuvoton.m051,0.1.1,M058LDE,M058LDE,32768,4096,cmsis,False,new,Nuvoton/nuvoton.m051-0.1.1.mcupack
nuvoton.m051,0.1.1,M058MDE,M058MDE,32768,4096,cmsis,False,new,Nuvoton/nuvoton.m051-0.1.1.mcupack
nuvoton.m051,0.1.1,M058ZDE,M058ZDE,32768,4096,cmsis,False,new,Nuvoton/nuvoton.m051-0.1.1.mcupack
nuvoton.m051,0.1.1,M0516LDE,M0516LDE,65536,4096,cmsis,False,new,Nuvoton/nuvoton.m051-0.1.1.mcupack
nuvoton.m051,0.1.1,M0516ZDE,M0516ZDE,65536,4096,cmsis,False,new,Nuvoton/nuvoton.m051-0.1.1.mcupack
nuvoton.m0518,0.1.1,M0518LC2AE,M0518LC2AE,36864,8192,cmsis,False,new,Nuvoton/nuvoton.m0518-0.1.1.mcupack
nuvoton.m0518,0.1.1,M0518LD2AE,M0518LD2AE,69632,8192,cmsis,False,new,Nuvoton/nuvoton.m0518-0.1.1.mcupack
nuvoton.m0518,0.1.1,M0518SC2AE,M0518SC2AE,36864,8192,cmsis,False,new,Nuvoton/nuvoton.m0518-0.1.1.mcupack
nuvoton.m0518,0.1.1,M0518SD2AE,M0518SD2AE,69632,8192,cmsis,False,new,Nuvoton/nuvoton.m0518-0.1.1.mcupack
nuvoton.m0519,0.1.1,M0519VE3AE,M0519VE3AE,131072,16384,cmsis,False,new,Nuvoton/nuvoton.m0519-0.1.1.mcupack
nuvoton.m0519,0.1.1,M0519SE3AE,M0519SE3AE,131072,16384,cmsis,False,new,Nuvoton/nuvoton.m0519-0.1.1.mcupack
nuvoton.m0519,0.1.1,M0519SD3AE,M0519SD3AE,65536,16384,cmsis,False,new,Nuvoton/nuvoton.m0519-0.1.1.mcupack
nuvoton.m0519,0.1.1,M0519LE3AE,M0519LE3AE,131072,16384,cmsis,False,new,Nuvoton/nuvoton.m0519-0.1.1.mcupack
nuvoton.m0519,0.1.1,M0519LD3AE,M0519LD3AE,65536,16384,cmsis,False,new,Nuvoton/nuvoton.m0519-0.1.1.mcupack
nuvoton.m0564,0.1.1,M0564LE4AE,M0564LE4AE,131072,20480,cmsis,False,new,Nuvoton/nuvoton.m0564-0.1.1.mcupack
nuvoton.m0564,0.1.1,M0564LG4AE,M0564LG4AE,262144,20480,cmsis,False,new,Nuvoton/nuvoton.m0564-0.1.1.mcupack
nuvoton.m0564,0.1.1,M0564SE4AE,M0564SE4AE,131072,20480,cmsis,False,new,Nuvoton/nuvoton.m0564-0.1.1.mcupack
nuvoton.m0564,0.1.1,M0564SG4AE,M0564SG4AE,262144,20480,cmsis,False,new,Nuvoton/nuvoton.m0564-0.1.1.mcupack
nuvoton.m0564,0.1.1,M0564SSAE,M0564SSAE,262144,20480,cmsis,False,new,Nuvoton/nuvoton.m0564-0.1.1.mcupack
nuvoton.m0564,0.1.1,M0564VG4AE,M0564VG4AE,262144,20480,cmsis,False,new,Nuvoton/nuvoton.m0564-0.1.1.mcupack
nuvoton.m058s,0.1.1,M058SFAN,M058SFAN,32768,4096,cmsis,False,new,Nuvoton/nuvoton.m058s-0.1.1.mcupack
nuvoton.m058s,0.1.1,M058SZAN,M058SZAN,32768,4096,cmsis,False,new,Nuvoton/nuvoton.m058s-0.1.1.mcupack
nuvoton.m058s,0.1.1,M058SLAN,M058SLAN,32768,4096,cmsis,False,new,Nuvoton/nuvoton.m058s-0.1.1.mcupack
nuvoton.m058s,0.1.1,M058SSAN,M058SSAN,32768,4096,cmsis,False,new,Nuvoton/nuvoton.m058s-0.1.1.mcupack
nuvoton.m071m,0.1.1,M071MC2AE,M071MC2AE,32768,8192,cmsis,False,new,Nuvoton/nuvoton.m071m-0.1.1.mcupack
nuvoton.m071m,0.1.1,M071MD2AE,M071MD2AE,65536,8192,cmsis,False,new,Nuvoton/nuvoton.m071m-0.1.1.mcupack
nuvoton.m071q-v,0.1.1,M071VG4AE,M071VG4AE,262144,20480,cmsis,False,new,Nuvoton/nuvoton.m071q-v-0.1.1.mcupack
nuvoton.m071r-s,0.1.1,M071R1D3AE,M071R1D3AE,65536,16384,cmsis,False,new,Nuvoton/nuvoton.m071r-s-0.1.1.mcupack
nuvoton.m071r-s,0.1.1,M071R1E3AE,M071R1E3AE,131072,16384,cmsis,False,new,Nuvoton/nuvoton.m071r-s-0.1.1.mcupack
nuvoton.m071r-s,0.1.1,M071SD3AE,M071SD3AE,65536,16384,cmsis,False,new,Nuvoton/nuvoton.m071r-s-0.1.1.mcupack
nuvoton.m071r-s,0.1.1,M071SE3AE,M071SE3AE,131072,16384,cmsis,False,new,Nuvoton/nuvoton.m071r-s-0.1.1.mcupack
nuvoton.m091,0.1.1,M091TD2AE,M091TD2AE,65536,8192,cmsis,False,new,Nuvoton/nuvoton.m091-0.1.1.mcupack
nuvoton.m091,0.1.1,M091TC2AE,M091TC2AE,32768,8192,cmsis,False,new,Nuvoton/nuvoton.m091-0.1.1.mcupack
nuvoton.m091,0.1.1,M091YD2AE,M091YD2AE,65536,8192,cmsis,False,new,Nuvoton/nuvoton.m091-0.1.1.mcupack
nuvoton.m091,0.1.1,M091YC2AE,M091YC2AE,32768,8192,cmsis,False,new,Nuvoton/nuvoton.m091-0.1.1.mcupack
nuvoton.m0a86,0.1.1,M0A86SD2AE,M0A86SD2AE,69632,8192,cmsis,False,new,Nuvoton/nuvoton.m0a86-0.1.1.mcupack
nuvoton.m433,0.1.1,M433SE8AE,M433SE8AE,131072,65536,cmsis,False,new,Nuvoton/nuvoton.m433-0.1.1.mcupack
nuvoton.m433,0.1.1,M433LE8AE,M433LE8AE,131072,65536,cmsis,False,new,Nuvoton/nuvoton.m433-0.1.1.mcupack
nuvoton.m451,0.1.1,M451VG6AE,M451VG6AE,262144,32768,cmsis,False,new,Nuvoton/nuvoton.m451-0.1.1.mcupack
nuvoton.m451,0.1.1,M451VE6AE,M451VE6AE,131072,32768,cmsis,False,new,Nuvoton/nuvoton.m451-0.1.1.mcupack
nuvoton.m451,0.1.1,M451RG6AE,M451RG6AE,262144,32768,cmsis,False,new,Nuvoton/nuvoton.m451-0.1.1.mcupack
nuvoton.m451,0.1.1,M451RE6AE,M451RE6AE,131072,32768,cmsis,False,new,Nuvoton/nuvoton.m451-0.1.1.mcupack
nuvoton.m451,0.1.1,M451LG6AE,M451LG6AE,262144,32768,cmsis,False,new,Nuvoton/nuvoton.m451-0.1.1.mcupack
nuvoton.m451,0.1.1,M451LE6AE,M451LE6AE,131072,32768,cmsis,False,new,Nuvoton/nuvoton.m451-0.1.1.mcupack
nuvoton.m451,0.1.1,M451VD3AE,M451VD3AE,73728,16384,cmsis,False,new,Nuvoton/nuvoton.m451-0.1.1.mcupack
nuvoton.m451,0.1.1,M451VC3AE,M451VC3AE,40960,16384,cmsis,False,new,Nuvoton/nuvoton.m451-0.1.1.mcupack
nuvoton.m451,0.1.1,M451RD3AE,M451RD3AE,73728,16384,cmsis,False,new,Nuvoton/nuvoton.m451-0.1.1.mcupack
nuvoton.m451,0.1.1,M451RC3AE,M451RC3AE,40960,16384,cmsis,False,new,Nuvoton/nuvoton.m451-0.1.1.mcupack
nuvoton.m451,0.1.1,M451SD3AE,M451SD3AE,73728,16384,cmsis,False,new,Nuvoton/nuvoton.m451-0.1.1.mcupack
nuvoton.m451,0.1.1,M451SC3AE,M451SC3AE,40960,16384,cmsis,False,new,Nuvoton/nuvoton.m451-0.1.1.mcupack
nuvoton.m451,0.1.1,M451LD3AE,M451LD3AE,73728,16384,cmsis,False,new,Nuvoton/nuvoton.m451-0.1.1.mcupack
nuvoton.m451,0.1.1,M451LC3AE,M451LC3AE,40960,16384,cmsis,False,new,Nuvoton/nuvoton.m451-0.1.1.mcupack
nuvoton.m451,0.1.1,M451YD3AE,M451YD3AE,73728,16384,cmsis,False,new,Nuvoton/nuvoton.m451-0.1.1.mcupack
nuvoton.m451,0.1.1,M451YC3AE,M451YC3AE,40960,16384,cmsis,False,new,Nuvoton/nuvoton.m451-0.1.1.mcupack
nuvoton.m451,0.1.1,M452VG6AE,M452VG6AE,262144,32768,cmsis,False,new,Nuvoton/nuvoton.m451-0.1.1.mcupack
nuvoton.m451,0.1.1,M452VE6AE,M452VE6AE,131072,32768,cmsis,False,new,Nuvoton/nuvoton.m451-0.1.1.mcupack
nuvoton.m451,0.1.1,M452RG6AE,M452RG6AE,262144,32768,cmsis,False,new,Nuvoton/nuvoton.m451-0.1.1.mcupack
nuvoton.m451,0.1.1,M452RE6AE,M452RE6AE,131072,32768,cmsis,False,new,Nuvoton/nuvoton.m451-0.1.1.mcupack
nuvoton.m451,0.1.1,M452LG6AE,M452LG6AE,262144,32768,cmsis,False,new,Nuvoton/nuvoton.m451-0.1.1.mcupack
nuvoton.m451,0.1.1,M452LE6AE,M452LE6AE,131072,32768,cmsis,False,new,Nuvoton/nuvoton.m451-0.1.1.mcupack
nuvoton.m451,0.1.1,M452VD3AE,M452VD3AE,73728,16384,cmsis,False,new,Nuvoton/nuvoton.m451-0.1.1.mcupack
nuvoton.m451,0.1.1,M452VC3AE,M452VC3AE,40960,16384,cmsis,False,new,Nuvoton/nuvoton.m451-0.1.1.mcupack
nuvoton.m451,0.1.1,M452RD3AE,M452RD3AE,73728,16384,cmsis,False,new,Nuvoton/nuvoton.m451-0.1.1.mcupack
nuvoton.m451,0.1.1,M452RC3AE,M452RC3AE,40960,16384,cmsis,False,new,Nuvoton/nuvoton.m451-0.1.1.mcupack
nuvoton.m451,0.1.1,M452SD3AE,M452SD3AE,73728,16384,cmsis,False,new,Nuvoton/nuvoton.m451-0.1.1.mcupack
nuvoton.m451,0.1.1,M452SC3AE,M452SC3AE,40960,16384,cmsis,False,new,Nuvoton/nuvoton.m451-0.1.1.mcupack
nuvoton.m451,0.1.1,M452LD3AE,M452LD3AE,73728,16384,cmsis,False,new,Nuvoton/nuvoton.m451-0.1.1.mcupack
nuvoton.m451,0.1.1,M452LC3AE,M452LC3AE,40960,16384,cmsis,False,new,Nuvoton/nuvoton.m451-0.1.1.mcupack
nuvoton.m451,0.1.1,M452YD3AE,M452YD3AE,73728,16384,cmsis,False,new,Nuvoton/nuvoton.m451-0.1.1.mcupack
nuvoton.m451,0.1.1,M452YC3AE,M452YC3AE,40960,16384,cmsis,False,new,Nuvoton/nuvoton.m451-0.1.1.mcupack
nuvoton.m451,0.1.1,M453VG6AE,M453VG6AE,262144,32768,cmsis,False,new,Nuvoton/nuvoton.m451-0.1.1.mcupack
nuvoton.m451,0.1.1,M453VE6AE,M453VE6AE,131072,32768,cmsis,False,new,Nuvoton/nuvoton.m451-0.1.1.mcupack
nuvoton.m451,0.1.1,M453RG6AE,M453RG6AE,262144,32768,cmsis,False,new,Nuvoton/nuvoton.m451-0.1.1.mcupack
nuvoton.m451,0.1.1,M453RE6AE,M453RE6AE,131072,32768,cmsis,False,new,Nuvoton/nuvoton.m451-0.1.1.mcupack
nuvoton.m451,0.1.1,M453LG6AE,M453LG6AE,262144,32768,cmsis,False,new,Nuvoton/nuvoton.m451-0.1.1.mcupack
nuvoton.m451,0.1.1,M453LE6AE,M453LE6AE,131072,32768,cmsis,False,new,Nuvoton/nuvoton.m451-0.1.1.mcupack
nuvoton.m451,0.1.1,M453VD3AE,M453VD3AE,73728,16384,cmsis,False,new,Nuvoton/nuvoton.m451-0.1.1.mcupack
nuvoton.m451,0.1.1,M453VC3AE,M453VC3AE,40960,16384,cmsis,False,new,Nuvoton/nuvoton.m451-0.1.1.mcupack
nuvoton.m451,0.1.1,M453RD3AE,M453RD3AE,73728,16384,cmsis,False,new,Nuvoton/nuvoton.m451-0.1.1.mcupack
nuvoton.m451,0.1.1,M453RC3AE,M453RC3AE,40960,16384,cmsis,False,new,Nuvoton/nuvoton.m451-0.1.1.mcupack
nuvoton.m451,0.1.1,M453SD3AE,M453SD3AE,73728,16384,cmsis,False,new,Nuvoton/nuvoton.m451-0.1.1.mcupack
nuvoton.m451,0.1.1,M453SC3AE,M453SC3AE,40960,16384,cmsis,False,new,Nuvoton/nuvoton.m451-0.1.1.mcupack
nuvoton.m451,0.1.1,M453LD3AE,M453LD3AE,73728,16384,cmsis,False,new,Nuvoton/nuvoton.m451-0.1.1.mcupack
nuvoton.m451,0.1.1,M453LC3AE,M453LC3AE,40960,16384,cmsis,False,new,Nuvoton/nuvoton.m451-0.1.1.mcupack
nuvoton.m451,0.1.1,M453YD3AE,M453YD3AE,73728,16384,cmsis,False,new,Nuvoton/nuvoton.m451-0.1.1.mcupack
nuvoton.m451,0.1.1,M453YC3AE,M453YC3AE,40960,16384,cmsis,False,new,Nuvoton/nuvoton.m451-0.1.1.mcupack
nuvoton.m451,0.1.1,M451MRG6AE,M451MRG6AE,262144,32768,cmsis,False,new,Nuvoton/nuvoton.m451-0.1.1.mcupack
nuvoton.m451,0.1.1,M451MRE6AE,M451MRE6AE,131072,32768,cmsis,False,new,Nuvoton/nuvoton.m451-0.1.1.mcupack
nuvoton.m451,0.1.1,M451MLG6AE,M451MLG6AE,262144,32768,cmsis,False,new,Nuvoton/nuvoton.m451-0.1.1.mcupack
nuvoton.m451,0.1.1,M451MLE6AE,M451MLE6AE,131072,32768,cmsis,False,new,Nuvoton/nuvoton.m451-0.1.1.mcupack
nuvoton.m451,0.1.1,M451MRD3AE,M451MRD3AE,73728,16384,cmsis,False,new,Nuvoton/nuvoton.m451-0.1.1.mcupack
nuvoton.m451,0.1.1,M451MRC3AE,M451MRC3AE,40960,16384,cmsis,False,new,Nuvoton/nuvoton.m451-0.1.1.mcupack
nuvoton.m451,0.1.1,M451MSD3AE,M451MSD3AE,73728,16384,cmsis,False,new,Nuvoton/nuvoton.m451-0.1.1.mcupack
nuvoton.m451,0.1.1,M451MSC3AE,M451MSC3AE,40960,16384,cmsis,False,new,Nuvoton/nuvoton.m451-0.1.1.mcupack
nuvoton.m451,0.1.1,M451MLD3AE,M451MLD3AE,73728,16384,cmsis,False,new,Nuvoton/nuvoton.m451-0.1.1.mcupack
nuvoton.m451,0.1.1,M451MLC3AE,M451MLC3AE,40960,16384,cmsis,False,new,Nuvoton/nuvoton.m451-0.1.1.mcupack
nuvoton.m451,0.1.1,M4LEDLG6AE,M4LEDLG6AE,262144,32768,cmsis,False,new,Nuvoton/nuvoton.m451-0.1.1.mcupack
nuvoton.m451,0.1.1,M4LEDLE6AE,M4LEDLE6AE,131072,32768,cmsis,False,new,Nuvoton/nuvoton.m451-0.1.1.mcupack
nuvoton.m451,0.1.1,M4LEDRG6AE,M4LEDRG6AE,262144,32768,cmsis,False,new,Nuvoton/nuvoton.m451-0.1.1.mcupack
nuvoton.m451,0.1.1,M4LEDRE6AE,M4LEDRE6AE,131072,32768,cmsis,False,new,Nuvoton/nuvoton.m451-0.1.1.mcupack
nuvoton.m451,0.1.1,M4TKLE6AE,M4TKLE6AE,131072,32768,cmsis,False,new,Nuvoton/nuvoton.m451-0.1.1.mcupack
nuvoton.m451,0.1.1,M4TKLG6AE,M4TKLG6AE,262144,32768,cmsis,False,new,Nuvoton/nuvoton.m451-0.1.1.mcupack
nuvoton.m451,0.1.1,M4TKRE6AE,M4TKRE6AE,131072,32768,cmsis,False,new,Nuvoton/nuvoton.m451-0.1.1.mcupack
nuvoton.m451,0.1.1,M4TKRG6AE,M4TKRG6AE,262144,32768,cmsis,False,new,Nuvoton/nuvoton.m451-0.1.1.mcupack
nuvoton.m451,0.1.1,M4TKVE6AE,M4TKVE6AE,131072,32768,cmsis,False,new,Nuvoton/nuvoton.m451-0.1.1.mcupack
nuvoton.m451,0.1.1,M4TKVG6AE,M4TKVG6AE,262144,32768,cmsis,False,new,Nuvoton/nuvoton.m451-0.1.1.mcupack
nuvoton.m4521,0.1.1,M4521LE6AE,M4521LE6AE,131072,32768,cmsis,False,new,Nuvoton/nuvoton.m4521-0.1.1.mcupack
nuvoton.m4521,0.1.1,M4521SE6AE,M4521SE6AE,131072,32768,cmsis,False,new,Nuvoton/nuvoton.m4521-0.1.1.mcupack
nuvoton.m4521,0.1.1,M4521RE6AE,M4521RE6AE,131072,32768,cmsis,False,new,Nuvoton/nuvoton.m4521-0.1.1.mcupack
nuvoton.m460,0.1.1,M467SJHAN,M467SJHAN,1048576,524288,cmsis,False,new,Nuvoton/nuvoton.m460-0.1.1.mcupack
nuvoton.m460,0.1.1,M467SJHAE,M467SJHAE,1048576,524288,cmsis,False,new,Nuvoton/nuvoton.m460-0.1.1.mcupack
nuvoton.m460,0.1.1,M467S2JHAE,M467S2JHAE,1048576,524288,cmsis,False,new,Nuvoton/nuvoton.m460-0.1.1.mcupack
nuvoton.m460,0.1.1,M467KJHAN,M467KJHAN,1048576,524288,cmsis,False,new,Nuvoton/nuvoton.m460-0.1.1.mcupack
nuvoton.m460,0.1.1,M467KJHAE,M467KJHAE,1048576,524288,cmsis,False,new,Nuvoton/nuvoton.m460-0.1.1.mcupack
nuvoton.m460,0.1.1,M467K2JHAE,M467K2JHAE,1048576,524288,cmsis,False,new,Nuvoton/nuvoton.m460-0.1.1.mcupack
nuvoton.m460,0.1.1,M467H3KJHAE,M467H3KJHAE,1048576,524288,cmsis,False,new,Nuvoton/nuvoton.m460-0.1.1.mcupack
nuvoton.m460,0.1.1,M467JJHAN,M467JJHAN,1048576,524288,cmsis,False,new,Nuvoton/nuvoton.m460-0.1.1.mcupack
nuvoton.m460,0.1.1,M467JJHAE,M467JJHAE,1048576,524288,cmsis,False,new,Nuvoton/nuvoton.m460-0.1.1.mcupack
nuvoton.m460,0.1.1,M467J2JHAE,M467J2JHAE,1048576,524288,cmsis,False,new,Nuvoton/nuvoton.m460-0.1.1.mcupack
nuvoton.m460,0.1.1,M467H3JJHAE,M467H3JJHAE,1048576,524288,cmsis,False,new,Nuvoton/nuvoton.m460-0.1.1.mcupack
nuvoton.m460,0.1.1,M467HJHAN,M467HJHAN,1048576,524288,cmsis,False,new,Nuvoton/nuvoton.m460-0.1.1.mcupack
nuvoton.m460,0.1.1,M467HJHAE,M467HJHAE,1048576,524288,cmsis,False,new,Nuvoton/nuvoton.m460-0.1.1.mcupack
nuvoton.m460,0.1.1,M467H2JHAE,M467H2JHAE,1048576,524288,cmsis,False,new,Nuvoton/nuvoton.m460-0.1.1.mcupack
nuvoton.m460,0.1.1,M463KGCAE,M463KGCAE,262144,131072,cmsis,False,new,Nuvoton/nuvoton.m460-0.1.1.mcupack
nuvoton.m460,0.1.1,M463K2GCAC,M463K2GCAC,262144,131072,cmsis,False,new,Nuvoton/nuvoton.m460-0.1.1.mcupack
nuvoton.m460,0.1.1,M463VGCAE,M463VGCAE,262144,131072,cmsis,False,new,Nuvoton/nuvoton.m460-0.1.1.mcupack
nuvoton.m460,0.1.1,M463SGCAE,M463SGCAE,262144,131072,cmsis,False,new,Nuvoton/nuvoton.m460-0.1.1.mcupack
nuvoton.m460,0.1.1,M463S2GCAC,M463S2GCAC,262144,131072,cmsis,False,new,Nuvoton/nuvoton.m460-0.1.1.mcupack
nuvoton.m460,0.1.1,M463LGCAE,M463LGCAE,262144,131072,cmsis,False,new,Nuvoton/nuvoton.m460-0.1.1.mcupack
nuvoton.m460,0.1.1,M463L2GCAC,M463L2GCAC,262144,131072,cmsis,False,new,Nuvoton/nuvoton.m460-0.1.1.mcupack
nuvoton.m460,0.1.1,M463YGCAE,M463YGCAE,262144,131072,cmsis,False,new,Nuvoton/nuvoton.m460-0.1.1.mcupack
nuvoton.m460,0.1.1,M460KGCAE,M460KGCAE,262144,131072,cmsis,False,new,Nuvoton/nuvoton.m460-0.1.1.mcupack
nuvoton.m460,0.1.1,M460SGCAE,M460SGCAE,262144,131072,cmsis,False,new,Nuvoton/nuvoton.m460-0.1.1.mcupack
nuvoton.m460,0.1.1,M460LGCAE,M460LGCAE,262144,131072,cmsis,False,new,Nuvoton/nuvoton.m460-0.1.1.mcupack
nuvoton.m460,0.1.1,M460YGCAE,M460YGCAE,262144,131072,cmsis,False,new,Nuvoton/nuvoton.m460-0.1.1.mcupack
nuvoton.m471,0.1.1,M471KI8AE,M471KI8AE,524288,65536,cmsis,False,new,Nuvoton/nuvoton.m471-0.1.1.mcupack
nuvoton.m471,0.1.1,M471VI8AE,M471VI8AE,524288,65536,cmsis,False,new,Nuvoton/nuvoton.m471-0.1.1.mcupack
nuvoton.m471,0.1.1,M471VG8AE,M471VG8AE,262144,49152,cmsis,False,new,Nuvoton/nuvoton.m471-0.1.1.mcupack
nuvoton.m471,0.1.1,M471VG7AE,M471VG7AE,262144,49152,cmsis,False,new,Nuvoton/nuvoton.m471-0.1.1.mcupack
nuvoton.m471,0.1.1,M471CI8AE,M471CI8AE,524288,65536,cmsis,False,new,Nuvoton/nuvoton.m471-0.1.1.mcupack
nuvoton.m471m-r1-s,0.1.1,M471MD6AE,M471MD6AE,65536,32768,cmsis,False,new,Nuvoton/nuvoton.m471m-r1-s-0.1.1.mcupack
nuvoton.m471m-r1-s,0.1.1,M471R1D6AE,M471R1D6AE,65536,32768,cmsis,False,new,Nuvoton/nuvoton.m471m-r1-s-0.1.1.mcupack
nuvoton.m471m-r1-s,0.1.1,M471R1E6AE,M471R1E6AE,131072,32768,cmsis,False,new,Nuvoton/nuvoton.m471m-r1-s-0.1.1.mcupack
nuvoton.m471m-r1-s,0.1.1,M471SD6AE,M471SD6AE,65536,32768,cmsis,False,new,Nuvoton/nuvoton.m471m-r1-s-0.1.1.mcupack
nuvoton.m471m-r1-s,0.1.1,M471SE6AE,M471SE6AE,131072,32768,cmsis,False,new,Nuvoton/nuvoton.m471m-r1-s-0.1.1.mcupack
nuvoton.m480,0.1.1,M481ZGDAE,M481ZGDAE,262144,163840,cmsis,False,new,Nuvoton/nuvoton.m480-0.1.1.mcupack
nuvoton.m480,0.1.1,M481ZGAAE,M481ZGAAE,262144,98304,cmsis,False,new,Nuvoton/nuvoton.m480-0.1.1.mcupack
nuvoton.m480,0.1.1,M481ZIDAE,M481ZIDAE,524288,163840,cmsis,False,new,Nuvoton/nuvoton.m480-0.1.1.mcupack
nuvoton.m480,0.1.1,M481LGAAE,M481LGAAE,262144,98304,cmsis,False,new,Nuvoton/nuvoton.m480-0.1.1.mcupack
nuvoton.m480,0.1.1,M481LIDAE,M481LIDAE,524288,163840,cmsis,False,new,Nuvoton/nuvoton.m480-0.1.1.mcupack
nuvoton.m480,0.1.1,M481SGAAE,M481SGAAE,262144,98304,cmsis,False,new,Nuvoton/nuvoton.m480-0.1.1.mcupack
nuvoton.m480,0.1.1,M481SIDAE,M481SIDAE,524288,163840,cmsis,False,new,Nuvoton/nuvoton.m480-0.1.1.mcupack
nuvoton.m480,0.1.1,M481ZG8AE,M481ZG8AE,262144,65536,cmsis,False,new,Nuvoton/nuvoton.m480-0.1.1.mcupack
nuvoton.m480,0.1.1,M481ZGCAE,M481ZGCAE,262144,131072,cmsis,False,new,Nuvoton/nuvoton.m480-0.1.1.mcupack
nuvoton.m480,0.1.1,M481ZE8AE,M481ZE8AE,131072,65536,cmsis,False,new,Nuvoton/nuvoton.m480-0.1.1.mcupack
nuvoton.m480,0.1.1,M481LG8AE,M481LG8AE,262144,65536,cmsis,False,new,Nuvoton/nuvoton.m480-0.1.1.mcupack
nuvoton.m480,0.1.1,M481LGCAE,M481LGCAE,262144,131072,cmsis,False,new,Nuvoton/nuvoton.m480-0.1.1.mcupack
nuvoton.m480,0.1.1,M481LGCAEU,M481LGCAEU,262144,131072,cmsis,False,new,Nuvoton/nuvoton.m480-0.1.1.mcupack
nuvoton.m480,0.1.1,M481LE8AE,M481LE8AE,131072,65536,cmsis,False,new,Nuvoton/nuvoton.m480-0.1.1.mcupack
nuvoton.m480,0.1.1,M481SG8AE,M481SG8AE,262144,65536,cmsis,False,new,Nuvoton/nuvoton.m480-0.1.1.mcupack
nuvoton.m480,0.1.1,M481SGCAE,M481SGCAE,262144,131072,cmsis,False,new,Nuvoton/nuvoton.m480-0.1.1.mcupack
nuvoton.m480,0.1.1,M481SE8AE,M481SE8AE,131072,65536,cmsis,False,new,Nuvoton/nuvoton.m480-0.1.1.mcupack
nuvoton.m480,0.1.1,M481SG8AE2A,M481SG8AE2A,262144,65536,cmsis,False,new,Nuvoton/nuvoton.m480-0.1.1.mcupack
nuvoton.m480,0.1.1,M481SGCAE2A,M481SGCAE2A,262144,131072,cmsis,False,new,Nuvoton/nuvoton.m480-0.1.1.mcupack
nuvoton.m480,0.1.1,M482ZIDAE,M482ZIDAE,524288,163840,cmsis,False,new,Nuvoton/nuvoton.m480-0.1.1.mcupack
nuvoton.m480,0.1.1,M482LGAAE,M482LGAAE,262144,98304,cmsis,False,new,Nuvoton/nuvoton.m480-0.1.1.mcupack
nuvoton.m480,0.1.1,M482LIDAE,M482LIDAE,524288,163840,cmsis,False,new,Nuvoton/nuvoton.m480-0.1.1.mcupack
nuvoton.m480,0.1.1,M482SGAAE,M482SGAAE,262144,98304,cmsis,False,new,Nuvoton/nuvoton.m480-0.1.1.mcupack
nuvoton.m480,0.1.1,M482SIDAE,M482SIDAE,524288,163840,cmsis,False,new,Nuvoton/nuvoton.m480-0.1.1.mcupack
nuvoton.m480,0.1.1,M482KGAAE,M482KGAAE,262144,98304,cmsis,False,new,Nuvoton/nuvoton.m480-0.1.1.mcupack
nuvoton.m480,0.1.1,M482KIDAE,M482KIDAE,524288,163840,cmsis,False,new,Nuvoton/nuvoton.m480-0.1.1.mcupack
nuvoton.m480,0.1.1,M482ZG8AE,M482ZG8AE,262144,65536,cmsis,False,new,Nuvoton/nuvoton.m480-0.1.1.mcupack
nuvoton.m480,0.1.1,M482ZGCAE,M482ZGCAE,262144,131072,cmsis,False,new,Nuvoton/nuvoton.m480-0.1.1.mcupack
nuvoton.m480,0.1.1,M482ZE8AE,M482ZE8AE,131072,65536,cmsis,False,new,Nuvoton/nuvoton.m480-0.1.1.mcupack
nuvoton.m480,0.1.1,M482LG8AE,M482LG8AE,262144,65536,cmsis,False,new,Nuvoton/nuvoton.m480-0.1.1.mcupack
nuvoton.m480,0.1.1,M482LGCAE,M482LGCAE,262144,131072,cmsis,False,new,Nuvoton/nuvoton.m480-0.1.1.mcupack
nuvoton.m480,0.1.1,M482LE8AE,M482LE8AE,131072,65536,cmsis,False,new,Nuvoton/nuvoton.m480-0.1.1.mcupack
nuvoton.m480,0.1.1,M482SG8AE,M482SG8AE,262144,65536,cmsis,False,new,Nuvoton/nuvoton.m480-0.1.1.mcupack
nuvoton.m480,0.1.1,M482SGCAE,M482SGCAE,262144,131072,cmsis,False,new,Nuvoton/nuvoton.m480-0.1.1.mcupack
nuvoton.m480,0.1.1,M482SE8AE,M482SE8AE,131072,65536,cmsis,False,new,Nuvoton/nuvoton.m480-0.1.1.mcupack
nuvoton.m480,0.1.1,M482KGCAE,M482KGCAE,262144,131072,cmsis,False,new,Nuvoton/nuvoton.m480-0.1.1.mcupack
nuvoton.m480,0.1.1,M483SGAAE,M483SGAAE,262144,98304,cmsis,False,new,Nuvoton/nuvoton.m480-0.1.1.mcupack
nuvoton.m480,0.1.1,M483SIDAE,M483SIDAE,524288,163840,cmsis,False,new,Nuvoton/nuvoton.m480-0.1.1.mcupack
nuvoton.m480,0.1.1,M483KIDAE,M483KIDAE,524288,163840,cmsis,False,new,Nuvoton/nuvoton.m480-0.1.1.mcupack
nuvoton.m480,0.1.1,M483SG8AE,M483SG8AE,262144,65536,cmsis,False,new,Nuvoton/nuvoton.m480-0.1.1.mcupack
nuvoton.m480,0.1.1,M483SGCAE,M483SGCAE,262144,131072,cmsis,False,new,Nuvoton/nuvoton.m480-0.1.1.mcupack
nuvoton.m480,0.1.1,M483SE8AE,M483SE8AE,131072,65536,cmsis,False,new,Nuvoton/nuvoton.m480-0.1.1.mcupack
nuvoton.m480,0.1.1,M483SGCAE2A,M483SGCAE2A,262144,131072,cmsis,False,new,Nuvoton/nuvoton.m480-0.1.1.mcupack
nuvoton.m480,0.1.1,M483SG8AE2A,M483SG8AE2A,262144,65536,cmsis,False,new,Nuvoton/nuvoton.m480-0.1.1.mcupack
nuvoton.m480,0.1.1,M483KGCAE,M483KGCAE,262144,65536,cmsis,False,new,Nuvoton/nuvoton.m480-0.1.1.mcupack
nuvoton.m480,0.1.1,M483KGCAE2A,M483KGCAE2A,262144,131072,cmsis,False,new,Nuvoton/nuvoton.m480-0.1.1.mcupack
nuvoton.m480,0.1.1,M483KG8AE2A,M483KG8AE2A,262144,65536,cmsis,False,new,Nuvoton/nuvoton.m480-0.1.1.mcupack
nuvoton.m480,0.1.1,M484SGAAE,M484SGAAE,262144,98304,cmsis,False,new,Nuvoton/nuvoton.m480-0.1.1.mcupack
nuvoton.m480,0.1.1,M484SGAAE2U,M484SGAAE2U,262144,98304,cmsis,False,new,Nuvoton/nuvoton.m480-0.1.1.mcupack
nuvoton.m480,0.1.1,M484SIDAE,M484SIDAE,524288,163840,cmsis,False,new,Nuvoton/nuvoton.m480-0.1.1.mcupack
nuvoton.m480,0.1.1,M484SIDAE2U,M484SIDAE2U,524288,163840,cmsis,False,new,Nuvoton/nuvoton.m480-0.1.1.mcupack
nuvoton.m480,0.1.1,M484KIDAE,M484KIDAE,524288,163840,cmsis,False,new,Nuvoton/nuvoton.m480-0.1.1.mcupack
nuvoton.m480,0.1.1,M485ZIDAE,M485ZIDAE,524288,163840,cmsis,False,new,Nuvoton/nuvoton.m480-0.1.1.mcupack
nuvoton.m480,0.1.1,M485YIDAE,M485YIDAE,524288,163840,cmsis,False,new,Nuvoton/nuvoton.m480-0.1.1.mcupack
nuvoton.m480,0.1.1,M485LIDAE,M485LIDAE,524288,163840,cmsis,False,new,Nuvoton/nuvoton.m480-0.1.1.mcupack
nuvoton.m480,0.1.1,M485SIDAE,M485SIDAE,524288,163840,cmsis,False,new,Nuvoton/nuvoton.m480-0.1.1.mcupack
nuvoton.m480,0.1.1,M485KIDAE,M485KIDAE,524288,163840,cmsis,False,new,Nuvoton/nuvoton.m480-0.1.1.mcupack
nuvoton.m480,0.1.1,M487SGAAE,M487SGAAE,262144,98304,cmsis,False,new,Nuvoton/nuvoton.m480-0.1.1.mcupack
nuvoton.m480,0.1.1,M487SIDAE,M487SIDAE,524288,163840,cmsis,False,new,Nuvoton/nuvoton.m480-0.1.1.mcupack
nuvoton.m480,0.1.1,M487KIDAE,M487KIDAE,524288,163840,cmsis,False,new,Nuvoton/nuvoton.m480-0.1.1.mcupack
nuvoton.m480,0.1.1,M487JIDAE,M487JIDAE,524288,163840,cmsis,False,new,Nuvoton/nuvoton.m480-0.1.1.mcupack
nuvoton.m480,0.1.1,M487KMCAN,M487KMCAN,524288,163840,cmsis,False,new,Nuvoton/nuvoton.m480-0.1.1.mcupack
nuvoton.mini51,0.1.1,Mini51LAN,Mini51LAN,4096,2048,cmsis,False,new,Nuvoton/nuvoton.mini51-0.1.1.mcupack
nuvoton.mini51,0.1.1,Mini51ZAN,Mini51ZAN,4096,2048,cmsis,False,new,Nuvoton/nuvoton.mini51-0.1.1.mcupack
nuvoton.mini51,0.1.1,Mini51TAN,Mini51TAN,4096,2048,cmsis,False,new,Nuvoton/nuvoton.mini51-0.1.1.mcupack
nuvoton.mini51,0.1.1,Mini52LAN,Mini52LAN,8192,2048,cmsis,False,new,Nuvoton/nuvoton.mini51-0.1.1.mcupack
nuvoton.mini51,0.1.1,Mini52ZAN,Mini52ZAN,8192,2048,cmsis,False,new,Nuvoton/nuvoton.mini51-0.1.1.mcupack
nuvoton.mini51,0.1.1,Mini52TAN,Mini52TAN,8192,2048,cmsis,False,new,Nuvoton/nuvoton.mini51-0.1.1.mcupack
nuvoton.mini51,0.1.1,Mini54LAN,Mini54LAN,16384,2048,cmsis,False,new,Nuvoton/nuvoton.mini51-0.1.1.mcupack
nuvoton.mini51,0.1.1,Mini54ZAN,Mini54ZAN,16384,2048,cmsis,False,new,Nuvoton/nuvoton.mini51-0.1.1.mcupack
nuvoton.mini51,0.1.1,Mini54TAN,Mini54TAN,16384,2048,cmsis,False,new,Nuvoton/nuvoton.mini51-0.1.1.mcupack
nuvoton.mini51,0.1.1,Mini51LDE,Mini51LDE,4096,2048,cmsis,False,new,Nuvoton/nuvoton.mini51-0.1.1.mcupack
nuvoton.mini51,0.1.1,Mini51ZDE,Mini51ZDE,4096,2048,cmsis,False,new,Nuvoton/nuvoton.mini51-0.1.1.mcupack
nuvoton.mini51,0.1.1,Mini51TDE,Mini51TDE,4096,2048,cmsis,False,new,Nuvoton/nuvoton.mini51-0.1.1.mcupack
nuvoton.mini51,0.1.1,Mini51FDE,Mini51FDE,4096,2048,cmsis,False,new,Nuvoton/nuvoton.mini51-0.1.1.mcupack
nuvoton.mini51,0.1.1,Mini52LDE,Mini52LDE,8192,2048,cmsis,False,new,Nuvoton/nuvoton.mini51-0.1.1.mcupack
nuvoton.mini51,0.1.1,Mini52ZDE,Mini52ZDE,8192,2048,cmsis,False,new,Nuvoton/nuvoton.mini51-0.1.1.mcupack
nuvoton.mini51,0.1.1,Mini52TDE,Mini52TDE,8192,2048,cmsis,False,new,Nuvoton/nuvoton.mini51-0.1.1.mcupack
nuvoton.mini51,0.1.1,Mini52FDE,Mini52FDE,8192,2048,cmsis,False,new,Nuvoton/nuvoton.mini51-0.1.1.mcupack
nuvoton.mini51,0.1.1,Mini54LDE,Mini54LDE,16384,2048,cmsis,False,new,Nuvoton/nuvoton.mini51-0.1.1.mcupack
nuvoton.mini51,0.1.1,Mini54ZDE,Mini54ZDE,16384,2048,cmsis,False,new,Nuvoton/nuvoton.mini51-0.1.1.mcupack
nuvoton.mini51,0.1.1,Mini54TDE,Mini54TDE,16384,2048,cmsis,False,new,Nuvoton/nuvoton.mini51-0.1.1.mcupack
nuvoton.mini51,0.1.1,Mini54FDE,Mini54FDE,16384,2048,cmsis,False,new,Nuvoton/nuvoton.mini51-0.1.1.mcupack
nuvoton.mini55,0.1.1,Mini55LDE,Mini55LDE,17920,2048,cmsis,False,new,Nuvoton/nuvoton.mini55-0.1.1.mcupack
nuvoton.mini55,0.1.1,Mini55ZDE,Mini55ZDE,17920,2048,cmsis,False,new,Nuvoton/nuvoton.mini55-0.1.1.mcupack
nuvoton.mini55,0.1.1,Mini55TDE,Mini55TDE,17920,2048,cmsis,False,new,Nuvoton/nuvoton.mini55-0.1.1.mcupack
nuvoton.mini57,0.1.1,Mini57FDE,Mini57FDE,30208,4096,cmsis,False,new,Nuvoton/nuvoton.mini57-0.1.1.mcupack
nuvoton.mini57,0.1.1,Mini57EDE,Mini57EDE,30208,4096,cmsis,False,new,Nuvoton/nuvoton.mini57-0.1.1.mcupack
nuvoton.mini57,0.1.1,Mini57XDE,Mini57XDE,30208,4096,cmsis,False,new,Nuvoton/nuvoton.mini57-0.1.1.mcupack
nuvoton.mini57,0.1.1,Mini57TDE,Mini57TDE,30208,4096,cmsis,False,new,Nuvoton/nuvoton.mini57-0.1.1.mcupack
nuvoton.mini58,0.1.1,Mini58LDE,Mini58LDE,32768,4096,cmsis,False,new,Nuvoton/nuvoton.mini58-0.1.1.mcupack
nuvoton.mini58,0.1.1,Mini58ZDE,Mini58ZDE,32768,4096,cmsis,False,new,Nuvoton/nuvoton.mini58-0.1.1.mcupack
nuvoton.mini58,0.1.1,Mini58TDE,Mini58TDE,32768,4096,cmsis,False,new,Nuvoton/nuvoton.mini58-0.1.1.mcupack
nuvoton.mini58,0.1.1,Mini58FDE,Mini58FDE,32768,4096,cmsis,False,new,Nuvoton/nuvoton.mini58-0.1.1.mcupack
nuvoton.nano100an,0.1.1,NANO100ZC2AN,NANO100ZC2AN,32768,8192,cmsis,False,new,Nuvoton/nuvoton.nano100an-0.1.1.mcupack
nuvoton.nano100an,0.1.1,NANO100ZD2AN,NANO100ZD2AN,65536,8192,cmsis,False,new,Nuvoton/nuvoton.nano100an-0.1.1.mcupack
nuvoton.nano100an,0.1.1,NANO100ZD3AN,NANO100ZD3AN,65536,16384,cmsis,False,new,Nuvoton/nuvoton.nano100an-0.1.1.mcupack
nuvoton.nano100an,0.1.1,NANO100LC2AN,NANO100LC2AN,32768,8192,cmsis,False,new,Nuvoton/nuvoton.nano100an-0.1.1.mcupack
nuvoton.nano100an,0.1.1,NANO100LD2AN,NANO100LD2AN,65536,8192,cmsis,False,new,Nuvoton/nuvoton.nano100an-0.1.1.mcupack
nuvoton.nano100an,0.1.1,NANO100LD3AN,NANO100LD3AN,65536,16384,cmsis,False,new,Nuvoton/nuvoton.nano100an-0.1.1.mcupack
nuvoton.nano100an,0.1.1,NANO100SC2AN,NANO100SC2AN,32768,8192,cmsis,False,new,Nuvoton/nuvoton.nano100an-0.1.1.mcupack
nuvoton.nano100an,0.1.1,NANO100SD2AN,NANO100SD2AN,65536,8192,cmsis,False,new,Nuvoton/nuvoton.nano100an-0.1.1.mcupack
nuvoton.nano100an,0.1.1,NANO100SD3AN,NANO100SD3AN,65536,16384,cmsis,False,new,Nuvoton/nuvoton.nano100an-0.1.1.mcupack
nuvoton.nano100an,0.1.1,NANO100VD2AN,NANO100VD2AN,65536,8192,cmsis,False,new,Nuvoton/nuvoton.nano100an-0.1.1.mcupack
nuvoton.nano100an,0.1.1,NANO100VD3AN,NANO100VD3AN,65536,16384,cmsis,False,new,Nuvoton/nuvoton.nano100an-0.1.1.mcupack
nuvoton.nano100an,0.1.1,NANO120ZC2AN,NANO120ZC2AN,32768,8192,cmsis,False,new,Nuvoton/nuvoton.nano100an-0.1.1.mcupack
nuvoton.nano100an,0.1.1,NANO120ZD2AN,NANO120ZD2AN,65536,8192,cmsis,False,new,Nuvoton/nuvoton.nano100an-0.1.1.mcupack
nuvoton.nano100an,0.1.1,NANO120ZD3AN,NANO120ZD3AN,65536,16384,cmsis,False,new,Nuvoton/nuvoton.nano100an-0.1.1.mcupack
nuvoton.nano100an,0.1.1,NANO120LC2AN,NANO120LC2AN,32768,8192,cmsis,False,new,Nuvoton/nuvoton.nano100an-0.1.1.mcupack
nuvoton.nano100an,0.1.1,NANO120LD2AN,NANO120LD2AN,65536,8192,cmsis,False,new,Nuvoton/nuvoton.nano100an-0.1.1.mcupack
nuvoton.nano100an,0.1.1,NANO120LD3AN,NANO120LD3AN,65536,16384,cmsis,False,new,Nuvoton/nuvoton.nano100an-0.1.1.mcupack
nuvoton.nano100an,0.1.1,NANO120SC2AN,NANO120SC2AN,32768,8192,cmsis,False,new,Nuvoton/nuvoton.nano100an-0.1.1.mcupack
nuvoton.nano100an,0.1.1,NANO120SD2AN,NANO120SD2AN,65536,8192,cmsis,False,new,Nuvoton/nuvoton.nano100an-0.1.1.mcupack
nuvoton.nano100an,0.1.1,NANO120SD3AN,NANO120SD3AN,65536,16384,cmsis,False,new,Nuvoton/nuvoton.nano100an-0.1.1.mcupack
nuvoton.nano100an,0.1.1,NANO120VD2AN,NANO120VD2AN,65536,8192,cmsis,False,new,Nuvoton/nuvoton.nano100an-0.1.1.mcupack
nuvoton.nano100an,0.1.1,NANO120VD3AN,NANO120VD3AN,65536,16384,cmsis,False,new,Nuvoton/nuvoton.nano100an-0.1.1.mcupack
nuvoton.nano100bn,0.1.1,NANO100NC2BN,NANO100NC2BN,32768,8192,cmsis,False,new,Nuvoton/nuvoton.nano100bn-0.1.1.mcupack
nuvoton.nano100bn,0.1.1,NANO100ND2BN,NANO100ND2BN,65536,8192,cmsis,False,new,Nuvoton/nuvoton.nano100bn-0.1.1.mcupack
nuvoton.nano100bn,0.1.1,NANO100ND3BN,NANO100ND3BN,65536,16384,cmsis,False,new,Nuvoton/nuvoton.nano100bn-0.1.1.mcupack
nuvoton.nano100bn,0.1.1,NANO100NE3BN,NANO100NE3BN,131072,16384,cmsis,False,new,Nuvoton/nuvoton.nano100bn-0.1.1.mcupack
nuvoton.nano100bn,0.1.1,NANO100LC2BN,NANO100LC2BN,32768,8192,cmsis,False,new,Nuvoton/nuvoton.nano100bn-0.1.1.mcupack
nuvoton.nano100bn,0.1.1,NANO100LD2BN,NANO100LD2BN,65536,8192,cmsis,False,new,Nuvoton/nuvoton.nano100bn-0.1.1.mcupack
nuvoton.nano100bn,0.1.1,NANO100LD3BN,NANO100LD3BN,65536,16384,cmsis,False,new,Nuvoton/nuvoton.nano100bn-0.1.1.mcupack
nuvoton.nano100bn,0.1.1,NANO100LE3BN,NANO100LE3BN,131072,16384,cmsis,False,new,Nuvoton/nuvoton.nano100bn-0.1.1.mcupack
nuvoton.nano100bn,0.1.1,NANO100SC2BN,NANO100SC2BN,32768,8192,cmsis,False,new,Nuvoton/nuvoton.nano100bn-0.1.1.mcupack
nuvoton.nano100bn,0.1.1,NANO100SD2BN,NANO100SD2BN,65536,8192,cmsis,False,new,Nuvoton/nuvoton.nano100bn-0.1.1.mcupack
nuvoton.nano100bn,0.1.1,NANO100SD3BN,NANO100SD3BN,65536,16384,cmsis,False,new,Nuvoton/nuvoton.nano100bn-0.1.1.mcupack
nuvoton.nano100bn,0.1.1,NANO100SE3BN,NANO100SE3BN,131072,16384,cmsis,False,new,Nuvoton/nuvoton.nano100bn-0.1.1.mcupack
nuvoton.nano100bn,0.1.1,NANO100KC2BN,NANO100KC2BN,65536,8192,cmsis,False,new,Nuvoton/nuvoton.nano100bn-0.1.1.mcupack
nuvoton.nano100bn,0.1.1,NANO100KC3BN,NANO100KC3BN,65536,16384,cmsis,False,new,Nuvoton/nuvoton.nano100bn-0.1.1.mcupack
nuvoton.nano100bn,0.1.1,NANO100KD2BN,NANO100KD2BN,65536,8192,cmsis,False,new,Nuvoton/nuvoton.nano100bn-0.1.1.mcupack
nuvoton.nano100bn,0.1.1,NANO100KD3BN,NANO100KD3BN,65536,16384,cmsis,False,new,Nuvoton/nuvoton.nano100bn-0.1.1.mcupack
nuvoton.nano100bn,0.1.1,NANO100KE3BN,NANO100KE3BN,131072,16384,cmsis,False,new,Nuvoton/nuvoton.nano100bn-0.1.1.mcupack
nuvoton.nano100bn,0.1.1,NANO110SC2BN,NANO110SC2BN,32768,8192,cmsis,False,new,Nuvoton/nuvoton.nano100bn-0.1.1.mcupack
nuvoton.nano100bn,0.1.1,NANO110SD2BN,NANO110SD2BN,65536,8192,cmsis,False,new,Nuvoton/nuvoton.nano100bn-0.1.1.mcupack
nuvoton.nano100bn,0.1.1,NANO110SD3BN,NANO110SD3BN,65536,16384,cmsis,False,new,Nuvoton/nuvoton.nano100bn-0.1.1.mcupack
nuvoton.nano100bn,0.1.1,NANO110SE3BN,NANO110SE3BN,131072,16384,cmsis,False,new,Nuvoton/nuvoton.nano100bn-0.1.1.mcupack
nuvoton.nano100bn,0.1.1,NANO110RC2BN,NANO110RC2BN,32768,8192,cmsis,False,new,Nuvoton/nuvoton.nano100bn-0.1.1.mcupack
nuvoton.nano100bn,0.1.1,NANO110RD2BN,NANO110RD2BN,65536,8192,cmsis,False,new,Nuvoton/nuvoton.nano100bn-0.1.1.mcupack
nuvoton.nano100bn,0.1.1,NANO110RD3BN,NANO110RD3BN,65536,16384,cmsis,False,new,Nuvoton/nuvoton.nano100bn-0.1.1.mcupack
nuvoton.nano100bn,0.1.1,NANO110RE3BN,NANO110RE3BN,131072,16384,cmsis,False,new,Nuvoton/nuvoton.nano100bn-0.1.1.mcupack
nuvoton.nano100bn,0.1.1,NANO110KC2BN,NANO110KC2BN,32768,8192,cmsis,False,new,Nuvoton/nuvoton.nano100bn-0.1.1.mcupack
nuvoton.nano100bn,0.1.1,NANO110KD2BN,NANO110KD2BN,65536,8192,cmsis,False,new,Nuvoton/nuvoton.nano100bn-0.1.1.mcupack
nuvoton.nano100bn,0.1.1,NANO110KD3BN,NANO110KD3BN,65536,16384,cmsis,False,new,Nuvoton/nuvoton.nano100bn-0.1.1.mcupack
nuvoton.nano100bn,0.1.1,NANO110KE3BN,NANO110KE3BN,131072,16384,cmsis,False,new,Nuvoton/nuvoton.nano100bn-0.1.1.mcupack
nuvoton.nano100bn,0.1.1,NANO120LC2BN,NANO120LC2BN,32768,8192,cmsis,False,new,Nuvoton/nuvoton.nano100bn-0.1.1.mcupack
nuvoton.nano100bn,0.1.1,NANO120LD2BN,NANO120LD2BN,65536,8192,cmsis,False,new,Nuvoton/nuvoton.nano100bn-0.1.1.mcupack
nuvoton.nano100bn,0.1.1,NANO120LD3BN,NANO120LD3BN,65536,16384,cmsis,False,new,Nuvoton/nuvoton.nano100bn-0.1.1.mcupack
nuvoton.nano100bn,0.1.1,NANO120LE3BN,NANO120LE3BN,131072,16384,cmsis,False,new,Nuvoton/nuvoton.nano100bn-0.1.1.mcupack
nuvoton.nano100bn,0.1.1,NANO120SC2BN,NANO120SC2BN,32768,8192,cmsis,False,new,Nuvoton/nuvoton.nano100bn-0.1.1.mcupack
nuvoton.nano100bn,0.1.1,NANO120SD2BN,NANO120SD2BN,65536,8192,cmsis,False,new,Nuvoton/nuvoton.nano100bn-0.1.1.mcupack
nuvoton.nano100bn,0.1.1,NANO120SD3BN,NANO120SD3BN,65536,16384,cmsis,False,new,Nuvoton/nuvoton.nano100bn-0.1.1.mcupack
nuvoton.nano100bn,0.1.1,NANO120SE3BN,NANO120SE3BN,131072,16384,cmsis,False,new,Nuvoton/nuvoton.nano100bn-0.1.1.mcupack
nuvoton.nano100bn,0.1.1,NANO120KC2BN,NANO120KC2BN,32768,8192,cmsis,False,new,Nuvoton/nuvoton.nano100bn-0.1.1.mcupack
nuvoton.nano100bn,0.1.1,NANO120KD2BN,NANO120KD2BN,65536,8192,cmsis,False,new,Nuvoton/nuvoton.nano100bn-0.1.1.mcupack
nuvoton.nano100bn,0.1.1,NANO120KD3BN,NANO120KD3BN,65536,16384,cmsis,False,new,Nuvoton/nuvoton.nano100bn-0.1.1.mcupack
nuvoton.nano100bn,0.1.1,NANO120KE3BN,NANO120KE3BN,131072,16384,cmsis,False,new,Nuvoton/nuvoton.nano100bn-0.1.1.mcupack
nuvoton.nano100bn,0.1.1,NANO130SC2BN,NANO130SC2BN,32768,8192,cmsis,False,new,Nuvoton/nuvoton.nano100bn-0.1.1.mcupack
nuvoton.nano100bn,0.1.1,NANO130SD2BN,NANO130SD2BN,65536,8192,cmsis,False,new,Nuvoton/nuvoton.nano100bn-0.1.1.mcupack
nuvoton.nano100bn,0.1.1,NANO130SD3BN,NANO130SD3BN,65536,16384,cmsis,False,new,Nuvoton/nuvoton.nano100bn-0.1.1.mcupack
nuvoton.nano100bn,0.1.1,NANO130SE3BN,NANO130SE3BN,131072,16384,cmsis,False,new,Nuvoton/nuvoton.nano100bn-0.1.1.mcupack
nuvoton.nano100bn,0.1.1,NANO130KC2BN,NANO130KC2BN,32768,8192,cmsis,False,new,Nuvoton/nuvoton.nano100bn-0.1.1.mcupack
nuvoton.nano100bn,0.1.1,NANO130KD2BN,NANO130KD2BN,65536,8192,cmsis,False,new,Nuvoton/nuvoton.nano100bn-0.1.1.mcupack
nuvoton.nano100bn,0.1.1,NANO130KD3BN,NANO130KD3BN,65536,16384,cmsis,False,new,Nuvoton/nuvoton.nano100bn-0.1.1.mcupack
nuvoton.nano100bn,0.1.1,NANO130KE3BN,NANO130KE3BN,131072,16384,cmsis,False,new,Nuvoton/nuvoton.nano100bn-0.1.1.mcupack
nuvoton.nano103,0.1.1,NANO103ZD3AE,NANO103ZD3AE,65536,16384,cmsis,False,new,Nuvoton/nuvoton.nano103-0.1.1.mcupack
nuvoton.nano103,0.1.1,NANO103LD3AE,NANO103LD3AE,65536,16384,cmsis,False,new,Nuvoton/nuvoton.nano103-0.1.1.mcupack
nuvoton.nano103,0.1.1,NANO103SD3AE,NANO103SD3AE,65536,16384,cmsis,False,new,Nuvoton/nuvoton.nano103-0.1.1.mcupack
nuvoton.nano112,0.1.1,NANO102ZB1AN,NANO102ZB1AN,16384,4096,cmsis,False,new,Nuvoton/nuvoton.nano112-0.1.1.mcupack
nuvoton.nano112,0.1.1,NANO102ZC2AN,NANO102ZC2AN,32768,8192,cmsis,False,new,Nuvoton/nuvoton.nano112-0.1.1.mcupack
nuvoton.nano112,0.1.1,NANO102LB1AN,NANO102LB1AN,16384,4096,cmsis,False,new,Nuvoton/nuvoton.nano112-0.1.1.mcupack
nuvoton.nano112,0.1.1,NANO102LC2AN,NANO102LC2AN,32768,8192,cmsis,False,new,Nuvoton/nuvoton.nano112-0.1.1.mcupack
nuvoton.nano112,0.1.1,NANO102SC2AN,NANO102SC2AN,32768,8192,cmsis,False,new,Nuvoton/nuvoton.nano112-0.1.1.mcupack
nuvoton.nano112,0.1.1,NANO112LB1AN,NANO112LB1AN,16384,4096,cmsis,False,new,Nuvoton/nuvoton.nano112-0.1.1.mcupack
nuvoton.nano112,0.1.1,NANO112LC2AN,NANO112LC2AN,32768,8192,cmsis,False,new,Nuvoton/nuvoton.nano112-0.1.1.mcupack
nuvoton.nano112,0.1.1,NANO112SB1AN,NANO112SB1AN,16384,4096,cmsis,False,new,Nuvoton/nuvoton.nano112-0.1.1.mcupack
nuvoton.nano112,0.1.1,NANO112SC2AN,NANO112SC2AN,32768,8192,cmsis,False,new,Nuvoton/nuvoton.nano112-0.1.1.mcupack
nuvoton.nano112,0.1.1,NANO112RB1AN,NANO112RB1AN,16384,4096,cmsis,False,new,Nuvoton/nuvoton.nano112-0.1.1.mcupack
nuvoton.nano112,0.1.1,NANO112RC2AN,NANO112RC2AN,32768,8192,cmsis,False,new,Nuvoton/nuvoton.nano112-0.1.1.mcupack
nuvoton.nano112,0.1.1,NANO112VC2AN,NANO112VC2AN,32768,8192,cmsis,False,new,Nuvoton/nuvoton.nano112-0.1.1.mcupack
nuvoton.nuc029ae,0.1.1,NUC029FAE,NUC029FAE,16384,2048,cmsis,False,new,Nuvoton/nuvoton.nuc029ae-0.1.1.mcupack
nuvoton.nuc029an,0.1.1,NUC029LAN,NUC029LAN,65536,4096,cmsis,False,new,Nuvoton/nuvoton.nuc029an-0.1.1.mcupack
nuvoton.nuc029an,0.1.1,NUC029NAN,NUC029NAN,65536,4096,cmsis,False,new,Nuvoton/nuvoton.nuc029an-0.1.1.mcupack
nuvoton.nuc029an,0.1.1,NUC029TAN,NUC029TAN,32768,4096,cmsis,False,new,Nuvoton/nuvoton.nuc029an-0.1.1.mcupack
nuvoton.nuc029an,0.1.1,NUC029ZAN,NUC029ZAN,65536,4096,cmsis,False,new,Nuvoton/nuvoton.nuc029an-0.1.1.mcupack
nuvoton.nuc029an,0.1.1,NUC029TAE,NUC029TAE,32768,4096,cmsis,False,new,Nuvoton/nuvoton.nuc029an-0.1.1.mcupack
nuvoton.nuc029de,0.1.1,NUC029LDE,NUC029LDE,69632,8192,cmsis,False,new,Nuvoton/nuvoton.nuc029de-0.1.1.mcupack
nuvoton.nuc029de,0.1.1,NUC029SDE,NUC029SDE,69632,8192,cmsis,False,new,Nuvoton/nuvoton.nuc029de-0.1.1.mcupack
nuvoton.nuc029ee,0.1.1,NUC029LEE,NUC029LEE,131072,16384,cmsis,False,new,Nuvoton/nuvoton.nuc029ee-0.1.1.mcupack
nuvoton.nuc029ee,0.1.1,NUC029SEE,NUC029SEE,131072,16384,cmsis,False,new,Nuvoton/nuvoton.nuc029ee-0.1.1.mcupack
nuvoton.nuc029ge,0.1.1,NUC029LGE,NUC029LGE,262144,20480,cmsis,False,new,Nuvoton/nuvoton.nuc029ge-0.1.1.mcupack
nuvoton.nuc029ge,0.1.1,NUC029SGE,NUC029SGE,262144,20480,cmsis,False,new,Nuvoton/nuvoton.nuc029ge-0.1.1.mcupack
nuvoton.nuc029ge,0.1.1,NUC029KGE,NUC029KGE,262144,20480,cmsis,False,new,Nuvoton/nuvoton.nuc029ge-0.1.1.mcupack
nuvoton.nuc100,0.1.1,NUC100LC1BN,NUC100LC1BN,32768,4096,cmsis,False,new,Nuvoton/nuvoton.nuc100-0.1.1.mcupack
nuvoton.nuc100,0.1.1,NUC100LD1BN,NUC100LD1BN,65536,4096,cmsis,False,new,Nuvoton/nuvoton.nuc100-0.1.1.mcupack
nuvoton.nuc100,0.1.1,NUC100LD2BN,NUC100LD2BN,65536,8192,cmsis,False,new,Nuvoton/nuvoton.nuc100-0.1.1.mcupack
nuvoton.nuc100,0.1.1,NUC100RC1BN,NUC100RC1BN,32768,4096,cmsis,False,new,Nuvoton/nuvoton.nuc100-0.1.1.mcupack
nuvoton.nuc100,0.1.1,NUC100RD1BN,NUC100RD1BN,65536,4096,cmsis,False,new,Nuvoton/nuvoton.nuc100-0.1.1.mcupack
nuvoton.nuc100,0.1.1,NUC100RD2BN,NUC100RD2BN,65536,8192,cmsis,False,new,Nuvoton/nuvoton.nuc100-0.1.1.mcupack
nuvoton.nuc100,0.1.1,NUC100LD3AN,NUC100LD3AN,65536,16384,cmsis,False,new,Nuvoton/nuvoton.nuc100-0.1.1.mcupack
nuvoton.nuc100,0.1.1,NUC100LE3AN,NUC100LE3AN,131072,16384,cmsis,False,new,Nuvoton/nuvoton.nuc100-0.1.1.mcupack
nuvoton.nuc100,0.1.1,NUC100RD3AN,NUC100RD3AN,65536,16384,cmsis,False,new,Nuvoton/nuvoton.nuc100-0.1.1.mcupack
nuvoton.nuc100,0.1.1,NUC100RE3AN,NUC100RE3AN,131072,16384,cmsis,False,new,Nuvoton/nuvoton.nuc100-0.1.1.mcupack
nuvoton.nuc100,0.1.1,NUC100VD2AN,NUC100VD2AN,65536,8192,cmsis,False,new,Nuvoton/nuvoton.nuc100-0.1.1.mcupack
nuvoton.nuc100,0.1.1,NUC100VD3AN,NUC100VD3AN,65536,16384,cmsis,False,new,Nuvoton/nuvoton.nuc100-0.1.1.mcupack
nuvoton.nuc100,0.1.1,NUC100VE3AN,NUC100VE3AN,131072,16384,cmsis,False,new,Nuvoton/nuvoton.nuc100-0.1.1.mcupack
nuvoton.nuc100,0.1.1,NUC100LC1DN,NUC100LC1DN,32768,4096,cmsis,False,new,Nuvoton/nuvoton.nuc100-0.1.1.mcupack
nuvoton.nuc100,0.1.1,NUC100LD1DN,NUC100LD1DN,65536,4096,cmsis,False,new,Nuvoton/nuvoton.nuc100-0.1.1.mcupack
nuvoton.nuc100,0.1.1,NUC100LD2DN,NUC100LD2DN,65536,8192,cmsis,False,new,Nuvoton/nuvoton.nuc100-0.1.1.mcupack
nuvoton.nuc100,0.1.1,NUC100LD3DN,NUC100LD3DN,65536,16384,cmsis,False,new,Nuvoton/nuvoton.nuc100-0.1.1.mcupack
nuvoton.nuc100,0.1.1,NUC100LE3DN,NUC100LE3DN,131072,16384,cmsis,False,new,Nuvoton/nuvoton.nuc100-0.1.1.mcupack
nuvoton.nuc100,0.1.1,NUC100RC1DN,NUC100RC1DN,32768,4096,cmsis,False,new,Nuvoton/nuvoton.nuc100-0.1.1.mcupack
nuvoton.nuc100,0.1.1,NUC100RD1DN,NUC100RD1DN,65536,4096,cmsis,False,new,Nuvoton/nuvoton.nuc100-0.1.1.mcupack
nuvoton.nuc100,0.1.1,NUC100RD2DN,NUC100RD2DN,65536,8192,cmsis,False,new,Nuvoton/nuvoton.nuc100-0.1.1.mcupack
nuvoton.nuc100,0.1.1,NUC100RD3DN,NUC100RD3DN,65536,16384,cmsis,False,new,Nuvoton/nuvoton.nuc100-0.1.1.mcupack
nuvoton.nuc100,0.1.1,NUC100RE3DN,NUC100RE3DN,131072,16384,cmsis,False,new,Nuvoton/nuvoton.nuc100-0.1.1.mcupack
nuvoton.nuc100,0.1.1,NUC100VD2DN,NUC100VD2DN,65536,8192,cmsis,False,new,Nuvoton/nuvoton.nuc100-0.1.1.mcupack
nuvoton.nuc100,0.1.1,NUC100VD3DN,NUC100VD3DN,65536,16384,cmsis,False,new,Nuvoton/nuvoton.nuc100-0.1.1.mcupack
nuvoton.nuc100,0.1.1,NUC100VE3DN,NUC100VE3DN,131072,16384,cmsis,False,new,Nuvoton/nuvoton.nuc100-0.1.1.mcupack
nuvoton.nuc100,0.1.1,NUC100VE3DE,NUC100VE3DE,131072,16384,cmsis,False,new,Nuvoton/nuvoton.nuc100-0.1.1.mcupack
nuvoton.nuc100,0.1.1,NUC120LC1BN,NUC120LC1BN,32768,4096,cmsis,False,new,Nuvoton/nuvoton.nuc100-0.1.1.mcupack
nuvoton.nuc100,0.1.1,NUC120LD1BN,NUC120LD1BN,65536,4096,cmsis,False,new,Nuvoton/nuvoton.nuc100-0.1.1.mcupack
nuvoton.nuc100,0.1.1,NUC120LD2BN,NUC120LD2BN,65536,8192,cmsis,False,new,Nuvoton/nuvoton.nuc100-0.1.1.mcupack
nuvoton.nuc100,0.1.1,NUC120RC1BN,NUC120RC1BN,32768,4096,cmsis,False,new,Nuvoton/nuvoton.nuc100-0.1.1.mcupack
nuvoton.nuc100,0.1.1,NUC120RD1BN,NUC120RD1BN,65536,4096,cmsis,False,new,Nuvoton/nuvoton.nuc100-0.1.1.mcupack
nuvoton.nuc100,0.1.1,NUC120RD2BN,NUC120RD2BN,65536,8192,cmsis,False,new,Nuvoton/nuvoton.nuc100-0.1.1.mcupack
nuvoton.nuc100,0.1.1,NUC120LD3AN,NUC120LD3AN,65536,16384,cmsis,False,new,Nuvoton/nuvoton.nuc100-0.1.1.mcupack
nuvoton.nuc100,0.1.1,NUC120LE3AN,NUC120LE3AN,131072,16384,cmsis,False,new,Nuvoton/nuvoton.nuc100-0.1.1.mcupack
nuvoton.nuc100,0.1.1,NUC120RD3AN,NUC120RD3AN,65536,16384,cmsis,False,new,Nuvoton/nuvoton.nuc100-0.1.1.mcupack
nuvoton.nuc100,0.1.1,NUC120RE3AN,NUC120RE3AN,131072,16384,cmsis,False,new,Nuvoton/nuvoton.nuc100-0.1.1.mcupack
nuvoton.nuc100,0.1.1,NUC120VD2AN,NUC120VD2AN,65536,8192,cmsis,False,new,Nuvoton/nuvoton.nuc100-0.1.1.mcupack
nuvoton.nuc100,0.1.1,NUC120VD3AN,NUC120VD3AN,65536,16384,cmsis,False,new,Nuvoton/nuvoton.nuc100-0.1.1.mcupack
nuvoton.nuc100,0.1.1,NUC120VE3AN,NUC120VE3AN,131072,16384,cmsis,False,new,Nuvoton/nuvoton.nuc100-0.1.1.mcupack
nuvoton.nuc100,0.1.1,NUC120LC1DN,NUC120LC1DN,32768,4096,cmsis,False,new,Nuvoton/nuvoton.nuc100-0.1.1.mcupack
nuvoton.nuc100,0.1.1,NUC120LD1DN,NUC120LD1DN,65536,4096,cmsis,False,new,Nuvoton/nuvoton.nuc100-0.1.1.mcupack
nuvoton.nuc100,0.1.1,NUC120LD2DN,NUC120LD2DN,65536,8192,cmsis,False,new,Nuvoton/nuvoton.nuc100-0.1.1.mcupack
nuvoton.nuc100,0.1.1,NUC120LD2DE,NUC120LD2DE,65536,8192,cmsis,False,new,Nuvoton/nuvoton.nuc100-0.1.1.mcupack
nuvoton.nuc100,0.1.1,NUC120LD3DN,NUC120LD3DN,65536,16384,cmsis,False,new,Nuvoton/nuvoton.nuc100-0.1.1.mcupack
nuvoton.nuc100,0.1.1,NUC120LE3DN,NUC120LE3DN,131072,16384,cmsis,False,new,Nuvoton/nuvoton.nuc100-0.1.1.mcupack
nuvoton.nuc100,0.1.1,NUC120RC1DN,NUC120RC1DN,32768,4096,cmsis,False,new,Nuvoton/nuvoton.nuc100-0.1.1.mcupack
nuvoton.nuc100,0.1.1,NUC120RD1DN,NUC120RD1DN,65536,4096,cmsis,False,new,Nuvoton/nuvoton.nuc100-0.1.1.mcupack
nuvoton.nuc100,0.1.1,NUC120RD2DN,NUC120RD2DN,65536,8192,cmsis,False,new,Nuvoton/nuvoton.nuc100-0.1.1.mcupack
nuvoton.nuc100,0.1.1,NUC120RD3DN,NUC120RD3DN,65536,16384,cmsis,False,new,Nuvoton/nuvoton.nuc100-0.1.1.mcupack
nuvoton.nuc100,0.1.1,NUC120RE3DN,NUC120RE3DN,131072,16384,cmsis,False,new,Nuvoton/nuvoton.nuc100-0.1.1.mcupack
nuvoton.nuc100,0.1.1,NUC120VD2DN,NUC120VD2DN,65536,8192,cmsis,False,new,Nuvoton/nuvoton.nuc100-0.1.1.mcupack
nuvoton.nuc100,0.1.1,NUC120VD3DN,NUC120VD3DN,65536,16384,cmsis,False,new,Nuvoton/nuvoton.nuc100-0.1.1.mcupack
nuvoton.nuc100,0.1.1,NUC120VE3DN,NUC120VE3DN,131072,16384,cmsis,False,new,Nuvoton/nuvoton.nuc100-0.1.1.mcupack
nuvoton.nuc100,0.1.1,NUC130LC1CN,NUC130LC1CN,32768,4096,cmsis,False,new,Nuvoton/nuvoton.nuc100-0.1.1.mcupack
nuvoton.nuc100,0.1.1,NUC130LD2CN,NUC130LD2CN,65536,8192,cmsis,False,new,Nuvoton/nuvoton.nuc100-0.1.1.mcupack
nuvoton.nuc100,0.1.1,NUC130LE3CN,NUC130LE3CN,131072,16384,cmsis,False,new,Nuvoton/nuvoton.nuc100-0.1.1.mcupack
nuvoton.nuc100,0.1.1,NUC130RC1CN,NUC130RC1CN,32768,4096,cmsis,False,new,Nuvoton/nuvoton.nuc100-0.1.1.mcupack
nuvoton.nuc100,0.1.1,NUC130RD2CN,NUC130RD2CN,65536,8192,cmsis,False,new,Nuvoton/nuvoton.nuc100-0.1.1.mcupack
nuvoton.nuc100,0.1.1,NUC130RE3CN,NUC130RE3CN,131072,16384,cmsis,False,new,Nuvoton/nuvoton.nuc100-0.1.1.mcupack
nuvoton.nuc100,0.1.1,NUC130VE3CN,NUC130VE3CN,131072,16384,cmsis,False,new,Nuvoton/nuvoton.nuc100-0.1.1.mcupack
nuvoton.nuc100,0.1.1,NUC140LC1CN,NUC140LC1CN,32768,4096,cmsis,False,new,Nuvoton/nuvoton.nuc100-0.1.1.mcupack
nuvoton.nuc100,0.1.1,NUC140LD2CN,NUC140LD2CN,65536,8192,cmsis,False,new,Nuvoton/nuvoton.nuc100-0.1.1.mcupack
nuvoton.nuc100,0.1.1,NUC140LE3CN,NUC140LE3CN,131072,16384,cmsis,False,new,Nuvoton/nuvoton.nuc100-0.1.1.mcupack
nuvoton.nuc100,0.1.1,NUC140RC1CN,NUC140RC1CN,32768,4096,cmsis,False,new,Nuvoton/nuvoton.nuc100-0.1.1.mcupack
nuvoton.nuc100,0.1.1,NUC140RD2CN,NUC140RD2CN,65536,8192,cmsis,False,new,Nuvoton/nuvoton.nuc100-0.1.1.mcupack
nuvoton.nuc100,0.1.1,NUC140RE3CN,NUC140RE3CN,131072,16384,cmsis,False,new,Nuvoton/nuvoton.nuc100-0.1.1.mcupack
nuvoton.nuc100,0.1.1,NUC140VE3CN,NUC140VE3CN,131072,16384,cmsis,False,new,Nuvoton/nuvoton.nuc100-0.1.1.mcupack
nuvoton.nuc122,0.1.1,NUC122ZC1AN,NUC122ZC1AN,32768,4096,cmsis,False,new,Nuvoton/nuvoton.nuc122-0.1.1.mcupack
nuvoton.nuc122,0.1.1,NUC122ZD2AN,NUC122ZD2AN,65536,8192,cmsis,False,new,Nuvoton/nuvoton.nuc122-0.1.1.mcupack
nuvoton.nuc122,0.1.1,NUC122LC1AN,NUC122LC1AN,32768,4096,cmsis,False,new,Nuvoton/nuvoton.nuc122-0.1.1.mcupack
nuvoton.nuc122,0.1.1,NUC122LD2AN,NUC122LD2AN,65536,8192,cmsis,False,new,Nuvoton/nuvoton.nuc122-0.1.1.mcupack
nuvoton.nuc122,0.1.1,NUC122SC1AN,NUC122SC1AN,32768,4096,cmsis,False,new,Nuvoton/nuvoton.nuc122-0.1.1.mcupack
nuvoton.nuc122,0.1.1,NUC122SD2AN,NUC122SD2AN,65536,8192,cmsis,False,new,Nuvoton/nuvoton.nuc122-0.1.1.mcupack
nuvoton.nuc123,0.1.1,NUC123ZC2AN1,NUC123ZC2AN1,36864,12288,cmsis,False,new,Nuvoton/nuvoton.nuc123-0.1.1.mcupack
nuvoton.nuc123,0.1.1,NUC123ZD4AN0,NUC123ZD4AN0,69632,20480,cmsis,False,new,Nuvoton/nuvoton.nuc123-0.1.1.mcupack
nuvoton.nuc123,0.1.1,NUC123LC2AN1,NUC123LC2AN1,36864,12288,cmsis,False,new,Nuvoton/nuvoton.nuc123-0.1.1.mcupack
nuvoton.nuc123,0.1.1,NUC123LD4AN0,NUC123LD4AN0,69632,20480,cmsis,False,new,Nuvoton/nuvoton.nuc123-0.1.1.mcupack
nuvoton.nuc123,0.1.1,NUC123SC2AN1,NUC123SC2AN1,36864,12288,cmsis,False,new,Nuvoton/nuvoton.nuc123-0.1.1.mcupack
nuvoton.nuc123,0.1.1,NUC123SD4AN0,NUC123SD4AN0,69632,20480,cmsis,False,new,Nuvoton/nuvoton.nuc123-0.1.1.mcupack
nuvoton.nuc123,0.1.1,NUC123ZC2AE1,NUC123ZC2AE1,36864,12288,cmsis,False,new,Nuvoton/nuvoton.nuc123-0.1.1.mcupack
nuvoton.nuc123,0.1.1,NUC123ZD4AE0,NUC123ZD4AE0,69632,20480,cmsis,False,new,Nuvoton/nuvoton.nuc123-0.1.1.mcupack
nuvoton.nuc123,0.1.1,NUC123LC2AE1,NUC123LC2AE1,36864,12288,cmsis,False,new,Nuvoton/nuvoton.nuc123-0.1.1.mcupack
nuvoton.nuc123,0.1.1,NUC123LD4AE0,NUC123LD4AE0,69632,20480,cmsis,False,new,Nuvoton/nuvoton.nuc123-0.1.1.mcupack
nuvoton.nuc123,0.1.1,NUC123SC2AE1,NUC123SC2AE1,36864,12288,cmsis,False,new,Nuvoton/nuvoton.nuc123-0.1.1.mcupack
nuvoton.nuc123,0.1.1,NUC123SD4AE0,NUC123SD4AE0,69632,20480,cmsis,False,new,Nuvoton/nuvoton.nuc123-0.1.1.mcupack
nuvoton.nuc126,0.1.1,NUC126NE4AE,NUC126NE4AE,131072,20480,cmsis,False,new,Nuvoton/nuvoton.nuc126-0.1.1.mcupack
nuvoton.nuc126,0.1.1,NUC126LE4AE,NUC126LE4AE,131072,20480,cmsis,False,new,Nuvoton/nuvoton.nuc126-0.1.1.mcupack
nuvoton.nuc126,0.1.1,NUC126LG4AE,NUC126LG4AE,262144,20480,cmsis,False,new,Nuvoton/nuvoton.nuc126-0.1.1.mcupack
nuvoton.nuc126,0.1.1,NUC126SE4AE,NUC126SE4AE,131072,20480,cmsis,False,new,Nuvoton/nuvoton.nuc126-0.1.1.mcupack
nuvoton.nuc126,0.1.1,NUC126SG4AE,NUC126SG4AE,262144,20480,cmsis,False,new,Nuvoton/nuvoton.nuc126-0.1.1.mcupack
nuvoton.nuc126,0.1.1,NUC126VG4AE,NUC126VG4AE,262144,20480,cmsis,False,new,Nuvoton/nuvoton.nuc126-0.1.1.mcupack
nuvoton.nuc1261,0.1.1,NUC1261NE4AE,NUC1261NE4AE,131072,20480,cmsis,False,new,Nuvoton/nuvoton.nuc1261-0.1.1.mcupack
nuvoton.nuc1261,0.1.1,NUC1261LE4AE,NUC1261LE4AE,131072,20480,cmsis,False,new,Nuvoton/nuvoton.nuc1261-0.1.1.mcupack
nuvoton.nuc1261,0.1.1,NUC1261LG4AE,NUC1261LG4AE,262144,20480,cmsis,False,new,Nuvoton/nuvoton.nuc1261-0.1.1.mcupack
nuvoton.nuc1261,0.1.1,NUC1261SE4AE,NUC1261SE4AE,131072,20480,cmsis,False,new,Nuvoton/nuvoton.nuc1261-0.1.1.mcupack
nuvoton.nuc1261,0.1.1,NUC1261SG4AE,NUC1261SG4AE,262144,20480,cmsis,False,new,Nuvoton/nuvoton.nuc1261-0.1.1.mcupack
nuvoton.nuc131,0.1.1,NUC131LC2AE,NUC131LC2AE,36864,8192,cmsis,False,new,Nuvoton/nuvoton.nuc131-0.1.1.mcupack
nuvoton.nuc131,0.1.1,NUC131LD2AE,NUC131LD2AE,69632,8192,cmsis,False,new,Nuvoton/nuvoton.nuc131-0.1.1.mcupack
nuvoton.nuc131,0.1.1,NUC131SC2AE,NUC131SC2AE,36864,8192,cmsis,False,new,Nuvoton/nuvoton.nuc131-0.1.1.mcupack
nuvoton.nuc131,0.1.1,NUC131SD2AE,NUC131SD2AE,69632,8192,cmsis,False,new,Nuvoton/nuvoton.nuc131-0.1.1.mcupack
nuvoton.nuc131,0.1.1,NUC131LC2AEU,NUC131LC2AEU,36864,8192,cmsis,False,new,Nuvoton/nuvoton.nuc131-0.1.1.mcupack
nuvoton.nuc131,0.1.1,NUC131LD2AEU,NUC131LD2AEU,69632,8192,cmsis,False,new,Nuvoton/nuvoton.nuc131-0.1.1.mcupack
nuvoton.nuc131,0.1.1,NUC131SC2AEU,NUC131SC2AEU,36864,8192,cmsis,False,new,Nuvoton/nuvoton.nuc131-0.1.1.mcupack
nuvoton.nuc131,0.1.1,NUC131SD2AEU,NUC131SD2AEU,69632,8192,cmsis,False,new,Nuvoton/nuvoton.nuc131-0.1.1.mcupack
nuvoton.nuc1311,0.1.1,NUC1311LC2AE,NUC1311LC2AE,36864,8192,cmsis,False,new,Nuvoton/nuvoton.nuc1311-0.1.1.mcupack
nuvoton.nuc1311,0.1.1,NUC1311LD2AE,NUC1311LD2AE,69632,8192,cmsis,False,new,Nuvoton/nuvoton.nuc1311-0.1.1.mcupack
nuvoton.nuc200,0.1.1,NUC200LC2AN,NUC200LC2AN,32768,8192,cmsis,False,new,Nuvoton/nuvoton.nuc200-0.1.1.mcupack
nuvoton.nuc200,0.1.1,NUC200LD2AN,NUC200LD2AN,65536,8192,cmsis,False,new,Nuvoton/nuvoton.nuc200-0.1.1.mcupack
nuvoton.nuc200,0.1.1,NUC200LE3AN,NUC200LE3AN,131072,16384,cmsis,False,new,Nuvoton/nuvoton.nuc200-0.1.1.mcupack
nuvoton.nuc200,0.1.1,NUC200SC2AN,NUC200SC2AN,32768,8192,cmsis,False,new,Nuvoton/nuvoton.nuc200-0.1.1.mcupack
nuvoton.nuc200,0.1.1,NUC200SD2AN,NUC200SD2AN,65536,8192,cmsis,False,new,Nuvoton/nuvoton.nuc200-0.1.1.mcupack
nuvoton.nuc200,0.1.1,NUC200SE3AN,NUC200SE3AN,131072,16384,cmsis,False,new,Nuvoton/nuvoton.nuc200-0.1.1.mcupack
nuvoton.nuc200,0.1.1,NUC200VE3AN,NUC200VE3AN,131072,16384,cmsis,False,new,Nuvoton/nuvoton.nuc200-0.1.1.mcupack
nuvoton.nuc200,0.1.1,NUC220LC2AN,NUC220LC2AN,32768,8192,cmsis,False,new,Nuvoton/nuvoton.nuc200-0.1.1.mcupack
nuvoton.nuc200,0.1.1,NUC220LD2AN,NUC220LD2AN,65536,8192,cmsis,False,new,Nuvoton/nuvoton.nuc200-0.1.1.mcupack
nuvoton.nuc200,0.1.1,NUC220LE3AN,NUC220LE3AN,131072,16384,cmsis,False,new,Nuvoton/nuvoton.nuc200-0.1.1.mcupack
nuvoton.nuc200,0.1.1,NUC220SC2AN,NUC220SC2AN,32768,8192,cmsis,False,new,Nuvoton/nuvoton.nuc200-0.1.1.mcupack
nuvoton.nuc200,0.1.1,NUC220SD2AN,NUC220SD2AN,65536,8192,cmsis,False,new,Nuvoton/nuvoton.nuc200-0.1.1.mcupack
nuvoton.nuc200,0.1.1,NUC220SE3AN,NUC220SE3AN,131072,16384,cmsis,False,new,Nuvoton/nuvoton.nuc200-0.1.1.mcupack
nuvoton.nuc200,0.1.1,NUC220VE3AN,NUC220VE3AN,131072,16384,cmsis,False,new,Nuvoton/nuvoton.nuc200-0.1.1.mcupack
nuvoton.nuc200,0.1.1,NUC220LE3AE,NUC220LE3AE,131072,16384,cmsis,False,new,Nuvoton/nuvoton.nuc200-0.1.1.mcupack
nuvoton.nuc2201,0.1.1,NUC2201LE3AE,NUC2201LE3AE,131072,16384,cmsis,False,new,Nuvoton/nuvoton.nuc2201-0.1.1.mcupack
nuvoton.nuc2201,0.1.1,NUC2201SE3AE,NUC2201SE3AE,131072,16384,cmsis,False,new,Nuvoton/nuvoton.nuc2201-0.1.1.mcupack
nuvoton.nuc230-240,0.1.1,NUC230RC1AE,NUC230RC1AE,32768,4096,cmsis,False,new,Nuvoton/nuvoton.nuc230-240-0.1.1.mcupack
nuvoton.nuc230-240,0.1.1,NUC230LC2AE,NUC230LC2AE,32768,8192,cmsis,False,new,Nuvoton/nuvoton.nuc230-240-0.1.1.mcupack
nuvoton.nuc230-240,0.1.1,NUC230LD2AE,NUC230LD2AE,65536,8192,cmsis,False,new,Nuvoton/nuvoton.nuc230-240-0.1.1.mcupack
nuvoton.nuc230-240,0.1.1,NUC230LE3AE,NUC230LE3AE,131072,16384,cmsis,False,new,Nuvoton/nuvoton.nuc230-240-0.1.1.mcupack
nuvoton.nuc230-240,0.1.1,NUC230SC2AE,NUC230SC2AE,32768,8192,cmsis,False,new,Nuvoton/nuvoton.nuc230-240-0.1.1.mcupack
nuvoton.nuc230-240,0.1.1,NUC230SD2AE,NUC230SD2AE,65536,8192,cmsis,False,new,Nuvoton/nuvoton.nuc230-240-0.1.1.mcupack
nuvoton.nuc230-240,0.1.1,NUC230SE3AE,NUC230SE3AE,131072,16384,cmsis,False,new,Nuvoton/nuvoton.nuc230-240-0.1.1.mcupack
nuvoton.nuc230-240,0.1.1,NUC230VE3AE,NUC230VE3AE,131072,16384,cmsis,False,new,Nuvoton/nuvoton.nuc230-240-0.1.1.mcupack
nuvoton.nuc230-240,0.1.1,NUC240LC2AE,NUC240LC2AE,32768,8192,cmsis,False,new,Nuvoton/nuvoton.nuc230-240-0.1.1.mcupack
nuvoton.nuc230-240,0.1.1,NUC240LD2AE,NUC240LD2AE,65536,8192,cmsis,False,new,Nuvoton/nuvoton.nuc230-240-0.1.1.mcupack
nuvoton.nuc230-240,0.1.1,NUC240LE3AE,NUC240LE3AE,131072,16384,cmsis,False,new,Nuvoton/nuvoton.nuc230-240-0.1.1.mcupack
nuvoton.nuc230-240,0.1.1,NUC240SC2AE,NUC240SC2AE,32768,8192,cmsis,False,new,Nuvoton/nuvoton.nuc230-240-0.1.1.mcupack
nuvoton.nuc230-240,0.1.1,NUC240SD2AE,NUC240SD2AE,65536,8192,cmsis,False,new,Nuvoton/nuvoton.nuc230-240-0.1.1.mcupack
nuvoton.nuc230-240,0.1.1,NUC240SE3AE,NUC240SE3AE,131072,16384,cmsis,False,new,Nuvoton/nuvoton.nuc230-240-0.1.1.mcupack
nuvoton.nuc230-240,0.1.1,NUC240VE3AE,NUC240VE3AE,131072,16384,cmsis,False,new,Nuvoton/nuvoton.nuc230-240-0.1.1.mcupack
nuvoton.nuc400,0.1.1,NUC442RG8AE,NUC442RG8AE,262144,65536,cmsis,False,new,Nuvoton/nuvoton.nuc400-0.1.1.mcupack
nuvoton.nuc400,0.1.1,NUC442RI8AE,NUC442RI8AE,524288,65536,cmsis,False,new,Nuvoton/nuvoton.nuc400-0.1.1.mcupack
nuvoton.nuc400,0.1.1,NUC442VG8AE,NUC442VG8AE,262144,65536,cmsis,False,new,Nuvoton/nuvoton.nuc400-0.1.1.mcupack
nuvoton.nuc400,0.1.1,NUC442VI8AE,NUC442VI8AE,524288,65536,cmsis,False,new,Nuvoton/nuvoton.nuc400-0.1.1.mcupack
nuvoton.nuc400,0.1.1,NUC442KG8AE,NUC442KG8AE,262144,65536,cmsis,False,new,Nuvoton/nuvoton.nuc400-0.1.1.mcupack
nuvoton.nuc400,0.1.1,NUC442KI8AE,NUC442KI8AE,524288,65536,cmsis,False,new,Nuvoton/nuvoton.nuc400-0.1.1.mcupack
nuvoton.nuc400,0.1.1,NUC442JG8AE,NUC442JG8AE,262144,65536,cmsis,False,new,Nuvoton/nuvoton.nuc400-0.1.1.mcupack
nuvoton.nuc400,0.1.1,NUC442JI8AE,NUC442JI8AE,524288,65536,cmsis,False,new,Nuvoton/nuvoton.nuc400-0.1.1.mcupack
nuvoton.nuc400,0.1.1,NUC472VG8AE,NUC472VG8AE,262144,65536,cmsis,False,new,Nuvoton/nuvoton.nuc400-0.1.1.mcupack
nuvoton.nuc400,0.1.1,NUC472VI8AE,NUC472VI8AE,524288,65536,cmsis,False,new,Nuvoton/nuvoton.nuc400-0.1.1.mcupack
nuvoton.nuc400,0.1.1,NUC472KG8AE,NUC472KG8AE,262144,65536,cmsis,False,new,Nuvoton/nuvoton.nuc400-0.1.1.mcupack
nuvoton.nuc400,0.1.1,NUC472KI8AE,NUC472KI8AE,524288,65536,cmsis,False,new,Nuvoton/nuvoton.nuc400-0.1.1.mcupack
nuvoton.nuc400,0.1.1,NUC472JG8AE,NUC472JG8AE,262144,65536,cmsis,False,new,Nuvoton/nuvoton.nuc400-0.1.1.mcupack
nuvoton.nuc400,0.1.1,NUC472JI8AE,NUC472JI8AE,524288,65536,cmsis,False,new,Nuvoton/nuvoton.nuc400-0.1.1.mcupack
nuvoton.nuc400,0.1.1,NUC472HG8AE,NUC472HG8AE,262144,65536,cmsis,False,new,Nuvoton/nuvoton.nuc400-0.1.1.mcupack
nuvoton.nuc400,0.1.1,NUC472HI8AE,NUC472HI8AE,524288,65536,cmsis,False,new,Nuvoton/nuvoton.nuc400-0.1.1.mcupack
nuvoton.nuc505,0.1.1,NUC505DLA,NUC505DLA,524288,131072,cmsis,False,new,Nuvoton/nuvoton.nuc505-0.1.1.mcupack
nuvoton.nuc505,0.1.1,NUC505DL13Y,NUC505DL13Y,2097152,131072,cmsis,False,new,Nuvoton/nuvoton.nuc505-0.1.1.mcupack
nuvoton.nuc505,0.1.1,NUC505YLA,NUC505YLA,524288,131072,cmsis,False,new,Nuvoton/nuvoton.nuc505-0.1.1.mcupack
nuvoton.nuc505,0.1.1,NUC505YLA2Y,NUC505YLA2Y,524288,131072,cmsis,False,new,Nuvoton/nuvoton.nuc505-0.1.1.mcupack
nuvoton.nuc505,0.1.1,NUC505DSA,NUC505DSA,524288,131072,cmsis,False,new,Nuvoton/nuvoton.nuc505-0.1.1.mcupack
nuvoton.nuc505,0.1.1,NUC505DS13Y,NUC505DS13Y,2097152,131072,cmsis,False,new,Nuvoton/nuvoton.nuc505-0.1.1.mcupack
nuvoton.nuc505,0.1.1,NUC505YO13Y,NUC505YO13Y,2097152,131072,cmsis,False,new,Nuvoton/nuvoton.nuc505-0.1.1.mcupack
puya.py32f002a,0.1.1,PY32F002Ax5,PY32F002Ax5 · 20K/3K · 封装通配,20480,3072,cmsis;hal;ll,False,existing,Puya/puya.py32f002a-0.1.1.mcupack
puya.py32f002b,0.1.1,PY32F002Bx5,PY32F002Bx5 · 24K/3K · 封装通配,24576,3072,cmsis;hal;ll,False,existing,Puya/puya.py32f002b-0.1.1.mcupack
puya.py32f003,0.1.1,PY32F003x4,PY32F003x4 · 16K/2K · 封装通配,16384,2048,cmsis;hal;ll,False,existing,Puya/puya.py32f003-0.1.1.mcupack
puya.py32f003,0.1.1,PY32F003x6,PY32F003x6 · 32K/4K · 封装通配,32768,4096,cmsis;hal;ll,False,existing,Puya/puya.py32f003-0.1.1.mcupack
puya.py32f003,0.1.1,PY32F003x8,PY32F003x8 · 64K/8K · 封装通配,65536,8192,cmsis;hal;ll,False,existing,Puya/puya.py32f003-0.1.1.mcupack
puya.py32f005,0.1.2,PY32F005x6,PY32F005x6 · 32K/3K · 封装通配,32768,3072,cmsis;hal;ll,False,existing,Puya/puya.py32f005-0.1.2.mcupack
puya.py32f030,0.1.1,PY32F030x4,PY32F030x4 · 16K/2K · 封装通配,16384,2048,cmsis;hal;ll,False,existing,Puya/puya.py32f030-0.1.1.mcupack
puya.py32f030,0.1.1,PY32F030x6,PY32F030x6 · 32K/4K · 封装通配,32768,4096,cmsis;hal;ll,False,existing,Puya/puya.py32f030-0.1.1.mcupack
puya.py32f030,0.1.1,PY32F030x7,PY32F030x7 · 48K/6K · 封装通配,49152,6144,cmsis;hal;ll,False,existing,Puya/puya.py32f030-0.1.1.mcupack
puya.py32f030,0.1.1,PY32F030x8,PY32F030x8 · 64K/8K · 封装通配,65536,8192,cmsis;hal;ll,False,existing,Puya/puya.py32f030-0.1.1.mcupack
puya.py32f031,0.1.1,PY32F031x8,PY32F031x8 · 64K/8K · 封装通配,65536,8192,cmsis;hal;ll,False,existing,Puya/puya.py32f031-0.1.1.mcupack
puya.py32f032,0.1.1,PY32F032x8,PY32F032x8 · 64K/8K · 封装通配,65536,8192,cmsis;hal;ll,False,existing,Puya/puya.py32f032-0.1.1.mcupack
puya.py32f033,0.1.1,PY32F033x8,PY32F033x8 · 64K/8K · 封装通配,65536,8192,cmsis;hal;ll,False,existing,Puya/puya.py32f033-0.1.1.mcupack
puya.py32f040,0.1.2,PY32F040x6,PY32F040x6 · 32K/4K · 封装通配,32768,4096,cmsis;hal;ll,False,existing,Puya/puya.py32f040-0.1.2.mcupack
puya.py32f040,0.1.2,PY32F040x8,PY32F040x8 · 64K/8K · 封装通配,65536,8192,cmsis;hal;ll,False,existing,Puya/puya.py32f040-0.1.2.mcupack
puya.py32f040,0.1.2,PY32F040x9,PY32F040x9 · 96K/12K · 封装通配,98304,12288,cmsis;hal;ll,False,existing,Puya/puya.py32f040-0.1.2.mcupack
puya.py32f040,0.1.2,PY32F040xB,PY32F040xB · 128K/16K · 封装通配,131072,16384,cmsis;hal;ll,False,existing,Puya/puya.py32f040-0.1.2.mcupack
puya.py32f071,0.1.2,PY32F071x6,PY32F071x6 · 32K/4K · 封装通配,32768,4096,cmsis;hal;ll,False,existing,Puya/puya.py32f071-0.1.2.mcupack
puya.py32f071,0.1.2,PY32F071x8,PY32F071x8 · 64K/8K · 封装通配,65536,8192,cmsis;hal;ll,False,existing,Puya/puya.py32f071-0.1.2.mcupack
puya.py32f071,0.1.2,PY32F071x9,PY32F071x9 · 96K/12K · 封装通配,98304,12288,cmsis;hal;ll,False,existing,Puya/puya.py32f071-0.1.2.mcupack
puya.py32f071,0.1.2,PY32F071xB,PY32F071xB · 128K/16K · 封装通配,131072,16384,cmsis;hal;ll,False,existing,Puya/puya.py32f071-0.1.2.mcupack
puya.py32f072,0.1.2,PY32F072x6,PY32F072x6 · 32K/4K · 封装通配,32768,4096,cmsis;hal;ll,False,existing,Puya/puya.py32f072-0.1.2.mcupack
puya.py32f072,0.1.2,PY32F072x8,PY32F072x8 · 64K/8K · 封装通配,65536,8192,cmsis;hal;ll,False,existing,Puya/puya.py32f072-0.1.2.mcupack
puya.py32f072,0.1.2,PY32F072x9,PY32F072x9 · 96K/12K · 封装通配,98304,12288,cmsis;hal;ll,False,existing,Puya/puya.py32f072-0.1.2.mcupack
puya.py32f072,0.1.2,PY32F072xB,PY32F072xB · 128K/16K · 封装通配,131072,16384,cmsis;hal;ll,False,existing,Puya/puya.py32f072-0.1.2.mcupack
puya.py32f090,0.1.1,PY32F090xB,PY32F090xB · 128K/16K · 封装通配,131072,16384,cmsis;hal;ll,False,existing,Puya/puya.py32f090-0.1.1.mcupack
puya.py32f092,0.1.1,PY32F092xC,PY32F092xC · 256K/32K · 封装通配,262144,32768,cmsis;hal;ll,False,existing,Puya/puya.py32f092-0.1.1.mcupack
puya.py32f403,0.1.0,PY32F403V1DT6,PY32F403V1DT6 · LQFP100 · 384K Flash / 64K SRAM,393216,65536,cmsis;hal;ll,False,existing,Puya/puya.py32f403-0.1.0.mcupack
puya.py32f403,0.1.0,PY32F403R1DT6,PY32F403R1DT6 · LQFP64 · 384K Flash / 64K SRAM,393216,65536,cmsis;hal;ll,False,existing,Puya/puya.py32f403-0.1.0.mcupack
puya.py32f403,0.1.0,PY32F403R2DT6,PY32F403R2DT6 · LQFP64 · 384K Flash / 64K SRAM,393216,65536,cmsis;hal;ll,False,existing,Puya/puya.py32f403-0.1.0.mcupack
puya.py32f403,0.1.0,PY32F403R1CT6,PY32F403R1CT6 · LQFP64 · 256K Flash / 64K SRAM,262144,65536,cmsis;hal;ll,False,existing,Puya/puya.py32f403-0.1.0.mcupack
puya.py32f403,0.1.0,PY32F403C1BT6,PY32F403C1BT6 · LQFP48 · 128K Flash / 64K SRAM,131072,65536,cmsis;hal;ll,False,existing,Puya/puya.py32f403-0.1.0.mcupack
puya.py32f403,0.1.0,PY32F403C1CT6,PY32F403C1CT6 · LQFP48 · 256K Flash / 64K SRAM,262144,65536,cmsis;hal;ll,False,existing,Puya/puya.py32f403-0.1.0.mcupack
puya.py32f403,0.1.0,PY32F403C1DT6,PY32F403C1DT6 · LQFP48 · 384K Flash / 64K SRAM,393216,65536,cmsis;hal;ll,False,existing,Puya/puya.py32f403-0.1.0.mcupack
puya.py32f403,0.1.0,PY32F403C2DT6,PY32F403C2DT6 · LQFP48 · 384K Flash / 64K SRAM,393216,65536,cmsis;hal;ll,False,existing,Puya/puya.py32f403-0.1.0.mcupack
puya.py32f403,0.1.0,PY32F403C1CU6,PY32F403C1CU6 · QFN48 · 256K Flash / 64K SRAM,262144,65536,cmsis;hal;ll,False,existing,Puya/puya.py32f403-0.1.0.mcupack
puya.py32f403,0.1.0,PY32F403K1BU6,PY32F403K1BU6 · QFN32 · 128K Flash / 32K SRAM,131072,32768,cmsis;hal;ll,False,existing,Puya/puya.py32f403-0.1.0.mcupack
puya.py32f403,0.1.0,PY32F403K1CU6,PY32F403K1CU6 · QFN32 · 256K Flash / 64K SRAM,262144,65536,cmsis;hal;ll,False,existing,Puya/puya.py32f403-0.1.0.mcupack
puya.py32f410,0.1.0,PY32F410R1BT7,PY32F410R1BT7 · LQFP64 · 128K/16K,131072,16384,cmsis;hal;ll,False,existing,Puya/puya.py32f410-0.1.0.mcupack
puya.py32f410,0.1.0,PY32F410C1BT7,PY32F410C1BT7 · LQFP48 · 128K/16K,131072,16384,cmsis;hal;ll,False,existing,Puya/puya.py32f410-0.1.0.mcupack
puya.py32f410,0.1.0,PY32F410C2BU7,PY32F410C2BU7 · QFN48 · 128K/16K,131072,16384,cmsis;hal;ll,False,existing,Puya/puya.py32f410-0.1.0.mcupack
puya.py32f410,0.1.0,PY32F410K1BT7,PY32F410K1BT7 · LQFP32 · 128K/16K,131072,16384,cmsis;hal;ll,False,existing,Puya/puya.py32f410-0.1.0.mcupack
puya.py32f410,0.1.0,PY32F410K1BU7,PY32F410K1BU7 · QFN32 · 128K/16K,131072,16384,cmsis;hal;ll,False,existing,Puya/puya.py32f410-0.1.0.mcupack
puya.py32f410,0.1.0,PY32F410G1BU7,PY32F410G1BU7 · QFN28 · 128K/16K,131072,16384,cmsis;hal;ll,False,existing,Puya/puya.py32f410-0.1.0.mcupack
puya.py32f420,0.1.0,PY32F420R1CT7,PY32F420R1CT7 · LQFP64 · 256K/48K,262144,49152,cmsis;hal,False,existing,Puya/puya.py32f420-0.1.0.mcupack
puya.py32f420,0.1.0,PY32F420C2CT7,PY32F420C2CT7 · LQFP48 · 256K/48K,262144,49152,cmsis;hal,False,existing,Puya/puya.py32f420-0.1.0.mcupack
raspberrypi.rp2040,0.2.0,RP2040-PICO,RP2040 · Pico / Pico H（2 MB Flash，离线）,2097152,270336,minimal;blink;multicore;micropython-minimal;micropython-blink,False,existing,Raspberry-Pi/raspberrypi.rp2040-0.2.0.mcupack
raspberrypi.rp2350,0.2.0,RP2350A-PICO2,RP2350A · Pico 2 / 兼容板（4 MB Flash）,4194304,532480,minimal;blink;multicore;micropython-minimal;micropython-blink,True,existing,Raspberry-Pi/raspberrypi.rp2350-0.2.0.mcupack
studiox.stm32c011,0.1.0,STM32C011F6Ux,STM32C011F6Ux,32768,6144,cmsis,False,new,STMicroelectronics/studiox.stm32c011-0.1.0.mcupack
studiox.stm32c011,0.1.0,STM32C011F6UxTR,STM32C011F6UxTR,32768,6144,cmsis,False,new,STMicroelectronics/studiox.stm32c011-0.1.0.mcupack
studiox.stm32c011,0.1.0,STM32C011D6YxTR,STM32C011D6YxTR,32768,6144,cmsis,False,new,STMicroelectronics/studiox.stm32c011-0.1.0.mcupack
studiox.stm32c011,0.1.0,STM32C011F6Px,STM32C011F6Px,32768,6144,cmsis,False,new,STMicroelectronics/studiox.stm32c011-0.1.0.mcupack
studiox.stm32c011,0.1.0,STM32C011J6Mx,STM32C011J6Mx,32768,6144,cmsis,False,new,STMicroelectronics/studiox.stm32c011-0.1.0.mcupack
studiox.stm32c011,0.1.0,STM32C011F4Ux,STM32C011F4Ux,16384,6144,cmsis,False,new,STMicroelectronics/studiox.stm32c011-0.1.0.mcupack
studiox.stm32c011,0.1.0,STM32C011F4UxTR,STM32C011F4UxTR,16384,6144,cmsis,False,new,STMicroelectronics/studiox.stm32c011-0.1.0.mcupack
studiox.stm32c011,0.1.0,STM32C011F4Px,STM32C011F4Px,16384,6144,cmsis,False,new,STMicroelectronics/studiox.stm32c011-0.1.0.mcupack
studiox.stm32c011,0.1.0,STM32C011J4Mx,STM32C011J4Mx,16384,6144,cmsis,False,new,STMicroelectronics/studiox.stm32c011-0.1.0.mcupack
studiox.stm32c031,0.1.0,STM32C031C6Tx,STM32C031C6Tx,32768,12288,cmsis,False,new,STMicroelectronics/studiox.stm32c031-0.1.0.mcupack
studiox.stm32c031,0.1.0,STM32C031C6Ux,STM32C031C6Ux,32768,12288,cmsis,False,new,STMicroelectronics/studiox.stm32c031-0.1.0.mcupack
studiox.stm32c031,0.1.0,STM32C031K6Tx,STM32C031K6Tx,32768,12288,cmsis,False,new,STMicroelectronics/studiox.stm32c031-0.1.0.mcupack
studiox.stm32c031,0.1.0,STM32C031K6Ux,STM32C031K6Ux,32768,12288,cmsis,False,new,STMicroelectronics/studiox.stm32c031-0.1.0.mcupack
studiox.stm32c031,0.1.0,STM32C031G6Ux,STM32C031G6Ux,32768,12288,cmsis,False,new,STMicroelectronics/studiox.stm32c031-0.1.0.mcupack
studiox.stm32c031,0.1.0,STM32C031F6Px,STM32C031F6Px,32768,12288,cmsis,False,new,STMicroelectronics/studiox.stm32c031-0.1.0.mcupack
studiox.stm32c031,0.1.0,STM32C031C4Ux,STM32C031C4Ux,16384,12288,cmsis,False,new,STMicroelectronics/studiox.stm32c031-0.1.0.mcupack
studiox.stm32c031,0.1.0,STM32C031C4Tx,STM32C031C4Tx,16384,12288,cmsis,False,new,STMicroelectronics/studiox.stm32c031-0.1.0.mcupack
studiox.stm32c031,0.1.0,STM32C031K4Tx,STM32C031K4Tx,16384,12288,cmsis,False,new,STMicroelectronics/studiox.stm32c031-0.1.0.mcupack
studiox.stm32c031,0.1.0,STM32C031K4Ux,STM32C031K4Ux,16384,12288,cmsis,False,new,STMicroelectronics/studiox.stm32c031-0.1.0.mcupack
studiox.stm32c031,0.1.0,STM32C031G4Ux,STM32C031G4Ux,16384,12288,cmsis,False,new,STMicroelectronics/studiox.stm32c031-0.1.0.mcupack
studiox.stm32c031,0.1.0,STM32C031F4Px,STM32C031F4Px,16384,12288,cmsis,False,new,STMicroelectronics/studiox.stm32c031-0.1.0.mcupack
studiox.stm32c051,0.1.0,STM32C051C8Tx,STM32C051C8Tx,65536,12288,cmsis,False,new,STMicroelectronics/studiox.stm32c051-0.1.0.mcupack
studiox.stm32c051,0.1.0,STM32C051C8Ux,STM32C051C8Ux,65536,12288,cmsis,False,new,STMicroelectronics/studiox.stm32c051-0.1.0.mcupack
studiox.stm32c051,0.1.0,STM32C051K8Tx,STM32C051K8Tx,65536,12288,cmsis,False,new,STMicroelectronics/studiox.stm32c051-0.1.0.mcupack
studiox.stm32c051,0.1.0,STM32C051G8Ux,STM32C051G8Ux,65536,12288,cmsis,False,new,STMicroelectronics/studiox.stm32c051-0.1.0.mcupack
studiox.stm32c051,0.1.0,STM32C051F8Px,STM32C051F8Px,65536,12288,cmsis,False,new,STMicroelectronics/studiox.stm32c051-0.1.0.mcupack
studiox.stm32c051,0.1.0,STM32C051D8YxTR,STM32C051D8YxTR,65536,12288,cmsis,False,new,STMicroelectronics/studiox.stm32c051-0.1.0.mcupack
studiox.stm32c051,0.1.0,STM32C051C6Tx,STM32C051C6Tx,32768,12288,cmsis,False,new,STMicroelectronics/studiox.stm32c051-0.1.0.mcupack
studiox.stm32c051,0.1.0,STM32C051C6Ux,STM32C051C6Ux,32768,12288,cmsis,False,new,STMicroelectronics/studiox.stm32c051-0.1.0.mcupack
studiox.stm32c051,0.1.0,STM32C051K6Tx,STM32C051K6Tx,32768,12288,cmsis,False,new,STMicroelectronics/studiox.stm32c051-0.1.0.mcupack
studiox.stm32c051,0.1.0,STM32C051K6Ux,STM32C051K6Ux,32768,12288,cmsis,False,new,STMicroelectronics/studiox.stm32c051-0.1.0.mcupack
studiox.stm32c051,0.1.0,STM32C051G6Ux,STM32C051G6Ux,32768,12288,cmsis,False,new,STMicroelectronics/studiox.stm32c051-0.1.0.mcupack
studiox.stm32c051,0.1.0,STM32C051F6Px,STM32C051F6Px,32768,12288,cmsis,False,new,STMicroelectronics/studiox.stm32c051-0.1.0.mcupack
studiox.stm32c071,0.1.0,STM32C071RBTx,STM32C071RBTx,131072,24576,cmsis,False,new,STMicroelectronics/studiox.stm32c071-0.1.0.mcupack
studiox.stm32c071,0.1.0,STM32C071CBTx,STM32C071CBTx,131072,24576,cmsis,False,new,STMicroelectronics/studiox.stm32c071-0.1.0.mcupack
studiox.stm32c071,0.1.0,STM32C071CBUx,STM32C071CBUx,131072,24576,cmsis,False,new,STMicroelectronics/studiox.stm32c071-0.1.0.mcupack
studiox.stm32c071,0.1.0,STM32C071KBTx,STM32C071KBTx,131072,24576,cmsis,False,new,STMicroelectronics/studiox.stm32c071-0.1.0.mcupack
studiox.stm32c071,0.1.0,STM32C071KBUx,STM32C071KBUx,131072,24576,cmsis,False,new,STMicroelectronics/studiox.stm32c071-0.1.0.mcupack
studiox.stm32c071,0.1.0,STM32C071GBUx,STM32C071GBUx,131072,24576,cmsis,False,new,STMicroelectronics/studiox.stm32c071-0.1.0.mcupack
studiox.stm32c071,0.1.0,STM32C071FBYxTR,STM32C071FBYxTR,131072,24576,cmsis,False,new,STMicroelectronics/studiox.stm32c071-0.1.0.mcupack
studiox.stm32c071,0.1.0,STM32C071FBPx,STM32C071FBPx,131072,24576,cmsis,False,new,STMicroelectronics/studiox.stm32c071-0.1.0.mcupack
studiox.stm32c071,0.1.0,STM32C071FBPxN,STM32C071FBPxN,131072,24576,cmsis,False,new,STMicroelectronics/studiox.stm32c071-0.1.0.mcupack
studiox.stm32c071,0.1.0,STM32C071RBTxN,STM32C071RBTxN,131072,24576,cmsis,False,new,STMicroelectronics/studiox.stm32c071-0.1.0.mcupack
studiox.stm32c071,0.1.0,STM32C071RBIxN,STM32C071RBIxN,131072,24576,cmsis,False,new,STMicroelectronics/studiox.stm32c071-0.1.0.mcupack
studiox.stm32c071,0.1.0,STM32C071CBTxN,STM32C071CBTxN,131072,24576,cmsis,False,new,STMicroelectronics/studiox.stm32c071-0.1.0.mcupack
studiox.stm32c071,0.1.0,STM32C071CBUxN,STM32C071CBUxN,131072,24576,cmsis,False,new,STMicroelectronics/studiox.stm32c071-0.1.0.mcupack
studiox.stm32c071,0.1.0,STM32C071KBTxN,STM32C071KBTxN,131072,24576,cmsis,False,new,STMicroelectronics/studiox.stm32c071-0.1.0.mcupack
studiox.stm32c071,0.1.0,STM32C071KBUxN,STM32C071KBUxN,131072,24576,cmsis,False,new,STMicroelectronics/studiox.stm32c071-0.1.0.mcupack
studiox.stm32c071,0.1.0,STM32C071GBUxN,STM32C071GBUxN,131072,24576,cmsis,False,new,STMicroelectronics/studiox.stm32c071-0.1.0.mcupack
studiox.stm32c071,0.1.0,STM32C071R8Tx,STM32C071R8Tx,65536,24576,cmsis,False,new,STMicroelectronics/studiox.stm32c071-0.1.0.mcupack
studiox.stm32c071,0.1.0,STM32C071C8Tx,STM32C071C8Tx,65536,24576,cmsis,False,new,STMicroelectronics/studiox.stm32c071-0.1.0.mcupack
studiox.stm32c071,0.1.0,STM32C071C8Ux,STM32C071C8Ux,65536,24576,cmsis,False,new,STMicroelectronics/studiox.stm32c071-0.1.0.mcupack
studiox.stm32c071,0.1.0,STM32C071K8Tx,STM32C071K8Tx,65536,24576,cmsis,False,new,STMicroelectronics/studiox.stm32c071-0.1.0.mcupack
studiox.stm32c071,0.1.0,STM32C071K8Ux,STM32C071K8Ux,65536,24576,cmsis,False,new,STMicroelectronics/studiox.stm32c071-0.1.0.mcupack
studiox.stm32c071,0.1.0,STM32C071G8Ux,STM32C071G8Ux,65536,24576,cmsis,False,new,STMicroelectronics/studiox.stm32c071-0.1.0.mcupack
studiox.stm32c071,0.1.0,STM32C071F8Px,STM32C071F8Px,65536,24576,cmsis,False,new,STMicroelectronics/studiox.stm32c071-0.1.0.mcupack
studiox.stm32c071,0.1.0,STM32C071R8TxN,STM32C071R8TxN,65536,24576,cmsis,False,new,STMicroelectronics/studiox.stm32c071-0.1.0.mcupack
studiox.stm32c071,0.1.0,STM32C071C8TxN,STM32C071C8TxN,65536,24576,cmsis,False,new,STMicroelectronics/studiox.stm32c071-0.1.0.mcupack
studiox.stm32c071,0.1.0,STM32C071C8UxN,STM32C071C8UxN,65536,24576,cmsis,False,new,STMicroelectronics/studiox.stm32c071-0.1.0.mcupack
studiox.stm32c071,0.1.0,STM32C071K8TxN,STM32C071K8TxN,65536,24576,cmsis,False,new,STMicroelectronics/studiox.stm32c071-0.1.0.mcupack
studiox.stm32c071,0.1.0,STM32C071K8UxN,STM32C071K8UxN,65536,24576,cmsis,False,new,STMicroelectronics/studiox.stm32c071-0.1.0.mcupack
studiox.stm32c071,0.1.0,STM32C071G8UxN,STM32C071G8UxN,65536,24576,cmsis,False,new,STMicroelectronics/studiox.stm32c071-0.1.0.mcupack
studiox.stm32c071,0.1.0,STM32C071F8PxN,STM32C071F8PxN,65536,24576,cmsis,False,new,STMicroelectronics/studiox.stm32c071-0.1.0.mcupack
studiox.stm32c091,0.1.0,STM32C091RCTx,STM32C091RCTx,262144,36864,cmsis,False,new,STMicroelectronics/studiox.stm32c091-0.1.0.mcupack
studiox.stm32c091,0.1.0,STM32C091ECYxTR,STM32C091ECYxTR,262144,36864,cmsis,False,new,STMicroelectronics/studiox.stm32c091-0.1.0.mcupack
studiox.stm32c091,0.1.0,STM32C091RCIx,STM32C091RCIx,262144,36864,cmsis,False,new,STMicroelectronics/studiox.stm32c091-0.1.0.mcupack
studiox.stm32c091,0.1.0,STM32C091CCTx,STM32C091CCTx,262144,36864,cmsis,False,new,STMicroelectronics/studiox.stm32c091-0.1.0.mcupack
studiox.stm32c091,0.1.0,STM32C091CCUx,STM32C091CCUx,262144,36864,cmsis,False,new,STMicroelectronics/studiox.stm32c091-0.1.0.mcupack
studiox.stm32c091,0.1.0,STM32C091KCTx,STM32C091KCTx,262144,36864,cmsis,False,new,STMicroelectronics/studiox.stm32c091-0.1.0.mcupack
studiox.stm32c091,0.1.0,STM32C091KCUx,STM32C091KCUx,262144,36864,cmsis,False,new,STMicroelectronics/studiox.stm32c091-0.1.0.mcupack
studiox.stm32c091,0.1.0,STM32C091GCUx,STM32C091GCUx,262144,36864,cmsis,False,new,STMicroelectronics/studiox.stm32c091-0.1.0.mcupack
studiox.stm32c091,0.1.0,STM32C091FCPx,STM32C091FCPx,262144,36864,cmsis,False,new,STMicroelectronics/studiox.stm32c091-0.1.0.mcupack
studiox.stm32c091,0.1.0,STM32C091RBTx,STM32C091RBTx,131072,36864,cmsis,False,new,STMicroelectronics/studiox.stm32c091-0.1.0.mcupack
studiox.stm32c091,0.1.0,STM32C091CBTx,STM32C091CBTx,131072,36864,cmsis,False,new,STMicroelectronics/studiox.stm32c091-0.1.0.mcupack
studiox.stm32c091,0.1.0,STM32C091CBUx,STM32C091CBUx,131072,36864,cmsis,False,new,STMicroelectronics/studiox.stm32c091-0.1.0.mcupack
studiox.stm32c091,0.1.0,STM32C091KBTx,STM32C091KBTx,131072,36864,cmsis,False,new,STMicroelectronics/studiox.stm32c091-0.1.0.mcupack
studiox.stm32c091,0.1.0,STM32C091KBUx,STM32C091KBUx,131072,36864,cmsis,False,new,STMicroelectronics/studiox.stm32c091-0.1.0.mcupack
studiox.stm32c091,0.1.0,STM32C091GBUx,STM32C091GBUx,131072,36864,cmsis,False,new,STMicroelectronics/studiox.stm32c091-0.1.0.mcupack
studiox.stm32c092,0.1.0,STM32C092RCTx,STM32C092RCTx,262144,30720,cmsis,False,new,STMicroelectronics/studiox.stm32c092-0.1.0.mcupack
studiox.stm32c092,0.1.0,STM32C092ECYxTR,STM32C092ECYxTR,262144,30720,cmsis,False,new,STMicroelectronics/studiox.stm32c092-0.1.0.mcupack
studiox.stm32c092,0.1.0,STM32C092RCIx,STM32C092RCIx,262144,30720,cmsis,False,new,STMicroelectronics/studiox.stm32c092-0.1.0.mcupack
studiox.stm32c092,0.1.0,STM32C092CCTx,STM32C092CCTx,262144,30720,cmsis,False,new,STMicroelectronics/studiox.stm32c092-0.1.0.mcupack
studiox.stm32c092,0.1.0,STM32C092CCUx,STM32C092CCUx,262144,30720,cmsis,False,new,STMicroelectronics/studiox.stm32c092-0.1.0.mcupack
studiox.stm32c092,0.1.0,STM32C092KCTx,STM32C092KCTx,262144,30720,cmsis,False,new,STMicroelectronics/studiox.stm32c092-0.1.0.mcupack
studiox.stm32c092,0.1.0,STM32C092KCUx,STM32C092KCUx,262144,30720,cmsis,False,new,STMicroelectronics/studiox.stm32c092-0.1.0.mcupack
studiox.stm32c092,0.1.0,STM32C092GCUx,STM32C092GCUx,262144,30720,cmsis,False,new,STMicroelectronics/studiox.stm32c092-0.1.0.mcupack
studiox.stm32c092,0.1.0,STM32C092FCPx,STM32C092FCPx,262144,30720,cmsis,False,new,STMicroelectronics/studiox.stm32c092-0.1.0.mcupack
studiox.stm32c092,0.1.0,STM32C092RBTx,STM32C092RBTx,131072,30720,cmsis,False,new,STMicroelectronics/studiox.stm32c092-0.1.0.mcupack
studiox.stm32c092,0.1.0,STM32C092CBTx,STM32C092CBTx,131072,30720,cmsis,False,new,STMicroelectronics/studiox.stm32c092-0.1.0.mcupack
studiox.stm32c092,0.1.0,STM32C092CBUx,STM32C092CBUx,131072,30720,cmsis,False,new,STMicroelectronics/studiox.stm32c092-0.1.0.mcupack
studiox.stm32c092,0.1.0,STM32C092KBTx,STM32C092KBTx,131072,30720,cmsis,False,new,STMicroelectronics/studiox.stm32c092-0.1.0.mcupack
studiox.stm32c092,0.1.0,STM32C092KBUx,STM32C092KBUx,131072,30720,cmsis,False,new,STMicroelectronics/studiox.stm32c092-0.1.0.mcupack
studiox.stm32c092,0.1.0,STM32C092GBUx,STM32C092GBUx,131072,30720,cmsis,False,new,STMicroelectronics/studiox.stm32c092-0.1.0.mcupack
studiox.stm32f030,0.1.0,STM32F030C6,STM32F030C6,32768,4096,cmsis,False,new,STMicroelectronics/studiox.stm32f030-0.1.0.mcupack
studiox.stm32f030,0.1.0,STM32F030C8,STM32F030C8,65536,8192,cmsis,False,new,STMicroelectronics/studiox.stm32f030-0.1.0.mcupack
studiox.stm32f030,0.1.0,STM32F030CC,STM32F030CC,262144,32768,cmsis,False,new,STMicroelectronics/studiox.stm32f030-0.1.0.mcupack
studiox.stm32f030,0.1.0,STM32F030F4,STM32F030F4,16384,4096,cmsis,False,new,STMicroelectronics/studiox.stm32f030-0.1.0.mcupack
studiox.stm32f030,0.1.0,STM32F030K6,STM32F030K6,32768,4096,cmsis,False,new,STMicroelectronics/studiox.stm32f030-0.1.0.mcupack
studiox.stm32f030,0.1.0,STM32F030R8,STM32F030R8,65536,8192,cmsis,False,new,STMicroelectronics/studiox.stm32f030-0.1.0.mcupack
studiox.stm32f030,0.1.0,STM32F030RC,STM32F030RC,262144,32768,cmsis,False,new,STMicroelectronics/studiox.stm32f030-0.1.0.mcupack
studiox.stm32f031,0.1.0,STM32F031C4,STM32F031C4,16384,4096,cmsis,False,new,STMicroelectronics/studiox.stm32f031-0.1.0.mcupack
studiox.stm32f031,0.1.0,STM32F031C6,STM32F031C6,32768,4096,cmsis,False,new,STMicroelectronics/studiox.stm32f031-0.1.0.mcupack
studiox.stm32f031,0.1.0,STM32F031E6,STM32F031E6,32768,4096,cmsis,False,new,STMicroelectronics/studiox.stm32f031-0.1.0.mcupack
studiox.stm32f031,0.1.0,STM32F031F4,STM32F031F4,16384,4096,cmsis,False,new,STMicroelectronics/studiox.stm32f031-0.1.0.mcupack
studiox.stm32f031,0.1.0,STM32F031F6,STM32F031F6,32768,4096,cmsis,False,new,STMicroelectronics/studiox.stm32f031-0.1.0.mcupack
studiox.stm32f031,0.1.0,STM32F031G4,STM32F031G4,16384,4096,cmsis,False,new,STMicroelectronics/studiox.stm32f031-0.1.0.mcupack
studiox.stm32f031,0.1.0,STM32F031G6,STM32F031G6,32768,4096,cmsis,False,new,STMicroelectronics/studiox.stm32f031-0.1.0.mcupack
studiox.stm32f031,0.1.0,STM32F031K4,STM32F031K4,16384,4096,cmsis,False,new,STMicroelectronics/studiox.stm32f031-0.1.0.mcupack
studiox.stm32f031,0.1.0,STM32F031K6,STM32F031K6,32768,4096,cmsis,False,new,STMicroelectronics/studiox.stm32f031-0.1.0.mcupack
studiox.stm32f038,0.1.0,STM32F038C6,STM32F038C6,32768,4096,cmsis,False,new,STMicroelectronics/studiox.stm32f038-0.1.0.mcupack
studiox.stm32f038,0.1.0,STM32F038E6,STM32F038E6,32768,4096,cmsis,False,new,STMicroelectronics/studiox.stm32f038-0.1.0.mcupack
studiox.stm32f038,0.1.0,STM32F038F6,STM32F038F6,32768,4096,cmsis,False,new,STMicroelectronics/studiox.stm32f038-0.1.0.mcupack
studiox.stm32f038,0.1.0,STM32F038G6,STM32F038G6,32768,4096,cmsis,False,new,STMicroelectronics/studiox.stm32f038-0.1.0.mcupack
studiox.stm32f038,0.1.0,STM32F038K6,STM32F038K6,32768,4096,cmsis,False,new,STMicroelectronics/studiox.stm32f038-0.1.0.mcupack
studiox.stm32f042,0.1.0,STM32F042C4,STM32F042C4,16384,6144,cmsis,False,new,STMicroelectronics/studiox.stm32f042-0.1.0.mcupack
studiox.stm32f042,0.1.0,STM32F042C6,STM32F042C6,32768,6144,cmsis,False,new,STMicroelectronics/studiox.stm32f042-0.1.0.mcupack
studiox.stm32f042,0.1.0,STM32F042F4,STM32F042F4,16384,6144,cmsis,False,new,STMicroelectronics/studiox.stm32f042-0.1.0.mcupack
studiox.stm32f042,0.1.0,STM32F042F6,STM32F042F6,32768,6144,cmsis,False,new,STMicroelectronics/studiox.stm32f042-0.1.0.mcupack
studiox.stm32f042,0.1.0,STM32F042G4,STM32F042G4,16384,6144,cmsis,False,new,STMicroelectronics/studiox.stm32f042-0.1.0.mcupack
studiox.stm32f042,0.1.0,STM32F042G6,STM32F042G6,32768,6144,cmsis,False,new,STMicroelectronics/studiox.stm32f042-0.1.0.mcupack
studiox.stm32f042,0.1.0,STM32F042K4,STM32F042K4,16384,6144,cmsis,False,new,STMicroelectronics/studiox.stm32f042-0.1.0.mcupack
studiox.stm32f042,0.1.0,STM32F042K6,STM32F042K6,32768,6144,cmsis,False,new,STMicroelectronics/studiox.stm32f042-0.1.0.mcupack
studiox.stm32f042,0.1.0,STM32F042T6,STM32F042T6,32768,6144,cmsis,False,new,STMicroelectronics/studiox.stm32f042-0.1.0.mcupack
studiox.stm32f048,0.1.0,STM32F048C6,STM32F048C6,32768,6144,cmsis,False,new,STMicroelectronics/studiox.stm32f048-0.1.0.mcupack
studiox.stm32f048,0.1.0,STM32F048G6,STM32F048G6,32768,6144,cmsis,False,new,STMicroelectronics/studiox.stm32f048-0.1.0.mcupack
studiox.stm32f048,0.1.0,STM32F048T6,STM32F048T6,32768,6144,cmsis,False,new,STMicroelectronics/studiox.stm32f048-0.1.0.mcupack
studiox.stm32f051,0.1.0,STM32F051C4,STM32F051C4,16384,8192,cmsis,False,new,STMicroelectronics/studiox.stm32f051-0.1.0.mcupack
studiox.stm32f051,0.1.0,STM32F051C6,STM32F051C6,32768,8192,cmsis,False,new,STMicroelectronics/studiox.stm32f051-0.1.0.mcupack
studiox.stm32f051,0.1.0,STM32F051C8,STM32F051C8,65536,8192,cmsis,False,new,STMicroelectronics/studiox.stm32f051-0.1.0.mcupack
studiox.stm32f051,0.1.0,STM32F051K4,STM32F051K4,16384,8192,cmsis,False,new,STMicroelectronics/studiox.stm32f051-0.1.0.mcupack
studiox.stm32f051,0.1.0,STM32F051K6,STM32F051K6,32768,8192,cmsis,False,new,STMicroelectronics/studiox.stm32f051-0.1.0.mcupack
studiox.stm32f051,0.1.0,STM32F051K8,STM32F051K8,65536,8192,cmsis,False,new,STMicroelectronics/studiox.stm32f051-0.1.0.mcupack
studiox.stm32f051,0.1.0,STM32F051R4,STM32F051R4,16384,8192,cmsis,False,new,STMicroelectronics/studiox.stm32f051-0.1.0.mcupack
studiox.stm32f051,0.1.0,STM32F051R6,STM32F051R6,32768,8192,cmsis,False,new,STMicroelectronics/studiox.stm32f051-0.1.0.mcupack
studiox.stm32f051,0.1.0,STM32F051R8,STM32F051R8,65536,8192,cmsis,False,new,STMicroelectronics/studiox.stm32f051-0.1.0.mcupack
studiox.stm32f051,0.1.0,STM32F051T8,STM32F051T8,65536,8192,cmsis,False,new,STMicroelectronics/studiox.stm32f051-0.1.0.mcupack
studiox.stm32f058,0.1.0,STM32F058C8,STM32F058C8,65536,8192,cmsis,False,new,STMicroelectronics/studiox.stm32f058-0.1.0.mcupack
studiox.stm32f058,0.1.0,STM32F058R8,STM32F058R8,65536,8192,cmsis,False,new,STMicroelectronics/studiox.stm32f058-0.1.0.mcupack
studiox.stm32f058,0.1.0,STM32F058T8,STM32F058T8,65536,8192,cmsis,False,new,STMicroelectronics/studiox.stm32f058-0.1.0.mcupack
studiox.stm32f070,0.1.0,STM32F070C6,STM32F070C6,32768,6144,cmsis,False,new,STMicroelectronics/studiox.stm32f070-0.1.0.mcupack
studiox.stm32f070,0.1.0,STM32F070CB,STM32F070CB,131072,16384,cmsis,False,new,STMicroelectronics/studiox.stm32f070-0.1.0.mcupack
studiox.stm32f070,0.1.0,STM32F070F6,STM32F070F6,32768,6144,cmsis,False,new,STMicroelectronics/studiox.stm32f070-0.1.0.mcupack
studiox.stm32f070,0.1.0,STM32F070RB,STM32F070RB,131072,16384,cmsis,False,new,STMicroelectronics/studiox.stm32f070-0.1.0.mcupack
studiox.stm32f071,0.1.0,STM32F071C8,STM32F071C8,65536,16384,cmsis,False,new,STMicroelectronics/studiox.stm32f071-0.1.0.mcupack
studiox.stm32f071,0.1.0,STM32F071CB,STM32F071CB,131072,16384,cmsis,False,new,STMicroelectronics/studiox.stm32f071-0.1.0.mcupack
studiox.stm32f071,0.1.0,STM32F071RB,STM32F071RB,131072,16384,cmsis,False,new,STMicroelectronics/studiox.stm32f071-0.1.0.mcupack
studiox.stm32f071,0.1.0,STM32F071V8,STM32F071V8,65536,16384,cmsis,False,new,STMicroelectronics/studiox.stm32f071-0.1.0.mcupack
studiox.stm32f071,0.1.0,STM32F071VB,STM32F071VB,131072,16384,cmsis,False,new,STMicroelectronics/studiox.stm32f071-0.1.0.mcupack
studiox.stm32f072,0.1.0,STM32F072C8,STM32F072C8,65536,16384,cmsis,False,new,STMicroelectronics/studiox.stm32f072-0.1.0.mcupack
studiox.stm32f072,0.1.0,STM32F072CB,STM32F072CB,131072,16384,cmsis,False,new,STMicroelectronics/studiox.stm32f072-0.1.0.mcupack
studiox.stm32f072,0.1.0,STM32F072R8,STM32F072R8,65536,16384,cmsis,False,new,STMicroelectronics/studiox.stm32f072-0.1.0.mcupack
studiox.stm32f072,0.1.0,STM32F072RB,STM32F072RB,131072,16384,cmsis,False,new,STMicroelectronics/studiox.stm32f072-0.1.0.mcupack
studiox.stm32f072,0.1.0,STM32F072V8,STM32F072V8,65536,16384,cmsis,False,new,STMicroelectronics/studiox.stm32f072-0.1.0.mcupack
studiox.stm32f072,0.1.0,STM32F072VB,STM32F072VB,131072,16384,cmsis,False,new,STMicroelectronics/studiox.stm32f072-0.1.0.mcupack
studiox.stm32f078,0.1.0,STM32F078CB,STM32F078CB,131072,16384,cmsis,False,new,STMicroelectronics/studiox.stm32f078-0.1.0.mcupack
studiox.stm32f078,0.1.0,STM32F078RB,STM32F078RB,131072,16384,cmsis,False,new,STMicroelectronics/studiox.stm32f078-0.1.0.mcupack
studiox.stm32f078,0.1.0,STM32F078VB,STM32F078VB,131072,16384,cmsis,False,new,STMicroelectronics/studiox.stm32f078-0.1.0.mcupack
studiox.stm32f091,0.1.0,STM32F091CB,STM32F091CB,131072,32768,cmsis,False,new,STMicroelectronics/studiox.stm32f091-0.1.0.mcupack
studiox.stm32f091,0.1.0,STM32F091CC,STM32F091CC,262144,32768,cmsis,False,new,STMicroelectronics/studiox.stm32f091-0.1.0.mcupack
studiox.stm32f091,0.1.0,STM32F091RB,STM32F091RB,131072,32768,cmsis,False,new,STMicroelectronics/studiox.stm32f091-0.1.0.mcupack
studiox.stm32f091,0.1.0,STM32F091RC,STM32F091RC,262144,32768,cmsis,False,new,STMicroelectronics/studiox.stm32f091-0.1.0.mcupack
studiox.stm32f091,0.1.0,STM32F091VB,STM32F091VB,131072,32768,cmsis,False,new,STMicroelectronics/studiox.stm32f091-0.1.0.mcupack
studiox.stm32f091,0.1.0,STM32F091VC,STM32F091VC,262144,32768,cmsis,False,new,STMicroelectronics/studiox.stm32f091-0.1.0.mcupack
studiox.stm32f098,0.1.0,STM32F098CC,STM32F098CC,262144,32768,cmsis,False,new,STMicroelectronics/studiox.stm32f098-0.1.0.mcupack
studiox.stm32f098,0.1.0,STM32F098RC,STM32F098RC,262144,32768,cmsis,False,new,STMicroelectronics/studiox.stm32f098-0.1.0.mcupack
studiox.stm32f098,0.1.0,STM32F098VC,STM32F098VC,262144,32768,cmsis,False,new,STMicroelectronics/studiox.stm32f098-0.1.0.mcupack
studiox.stm32f100,0.1.2,STM32F100C4,STM32F100C4 · 24 MHz · 16K / 4K,16384,4096,hal;hal-freertos,True,existing,STMicroelectronics/studiox.stm32f100-0.1.2.mcupack
studiox.stm32f100,0.1.2,STM32F100C6,STM32F100C6 · 24 MHz · 32K / 4K,32768,4096,hal;hal-freertos,True,existing,STMicroelectronics/studiox.stm32f100-0.1.2.mcupack
studiox.stm32f100,0.1.2,STM32F100C8,STM32F100C8 · 24 MHz · 64K / 8K,65536,8192,hal;hal-freertos,True,existing,STMicroelectronics/studiox.stm32f100-0.1.2.mcupack
studiox.stm32f100,0.1.2,STM32F100CB,STM32F100CB · 24 MHz · 128K / 8K,131072,8192,hal;hal-freertos,True,existing,STMicroelectronics/studiox.stm32f100-0.1.2.mcupack
studiox.stm32f100,0.1.2,STM32F100R4,STM32F100R4 · 24 MHz · 16K / 4K,16384,4096,hal;hal-freertos,True,existing,STMicroelectronics/studiox.stm32f100-0.1.2.mcupack
studiox.stm32f100,0.1.2,STM32F100R6,STM32F100R6 · 24 MHz · 32K / 4K,32768,4096,hal;hal-freertos,True,existing,STMicroelectronics/studiox.stm32f100-0.1.2.mcupack
studiox.stm32f100,0.1.2,STM32F100R8,STM32F100R8 · 24 MHz · 64K / 8K,65536,8192,hal;hal-freertos,True,existing,STMicroelectronics/studiox.stm32f100-0.1.2.mcupack
studiox.stm32f100,0.1.2,STM32F100RB,STM32F100RB · 24 MHz · 128K / 8K,131072,8192,hal;hal-freertos,True,existing,STMicroelectronics/studiox.stm32f100-0.1.2.mcupack
studiox.stm32f100,0.1.2,STM32F100RC,STM32F100RC · 24 MHz · 256K / 24K,262144,24576,hal;hal-freertos,True,existing,STMicroelectronics/studiox.stm32f100-0.1.2.mcupack
studiox.stm32f100,0.1.2,STM32F100RD,STM32F100RD · 24 MHz · 384K / 32K,393216,32768,hal;hal-freertos,True,existing,STMicroelectronics/studiox.stm32f100-0.1.2.mcupack
studiox.stm32f100,0.1.2,STM32F100RE,STM32F100RE · 24 MHz · 512K / 32K,524288,32768,hal;hal-freertos,True,existing,STMicroelectronics/studiox.stm32f100-0.1.2.mcupack
studiox.stm32f100,0.1.2,STM32F100V8,STM32F100V8 · 24 MHz · 64K / 8K,65536,8192,hal;hal-freertos,True,existing,STMicroelectronics/studiox.stm32f100-0.1.2.mcupack
studiox.stm32f100,0.1.2,STM32F100VB,STM32F100VB · 24 MHz · 128K / 8K,131072,8192,hal;hal-freertos,True,existing,STMicroelectronics/studiox.stm32f100-0.1.2.mcupack
studiox.stm32f100,0.1.2,STM32F100VC,STM32F100VC · 24 MHz · 256K / 24K,262144,24576,hal;hal-freertos,True,existing,STMicroelectronics/studiox.stm32f100-0.1.2.mcupack
studiox.stm32f100,0.1.2,STM32F100VD,STM32F100VD · 24 MHz · 384K / 32K,393216,32768,hal;hal-freertos,True,existing,STMicroelectronics/studiox.stm32f100-0.1.2.mcupack
studiox.stm32f100,0.1.2,STM32F100VE,STM32F100VE · 24 MHz · 512K / 32K,524288,32768,hal;hal-freertos,True,existing,STMicroelectronics/studiox.stm32f100-0.1.2.mcupack
studiox.stm32f100,0.1.2,STM32F100ZC,STM32F100ZC · 24 MHz · 256K / 24K,262144,24576,hal;hal-freertos,True,existing,STMicroelectronics/studiox.stm32f100-0.1.2.mcupack
studiox.stm32f100,0.1.2,STM32F100ZD,STM32F100ZD · 24 MHz · 384K / 32K,393216,32768,hal;hal-freertos,True,existing,STMicroelectronics/studiox.stm32f100-0.1.2.mcupack
studiox.stm32f100,0.1.2,STM32F100ZE,STM32F100ZE · 24 MHz · 512K / 32K,524288,32768,hal;hal-freertos,True,existing,STMicroelectronics/studiox.stm32f100-0.1.2.mcupack
studiox.stm32f101,0.1.2,STM32F101C4,STM32F101C4 · 36 MHz · 16K / 4K,16384,4096,hal;hal-freertos,True,existing,STMicroelectronics/studiox.stm32f101-0.1.2.mcupack
studiox.stm32f101,0.1.2,STM32F101C6,STM32F101C6 · 36 MHz · 32K / 6K,32768,6144,hal;hal-freertos,True,existing,STMicroelectronics/studiox.stm32f101-0.1.2.mcupack
studiox.stm32f101,0.1.2,STM32F101C8,STM32F101C8 · 36 MHz · 64K / 10K,65536,10240,hal;hal-freertos,True,existing,STMicroelectronics/studiox.stm32f101-0.1.2.mcupack
studiox.stm32f101,0.1.2,STM32F101CB,STM32F101CB · 36 MHz · 128K / 16K,131072,16384,hal;hal-freertos,True,existing,STMicroelectronics/studiox.stm32f101-0.1.2.mcupack
studiox.stm32f101,0.1.2,STM32F101R4,STM32F101R4 · 36 MHz · 16K / 4K,16384,4096,hal;hal-freertos,True,existing,STMicroelectronics/studiox.stm32f101-0.1.2.mcupack
studiox.stm32f101,0.1.2,STM32F101R6,STM32F101R6 · 36 MHz · 32K / 6K,32768,6144,hal;hal-freertos,True,existing,STMicroelectronics/studiox.stm32f101-0.1.2.mcupack
studiox.stm32f101,0.1.2,STM32F101R8,STM32F101R8 · 36 MHz · 64K / 10K,65536,10240,hal;hal-freertos,True,existing,STMicroelectronics/studiox.stm32f101-0.1.2.mcupack
studiox.stm32f101,0.1.2,STM32F101RB,STM32F101RB · 36 MHz · 128K / 16K,131072,16384,hal;hal-freertos,True,existing,STMicroelectronics/studiox.stm32f101-0.1.2.mcupack
studiox.stm32f101,0.1.2,STM32F101RC,STM32F101RC · 36 MHz · 256K / 32K,262144,32768,hal;hal-freertos,True,existing,STMicroelectronics/studiox.stm32f101-0.1.2.mcupack
studiox.stm32f101,0.1.2,STM32F101RD,STM32F101RD · 36 MHz · 384K / 48K,393216,49152,hal;hal-freertos,True,existing,STMicroelectronics/studiox.stm32f101-0.1.2.mcupack
studiox.stm32f101,0.1.2,STM32F101RE,STM32F101RE · 36 MHz · 512K / 48K,524288,49152,hal;hal-freertos,True,existing,STMicroelectronics/studiox.stm32f101-0.1.2.mcupack
studiox.stm32f101,0.1.2,STM32F101RF,STM32F101RF · 36 MHz · 768K / 80K,786432,81920,hal;hal-freertos,True,existing,STMicroelectronics/studiox.stm32f101-0.1.2.mcupack
studiox.stm32f101,0.1.2,STM32F101RG,STM32F101RG · 36 MHz · 1024K / 80K,1048576,81920,hal;hal-freertos,True,existing,STMicroelectronics/studiox.stm32f101-0.1.2.mcupack
studiox.stm32f101,0.1.2,STM32F101T4,STM32F101T4 · 36 MHz · 16K / 4K,16384,4096,hal;hal-freertos,True,existing,STMicroelectronics/studiox.stm32f101-0.1.2.mcupack
studiox.stm32f101,0.1.2,STM32F101T6,STM32F101T6 · 36 MHz · 32K / 6K,32768,6144,hal;hal-freertos,True,existing,STMicroelectronics/studiox.stm32f101-0.1.2.mcupack
studiox.stm32f101,0.1.2,STM32F101T8,STM32F101T8 · 36 MHz · 64K / 10K,65536,10240,hal;hal-freertos,True,existing,STMicroelectronics/studiox.stm32f101-0.1.2.mcupack
studiox.stm32f101,0.1.2,STM32F101TB,STM32F101TB · 36 MHz · 128K / 16K,131072,16384,hal;hal-freertos,True,existing,STMicroelectronics/studiox.stm32f101-0.1.2.mcupack
studiox.stm32f101,0.1.2,STM32F101V8,STM32F101V8 · 36 MHz · 64K / 10K,65536,10240,hal;hal-freertos,True,existing,STMicroelectronics/studiox.stm32f101-0.1.2.mcupack
studiox.stm32f101,0.1.2,STM32F101VB,STM32F101VB · 36 MHz · 128K / 16K,131072,16384,hal;hal-freertos,True,existing,STMicroelectronics/studiox.stm32f101-0.1.2.mcupack
studiox.stm32f101,0.1.2,STM32F101VC,STM32F101VC · 36 MHz · 256K / 32K,262144,32768,hal;hal-freertos,True,existing,STMicroelectronics/studiox.stm32f101-0.1.2.mcupack
studiox.stm32f101,0.1.2,STM32F101VD,STM32F101VD · 36 MHz · 384K / 48K,393216,49152,hal;hal-freertos,True,existing,STMicroelectronics/studiox.stm32f101-0.1.2.mcupack
studiox.stm32f101,0.1.2,STM32F101VE,STM32F101VE · 36 MHz · 512K / 48K,524288,49152,hal;hal-freertos,True,existing,STMicroelectronics/studiox.stm32f101-0.1.2.mcupack
studiox.stm32f101,0.1.2,STM32F101VF,STM32F101VF · 36 MHz · 768K / 80K,786432,81920,hal;hal-freertos,True,existing,STMicroelectronics/studiox.stm32f101-0.1.2.mcupack
studiox.stm32f101,0.1.2,STM32F101VG,STM32F101VG · 36 MHz · 1024K / 80K,1048576,81920,hal;hal-freertos,True,existing,STMicroelectronics/studiox.stm32f101-0.1.2.mcupack
studiox.stm32f101,0.1.2,STM32F101ZC,STM32F101ZC · 36 MHz · 256K / 32K,262144,32768,hal;hal-freertos,True,existing,STMicroelectronics/studiox.stm32f101-0.1.2.mcupack
studiox.stm32f101,0.1.2,STM32F101ZD,STM32F101ZD · 36 MHz · 384K / 48K,393216,49152,hal;hal-freertos,True,existing,STMicroelectronics/studiox.stm32f101-0.1.2.mcupack
studiox.stm32f101,0.1.2,STM32F101ZE,STM32F101ZE · 36 MHz · 512K / 48K,524288,49152,hal;hal-freertos,True,existing,STMicroelectronics/studiox.stm32f101-0.1.2.mcupack
studiox.stm32f101,0.1.2,STM32F101ZF,STM32F101ZF · 36 MHz · 768K / 80K,786432,81920,hal;hal-freertos,True,existing,STMicroelectronics/studiox.stm32f101-0.1.2.mcupack
studiox.stm32f101,0.1.2,STM32F101ZG,STM32F101ZG · 36 MHz · 1024K / 80K,1048576,81920,hal;hal-freertos,True,existing,STMicroelectronics/studiox.stm32f101-0.1.2.mcupack
studiox.stm32f102,0.1.2,STM32F102C4,STM32F102C4 · 48 MHz · 16K / 4K,16384,4096,hal;hal-freertos,True,existing,STMicroelectronics/studiox.stm32f102-0.1.2.mcupack
studiox.stm32f102,0.1.2,STM32F102C6,STM32F102C6 · 48 MHz · 32K / 6K,32768,6144,hal;hal-freertos,True,existing,STMicroelectronics/studiox.stm32f102-0.1.2.mcupack
studiox.stm32f102,0.1.2,STM32F102C8,STM32F102C8 · 48 MHz · 64K / 10K,65536,10240,hal;hal-freertos,True,existing,STMicroelectronics/studiox.stm32f102-0.1.2.mcupack
studiox.stm32f102,0.1.2,STM32F102CB,STM32F102CB · 48 MHz · 128K / 16K,131072,16384,hal;hal-freertos,True,existing,STMicroelectronics/studiox.stm32f102-0.1.2.mcupack
studiox.stm32f102,0.1.2,STM32F102R4,STM32F102R4 · 48 MHz · 16K / 4K,16384,4096,hal;hal-freertos,True,existing,STMicroelectronics/studiox.stm32f102-0.1.2.mcupack
studiox.stm32f102,0.1.2,STM32F102R6,STM32F102R6 · 48 MHz · 32K / 6K,32768,6144,hal;hal-freertos,True,existing,STMicroelectronics/studiox.stm32f102-0.1.2.mcupack
studiox.stm32f102,0.1.2,STM32F102R8,STM32F102R8 · 48 MHz · 64K / 10K,65536,10240,hal;hal-freertos,True,existing,STMicroelectronics/studiox.stm32f102-0.1.2.mcupack
studiox.stm32f102,0.1.2,STM32F102RB,STM32F102RB · 48 MHz · 128K / 16K,131072,16384,hal;hal-freertos,True,existing,STMicroelectronics/studiox.stm32f102-0.1.2.mcupack
studiox.stm32f103,0.1.2,STM32F103C4,STM32F103C4 · 72 MHz · 16K / 6K,16384,6144,hal;hal-freertos,True,existing,STMicroelectronics/studiox.stm32f103-0.1.2.mcupack
studiox.stm32f103,0.1.2,STM32F103C6,STM32F103C6 · 72 MHz · 32K / 10K,32768,10240,hal;hal-freertos,True,existing,STMicroelectronics/studiox.stm32f103-0.1.2.mcupack
studiox.stm32f103,0.1.2,STM32F103C8,STM32F103C8 · 72 MHz · 64K / 20K,65536,20480,hal;hal-freertos,True,existing,STMicroelectronics/studiox.stm32f103-0.1.2.mcupack
studiox.stm32f103,0.1.2,STM32F103CB,STM32F103CB · 72 MHz · 128K / 20K,131072,20480,hal;hal-freertos,True,existing,STMicroelectronics/studiox.stm32f103-0.1.2.mcupack
studiox.stm32f103,0.1.2,STM32F103R4,STM32F103R4 · 72 MHz · 16K / 6K,16384,6144,hal;hal-freertos,True,existing,STMicroelectronics/studiox.stm32f103-0.1.2.mcupack
studiox.stm32f103,0.1.2,STM32F103R6,STM32F103R6 · 72 MHz · 32K / 10K,32768,10240,hal;hal-freertos,True,existing,STMicroelectronics/studiox.stm32f103-0.1.2.mcupack
studiox.stm32f103,0.1.2,STM32F103R8,STM32F103R8 · 72 MHz · 64K / 20K,65536,20480,hal;hal-freertos,True,existing,STMicroelectronics/studiox.stm32f103-0.1.2.mcupack
studiox.stm32f103,0.1.2,STM32F103RB,STM32F103RB · 72 MHz · 128K / 20K,131072,20480,hal;hal-freertos,True,existing,STMicroelectronics/studiox.stm32f103-0.1.2.mcupack
studiox.stm32f103,0.1.2,STM32F103RC,STM32F103RC · 72 MHz · 256K / 48K,262144,49152,hal;hal-freertos,True,existing,STMicroelectronics/studiox.stm32f103-0.1.2.mcupack
studiox.stm32f103,0.1.2,STM32F103RD,STM32F103RD · 72 MHz · 384K / 64K,393216,65536,hal;hal-freertos,True,existing,STMicroelectronics/studiox.stm32f103-0.1.2.mcupack
studiox.stm32f103,0.1.2,STM32F103RE,STM32F103RE · 72 MHz · 512K / 64K,524288,65536,hal;hal-freertos,True,existing,STMicroelectronics/studiox.stm32f103-0.1.2.mcupack
studiox.stm32f103,0.1.2,STM32F103RF,STM32F103RF · 72 MHz · 768K / 96K,786432,98304,hal;hal-freertos,True,existing,STMicroelectronics/studiox.stm32f103-0.1.2.mcupack
studiox.stm32f103,0.1.2,STM32F103RG,STM32F103RG · 72 MHz · 1024K / 96K,1048576,98304,hal;hal-freertos,True,existing,STMicroelectronics/studiox.stm32f103-0.1.2.mcupack
studiox.stm32f103,0.1.2,STM32F103T4,STM32F103T4 · 72 MHz · 16K / 6K,16384,6144,hal;hal-freertos,True,existing,STMicroelectronics/studiox.stm32f103-0.1.2.mcupack
studiox.stm32f103,0.1.2,STM32F103T6,STM32F103T6 · 72 MHz · 32K / 10K,32768,10240,hal;hal-freertos,True,existing,STMicroelectronics/studiox.stm32f103-0.1.2.mcupack
studiox.stm32f103,0.1.2,STM32F103T8,STM32F103T8 · 72 MHz · 64K / 20K,65536,20480,hal;hal-freertos,True,existing,STMicroelectronics/studiox.stm32f103-0.1.2.mcupack
studiox.stm32f103,0.1.2,STM32F103TB,STM32F103TB · 72 MHz · 128K / 20K,131072,20480,hal;hal-freertos,True,existing,STMicroelectronics/studiox.stm32f103-0.1.2.mcupack
studiox.stm32f103,0.1.2,STM32F103V8,STM32F103V8 · 72 MHz · 64K / 20K,65536,20480,hal;hal-freertos,True,existing,STMicroelectronics/studiox.stm32f103-0.1.2.mcupack
studiox.stm32f103,0.1.2,STM32F103VB,STM32F103VB · 72 MHz · 128K / 20K,131072,20480,hal;hal-freertos,True,existing,STMicroelectronics/studiox.stm32f103-0.1.2.mcupack
studiox.stm32f103,0.1.2,STM32F103VC,STM32F103VC · 72 MHz · 256K / 48K,262144,49152,hal;hal-freertos,True,existing,STMicroelectronics/studiox.stm32f103-0.1.2.mcupack
studiox.stm32f103,0.1.2,STM32F103VD,STM32F103VD · 72 MHz · 384K / 64K,393216,65536,hal;hal-freertos,True,existing,STMicroelectronics/studiox.stm32f103-0.1.2.mcupack
studiox.stm32f103,0.1.2,STM32F103VE,STM32F103VE · 72 MHz · 512K / 64K,524288,65536,hal;hal-freertos,True,existing,STMicroelectronics/studiox.stm32f103-0.1.2.mcupack
studiox.stm32f103,0.1.2,STM32F103VF,STM32F103VF · 72 MHz · 768K / 96K,786432,98304,hal;hal-freertos,True,existing,STMicroelectronics/studiox.stm32f103-0.1.2.mcupack
studiox.stm32f103,0.1.2,STM32F103VG,STM32F103VG · 72 MHz · 1024K / 96K,1048576,98304,hal;hal-freertos,True,existing,STMicroelectronics/studiox.stm32f103-0.1.2.mcupack
studiox.stm32f103,0.1.2,STM32F103ZC,STM32F103ZC · 72 MHz · 256K / 48K,262144,49152,hal;hal-freertos,True,existing,STMicroelectronics/studiox.stm32f103-0.1.2.mcupack
studiox.stm32f103,0.1.2,STM32F103ZD,STM32F103ZD · 72 MHz · 384K / 64K,393216,65536,hal;hal-freertos,True,existing,STMicroelectronics/studiox.stm32f103-0.1.2.mcupack
studiox.stm32f103,0.1.2,STM32F103ZE,STM32F103ZE · 72 MHz · 512K / 64K,524288,65536,hal;hal-freertos,True,existing,STMicroelectronics/studiox.stm32f103-0.1.2.mcupack
studiox.stm32f103,0.1.2,STM32F103ZF,STM32F103ZF · 72 MHz · 768K / 96K,786432,98304,hal;hal-freertos,True,existing,STMicroelectronics/studiox.stm32f103-0.1.2.mcupack
studiox.stm32f103,0.1.2,STM32F103ZG,STM32F103ZG · 72 MHz · 1024K / 96K,1048576,98304,hal;hal-freertos,True,existing,STMicroelectronics/studiox.stm32f103-0.1.2.mcupack
studiox.stm32f105,0.1.2,STM32F105R8,STM32F105R8 · 72 MHz · 64K / 64K,65536,65536,hal;hal-freertos,True,existing,STMicroelectronics/studiox.stm32f105-0.1.2.mcupack
studiox.stm32f105,0.1.2,STM32F105RB,STM32F105RB · 72 MHz · 128K / 64K,131072,65536,hal;hal-freertos,True,existing,STMicroelectronics/studiox.stm32f105-0.1.2.mcupack
studiox.stm32f105,0.1.2,STM32F105RC,STM32F105RC · 72 MHz · 256K / 64K,262144,65536,hal;hal-freertos,True,existing,STMicroelectronics/studiox.stm32f105-0.1.2.mcupack
studiox.stm32f105,0.1.2,STM32F105V8,STM32F105V8 · 72 MHz · 64K / 64K,65536,65536,hal;hal-freertos,True,existing,STMicroelectronics/studiox.stm32f105-0.1.2.mcupack
studiox.stm32f105,0.1.2,STM32F105VB,STM32F105VB · 72 MHz · 128K / 64K,131072,65536,hal;hal-freertos,True,existing,STMicroelectronics/studiox.stm32f105-0.1.2.mcupack
studiox.stm32f105,0.1.2,STM32F105VC,STM32F105VC · 72 MHz · 256K / 64K,262144,65536,hal;hal-freertos,True,existing,STMicroelectronics/studiox.stm32f105-0.1.2.mcupack
studiox.stm32f107,0.1.2,STM32F107RB,STM32F107RB · 72 MHz · 128K / 64K,131072,65536,hal;hal-freertos,True,existing,STMicroelectronics/studiox.stm32f107-0.1.2.mcupack
studiox.stm32f107,0.1.2,STM32F107RC,STM32F107RC · 72 MHz · 256K / 64K,262144,65536,hal;hal-freertos,True,existing,STMicroelectronics/studiox.stm32f107-0.1.2.mcupack
studiox.stm32f107,0.1.2,STM32F107VB,STM32F107VB · 72 MHz · 128K / 64K,131072,65536,hal;hal-freertos,True,existing,STMicroelectronics/studiox.stm32f107-0.1.2.mcupack
studiox.stm32f107,0.1.2,STM32F107VC,STM32F107VC · 72 MHz · 256K / 64K,262144,65536,hal;hal-freertos,True,existing,STMicroelectronics/studiox.stm32f107-0.1.2.mcupack
studiox.stm32f205,0.1.0,STM32F205RB,STM32F205RB,131072,65536,cmsis,False,new,STMicroelectronics/studiox.stm32f205-0.1.0.mcupack
studiox.stm32f205,0.1.0,STM32F205RC,STM32F205RC,262144,98304,cmsis,False,new,STMicroelectronics/studiox.stm32f205-0.1.0.mcupack
studiox.stm32f205,0.1.0,STM32F205RE,STM32F205RE,524288,131072,cmsis,False,new,STMicroelectronics/studiox.stm32f205-0.1.0.mcupack
studiox.stm32f205,0.1.0,STM32F205RF,STM32F205RF,786432,131072,cmsis,False,new,STMicroelectronics/studiox.stm32f205-0.1.0.mcupack
studiox.stm32f205,0.1.0,STM32F205RG,STM32F205RG,1048576,131072,cmsis,False,new,STMicroelectronics/studiox.stm32f205-0.1.0.mcupack
studiox.stm32f205,0.1.0,STM32F205VB,STM32F205VB,131072,65536,cmsis,False,new,STMicroelectronics/studiox.stm32f205-0.1.0.mcupack
studiox.stm32f205,0.1.0,STM32F205VC,STM32F205VC,262144,98304,cmsis,False,new,STMicroelectronics/studiox.stm32f205-0.1.0.mcupack
studiox.stm32f205,0.1.0,STM32F205VE,STM32F205VE,524288,131072,cmsis,False,new,STMicroelectronics/studiox.stm32f205-0.1.0.mcupack
studiox.stm32f205,0.1.0,STM32F205VF,STM32F205VF,786432,131072,cmsis,False,new,STMicroelectronics/studiox.stm32f205-0.1.0.mcupack
studiox.stm32f205,0.1.0,STM32F205VG,STM32F205VG,1048576,131072,cmsis,False,new,STMicroelectronics/studiox.stm32f205-0.1.0.mcupack
studiox.stm32f205,0.1.0,STM32F205ZC,STM32F205ZC,262144,98304,cmsis,False,new,STMicroelectronics/studiox.stm32f205-0.1.0.mcupack
studiox.stm32f205,0.1.0,STM32F205ZE,STM32F205ZE,524288,131072,cmsis,False,new,STMicroelectronics/studiox.stm32f205-0.1.0.mcupack
studiox.stm32f205,0.1.0,STM32F205ZF,STM32F205ZF,786432,131072,cmsis,False,new,STMicroelectronics/studiox.stm32f205-0.1.0.mcupack
studiox.stm32f205,0.1.0,STM32F205ZG,STM32F205ZG,1048576,131072,cmsis,False,new,STMicroelectronics/studiox.stm32f205-0.1.0.mcupack
studiox.stm32f207,0.1.0,STM32F207VC,STM32F207VC,262144,131072,cmsis,False,new,STMicroelectronics/studiox.stm32f207-0.1.0.mcupack
studiox.stm32f207,0.1.0,STM32F207VE,STM32F207VE,524288,131072,cmsis,False,new,STMicroelectronics/studiox.stm32f207-0.1.0.mcupack
studiox.stm32f207,0.1.0,STM32F207VF,STM32F207VF,786432,131072,cmsis,False,new,STMicroelectronics/studiox.stm32f207-0.1.0.mcupack
studiox.stm32f207,0.1.0,STM32F207VG,STM32F207VG,1048576,131072,cmsis,False,new,STMicroelectronics/studiox.stm32f207-0.1.0.mcupack
studiox.stm32f207,0.1.0,STM32F207ZC,STM32F207ZC,262144,131072,cmsis,False,new,STMicroelectronics/studiox.stm32f207-0.1.0.mcupack
studiox.stm32f207,0.1.0,STM32F207ZE,STM32F207ZE,524288,131072,cmsis,False,new,STMicroelectronics/studiox.stm32f207-0.1.0.mcupack
studiox.stm32f207,0.1.0,STM32F207ZF,STM32F207ZF,786432,131072,cmsis,False,new,STMicroelectronics/studiox.stm32f207-0.1.0.mcupack
studiox.stm32f207,0.1.0,STM32F207ZG,STM32F207ZG,1048576,131072,cmsis,False,new,STMicroelectronics/studiox.stm32f207-0.1.0.mcupack
studiox.stm32f207,0.1.0,STM32F207IC,STM32F207IC,262144,131072,cmsis,False,new,STMicroelectronics/studiox.stm32f207-0.1.0.mcupack
studiox.stm32f207,0.1.0,STM32F207IE,STM32F207IE,524288,131072,cmsis,False,new,STMicroelectronics/studiox.stm32f207-0.1.0.mcupack
studiox.stm32f207,0.1.0,STM32F207IF,STM32F207IF,786432,131072,cmsis,False,new,STMicroelectronics/studiox.stm32f207-0.1.0.mcupack
studiox.stm32f207,0.1.0,STM32F207IG,STM32F207IG,1048576,131072,cmsis,False,new,STMicroelectronics/studiox.stm32f207-0.1.0.mcupack
studiox.stm32f215,0.1.0,STM32F215RE,STM32F215RE,524288,131072,cmsis,False,new,STMicroelectronics/studiox.stm32f215-0.1.0.mcupack
studiox.stm32f215,0.1.0,STM32F215RG,STM32F215RG,1048576,131072,cmsis,False,new,STMicroelectronics/studiox.stm32f215-0.1.0.mcupack
studiox.stm32f215,0.1.0,STM32F215VE,STM32F215VE,524288,131072,cmsis,False,new,STMicroelectronics/studiox.stm32f215-0.1.0.mcupack
studiox.stm32f215,0.1.0,STM32F215VG,STM32F215VG,1048576,131072,cmsis,False,new,STMicroelectronics/studiox.stm32f215-0.1.0.mcupack
studiox.stm32f215,0.1.0,STM32F215ZE,STM32F215ZE,524288,131072,cmsis,False,new,STMicroelectronics/studiox.stm32f215-0.1.0.mcupack
studiox.stm32f215,0.1.0,STM32F215ZG,STM32F215ZG,1048576,131072,cmsis,False,new,STMicroelectronics/studiox.stm32f215-0.1.0.mcupack
studiox.stm32f217,0.1.0,STM32F217VE,STM32F217VE,524288,131072,cmsis,False,new,STMicroelectronics/studiox.stm32f217-0.1.0.mcupack
studiox.stm32f217,0.1.0,STM32F217VG,STM32F217VG,1048576,131072,cmsis,False,new,STMicroelectronics/studiox.stm32f217-0.1.0.mcupack
studiox.stm32f217,0.1.0,STM32F217ZE,STM32F217ZE,524288,131072,cmsis,False,new,STMicroelectronics/studiox.stm32f217-0.1.0.mcupack
studiox.stm32f217,0.1.0,STM32F217ZG,STM32F217ZG,1048576,131072,cmsis,False,new,STMicroelectronics/studiox.stm32f217-0.1.0.mcupack
studiox.stm32f217,0.1.0,STM32F217IE,STM32F217IE,524288,131072,cmsis,False,new,STMicroelectronics/studiox.stm32f217-0.1.0.mcupack
studiox.stm32f217,0.1.0,STM32F217IG,STM32F217IG,1048576,131072,cmsis,False,new,STMicroelectronics/studiox.stm32f217-0.1.0.mcupack
studiox.stm32f301,0.1.0,STM32F301C6,STM32F301C6,32768,16384,cmsis,False,new,STMicroelectronics/studiox.stm32f301-0.1.0.mcupack
studiox.stm32f301,0.1.0,STM32F301C8,STM32F301C8,65536,16384,cmsis,False,new,STMicroelectronics/studiox.stm32f301-0.1.0.mcupack
studiox.stm32f301,0.1.0,STM32F301K6,STM32F301K6,32768,16384,cmsis,False,new,STMicroelectronics/studiox.stm32f301-0.1.0.mcupack
studiox.stm32f301,0.1.0,STM32F301K8,STM32F301K8,65536,16384,cmsis,False,new,STMicroelectronics/studiox.stm32f301-0.1.0.mcupack
studiox.stm32f301,0.1.0,STM32F301R6,STM32F301R6,32768,16384,cmsis,False,new,STMicroelectronics/studiox.stm32f301-0.1.0.mcupack
studiox.stm32f301,0.1.0,STM32F301R8,STM32F301R8,65536,16384,cmsis,False,new,STMicroelectronics/studiox.stm32f301-0.1.0.mcupack
studiox.stm32f302,0.1.0,STM32F302C6,STM32F302C6,32768,16384,cmsis,False,new,STMicroelectronics/studiox.stm32f302-0.1.0.mcupack
studiox.stm32f302,0.1.0,STM32F302C8,STM32F302C8,65536,16384,cmsis,False,new,STMicroelectronics/studiox.stm32f302-0.1.0.mcupack
studiox.stm32f302,0.1.0,STM32F302CB,STM32F302CB,131072,32768,cmsis,False,new,STMicroelectronics/studiox.stm32f302-0.1.0.mcupack
studiox.stm32f302,0.1.0,STM32F302CC,STM32F302CC,262144,40960,cmsis,False,new,STMicroelectronics/studiox.stm32f302-0.1.0.mcupack
studiox.stm32f302,0.1.0,STM32F302K6,STM32F302K6,32768,16384,cmsis,False,new,STMicroelectronics/studiox.stm32f302-0.1.0.mcupack
studiox.stm32f302,0.1.0,STM32F302K8,STM32F302K8,65536,16384,cmsis,False,new,STMicroelectronics/studiox.stm32f302-0.1.0.mcupack
studiox.stm32f302,0.1.0,STM32F302R6,STM32F302R6,32768,16384,cmsis,False,new,STMicroelectronics/studiox.stm32f302-0.1.0.mcupack
studiox.stm32f302,0.1.0,STM32F302R8,STM32F302R8,65536,16384,cmsis,False,new,STMicroelectronics/studiox.stm32f302-0.1.0.mcupack
studiox.stm32f302,0.1.0,STM32F302RB,STM32F302RB,131072,32768,cmsis,False,new,STMicroelectronics/studiox.stm32f302-0.1.0.mcupack
studiox.stm32f302,0.1.0,STM32F302RC,STM32F302RC,262144,40960,cmsis,False,new,STMicroelectronics/studiox.stm32f302-0.1.0.mcupack
studiox.stm32f302,0.1.0,STM32F302RD,STM32F302RD,393216,65536,cmsis,False,new,STMicroelectronics/studiox.stm32f302-0.1.0.mcupack
studiox.stm32f302,0.1.0,STM32F302RE,STM32F302RE,524288,65536,cmsis,False,new,STMicroelectronics/studiox.stm32f302-0.1.0.mcupack
studiox.stm32f302,0.1.0,STM32F302VB,STM32F302VB,131072,32768,cmsis,False,new,STMicroelectronics/studiox.stm32f302-0.1.0.mcupack
studiox.stm32f302,0.1.0,STM32F302VC,STM32F302VC,262144,40960,cmsis,False,new,STMicroelectronics/studiox.stm32f302-0.1.0.mcupack
studiox.stm32f302,0.1.0,STM32F302VD,STM32F302VD,393216,65536,cmsis,False,new,STMicroelectronics/studiox.stm32f302-0.1.0.mcupack
studiox.stm32f302,0.1.0,STM32F302VE,STM32F302VE,524288,65536,cmsis,False,new,STMicroelectronics/studiox.stm32f302-0.1.0.mcupack
studiox.stm32f302,0.1.0,STM32F302ZD,STM32F302ZD,393216,65536,cmsis,False,new,STMicroelectronics/studiox.stm32f302-0.1.0.mcupack
studiox.stm32f302,0.1.0,STM32F302ZE,STM32F302ZE,524288,65536,cmsis,False,new,STMicroelectronics/studiox.stm32f302-0.1.0.mcupack
studiox.stm32f303,0.1.0,STM32F303C6,STM32F303C6,32768,12288,cmsis,False,new,STMicroelectronics/studiox.stm32f303-0.1.0.mcupack
studiox.stm32f303,0.1.0,STM32F303C8,STM32F303C8,65536,12288,cmsis,False,new,STMicroelectronics/studiox.stm32f303-0.1.0.mcupack
studiox.stm32f303,0.1.0,STM32F303CB,STM32F303CB,131072,40960,cmsis,False,new,STMicroelectronics/studiox.stm32f303-0.1.0.mcupack
studiox.stm32f303,0.1.0,STM32F303CC,STM32F303CC,262144,40960,cmsis,False,new,STMicroelectronics/studiox.stm32f303-0.1.0.mcupack
studiox.stm32f303,0.1.0,STM32F303K6,STM32F303K6,32768,12288,cmsis,False,new,STMicroelectronics/studiox.stm32f303-0.1.0.mcupack
studiox.stm32f303,0.1.0,STM32F303K8,STM32F303K8,65536,12288,cmsis,False,new,STMicroelectronics/studiox.stm32f303-0.1.0.mcupack
studiox.stm32f303,0.1.0,STM32F303R6,STM32F303R6,32768,12288,cmsis,False,new,STMicroelectronics/studiox.stm32f303-0.1.0.mcupack
studiox.stm32f303,0.1.0,STM32F303R8,STM32F303R8,65536,12288,cmsis,False,new,STMicroelectronics/studiox.stm32f303-0.1.0.mcupack
studiox.stm32f303,0.1.0,STM32F303RB,STM32F303RB,131072,40960,cmsis,False,new,STMicroelectronics/studiox.stm32f303-0.1.0.mcupack
studiox.stm32f303,0.1.0,STM32F303RC,STM32F303RC,262144,40960,cmsis,False,new,STMicroelectronics/studiox.stm32f303-0.1.0.mcupack
studiox.stm32f303,0.1.0,STM32F303RD,STM32F303RD,393216,65536,cmsis,False,new,STMicroelectronics/studiox.stm32f303-0.1.0.mcupack
studiox.stm32f303,0.1.0,STM32F303RE,STM32F303RE,524288,65536,cmsis,False,new,STMicroelectronics/studiox.stm32f303-0.1.0.mcupack
studiox.stm32f303,0.1.0,STM32F303VB,STM32F303VB,131072,40960,cmsis,False,new,STMicroelectronics/studiox.stm32f303-0.1.0.mcupack
studiox.stm32f303,0.1.0,STM32F303VC,STM32F303VC,262144,40960,cmsis,False,new,STMicroelectronics/studiox.stm32f303-0.1.0.mcupack
studiox.stm32f303,0.1.0,STM32F303VD,STM32F303VD,393216,65536,cmsis,False,new,STMicroelectronics/studiox.stm32f303-0.1.0.mcupack
studiox.stm32f303,0.1.0,STM32F303VE,STM32F303VE,524288,65536,cmsis,False,new,STMicroelectronics/studiox.stm32f303-0.1.0.mcupack
studiox.stm32f303,0.1.0,STM32F303ZD,STM32F303ZD,393216,65536,cmsis,False,new,STMicroelectronics/studiox.stm32f303-0.1.0.mcupack
studiox.stm32f303,0.1.0,STM32F303ZE,STM32F303ZE,524288,65536,cmsis,False,new,STMicroelectronics/studiox.stm32f303-0.1.0.mcupack
studiox.stm32f373,0.1.0,STM32F373C8,STM32F373C8,65536,16384,cmsis,False,new,STMicroelectronics/studiox.stm32f373-0.1.0.mcupack
studiox.stm32f373,0.1.0,STM32F373CB,STM32F373CB,131072,24576,cmsis,False,new,STMicroelectronics/studiox.stm32f373-0.1.0.mcupack
studiox.stm32f373,0.1.0,STM32F373CC,STM32F373CC,262144,32768,cmsis,False,new,STMicroelectronics/studiox.stm32f373-0.1.0.mcupack
studiox.stm32f373,0.1.0,STM32F373R8,STM32F373R8,65536,16384,cmsis,False,new,STMicroelectronics/studiox.stm32f373-0.1.0.mcupack
studiox.stm32f373,0.1.0,STM32F373RB,STM32F373RB,131072,24576,cmsis,False,new,STMicroelectronics/studiox.stm32f373-0.1.0.mcupack
studiox.stm32f373,0.1.0,STM32F373RC,STM32F373RC,262144,32768,cmsis,False,new,STMicroelectronics/studiox.stm32f373-0.1.0.mcupack
studiox.stm32f373,0.1.0,STM32F373V8,STM32F373V8,65536,16384,cmsis,False,new,STMicroelectronics/studiox.stm32f373-0.1.0.mcupack
studiox.stm32f373,0.1.0,STM32F373VB,STM32F373VB,131072,24576,cmsis,False,new,STMicroelectronics/studiox.stm32f373-0.1.0.mcupack
studiox.stm32f373,0.1.0,STM32F373VC,STM32F373VC,262144,32768,cmsis,False,new,STMicroelectronics/studiox.stm32f373-0.1.0.mcupack
studiox.stm32f3x4,0.1.0,STM32F334C4,STM32F334C4,16384,12288,cmsis,False,new,STMicroelectronics/studiox.stm32f3x4-0.1.0.mcupack
studiox.stm32f3x4,0.1.0,STM32F334C6,STM32F334C6,32768,12288,cmsis,False,new,STMicroelectronics/studiox.stm32f3x4-0.1.0.mcupack
studiox.stm32f3x4,0.1.0,STM32F334C8,STM32F334C8,65536,12288,cmsis,False,new,STMicroelectronics/studiox.stm32f3x4-0.1.0.mcupack
studiox.stm32f3x4,0.1.0,STM32F334K6,STM32F334K6,32768,12288,cmsis,False,new,STMicroelectronics/studiox.stm32f3x4-0.1.0.mcupack
studiox.stm32f3x4,0.1.0,STM32F334K8,STM32F334K8,65536,12288,cmsis,False,new,STMicroelectronics/studiox.stm32f3x4-0.1.0.mcupack
studiox.stm32f3x4,0.1.0,STM32F334R6,STM32F334R6,32768,12288,cmsis,False,new,STMicroelectronics/studiox.stm32f3x4-0.1.0.mcupack
studiox.stm32f3x4,0.1.0,STM32F334R8,STM32F334R8,65536,12288,cmsis,False,new,STMicroelectronics/studiox.stm32f3x4-0.1.0.mcupack
studiox.stm32f3x8,0.1.0,STM32F318C8,STM32F318C8,65536,16384,cmsis,False,new,STMicroelectronics/studiox.stm32f3x8-0.1.0.mcupack
studiox.stm32f3x8,0.1.0,STM32F318K8,STM32F318K8,65536,16384,cmsis,False,new,STMicroelectronics/studiox.stm32f3x8-0.1.0.mcupack
studiox.stm32f3x8,0.1.0,STM32F328C8,STM32F328C8,65536,16384,cmsis,False,new,STMicroelectronics/studiox.stm32f3x8-0.1.0.mcupack
studiox.stm32f3x8,0.1.0,STM32F358CC,STM32F358CC,262144,49152,cmsis,False,new,STMicroelectronics/studiox.stm32f3x8-0.1.0.mcupack
studiox.stm32f3x8,0.1.0,STM32F358RC,STM32F358RC,262144,40960,cmsis,False,new,STMicroelectronics/studiox.stm32f3x8-0.1.0.mcupack
studiox.stm32f3x8,0.1.0,STM32F358VC,STM32F358VC,262144,40960,cmsis,False,new,STMicroelectronics/studiox.stm32f3x8-0.1.0.mcupack
studiox.stm32f3x8,0.1.0,STM32F378CC,STM32F378CC,262144,32768,cmsis,False,new,STMicroelectronics/studiox.stm32f3x8-0.1.0.mcupack
studiox.stm32f3x8,0.1.0,STM32F378RC,STM32F378RC,262144,32768,cmsis,False,new,STMicroelectronics/studiox.stm32f3x8-0.1.0.mcupack
studiox.stm32f3x8,0.1.0,STM32F378VC,STM32F378VC,262144,32768,cmsis,False,new,STMicroelectronics/studiox.stm32f3x8-0.1.0.mcupack
studiox.stm32f3x8,0.1.0,STM32F398VE,STM32F398VE,524288,65536,cmsis,False,new,STMicroelectronics/studiox.stm32f3x8-0.1.0.mcupack
studiox.stm32f401,0.1.2,STM32F401CB,STM32F401CB · 84 MHz · 128K / 64K,131072,65536,hal;hal-freertos,True,existing,STMicroelectronics/studiox.stm32f401-0.1.2.mcupack
studiox.stm32f401,0.1.2,STM32F401RB,STM32F401RB · 84 MHz · 128K / 64K,131072,65536,hal;hal-freertos,True,existing,STMicroelectronics/studiox.stm32f401-0.1.2.mcupack
studiox.stm32f401,0.1.2,STM32F401VB,STM32F401VB · 84 MHz · 128K / 64K,131072,65536,hal;hal-freertos,True,existing,STMicroelectronics/studiox.stm32f401-0.1.2.mcupack
studiox.stm32f401,0.1.2,STM32F401CC,STM32F401CC · 84 MHz · 256K / 64K,262144,65536,hal;hal-freertos,True,existing,STMicroelectronics/studiox.stm32f401-0.1.2.mcupack
studiox.stm32f401,0.1.2,STM32F401RC,STM32F401RC · 84 MHz · 256K / 64K,262144,65536,hal;hal-freertos,True,existing,STMicroelectronics/studiox.stm32f401-0.1.2.mcupack
studiox.stm32f401,0.1.2,STM32F401VC,STM32F401VC · 84 MHz · 256K / 64K,262144,65536,hal;hal-freertos,True,existing,STMicroelectronics/studiox.stm32f401-0.1.2.mcupack
studiox.stm32f401,0.1.2,STM32F401CD,STM32F401CD · 84 MHz · 384K / 96K,393216,98304,hal;hal-freertos,True,existing,STMicroelectronics/studiox.stm32f401-0.1.2.mcupack
studiox.stm32f401,0.1.2,STM32F401RD,STM32F401RD · 84 MHz · 384K / 96K,393216,98304,hal;hal-freertos,True,existing,STMicroelectronics/studiox.stm32f401-0.1.2.mcupack
studiox.stm32f401,0.1.2,STM32F401VD,STM32F401VD · 84 MHz · 384K / 96K,393216,98304,hal;hal-freertos,True,existing,STMicroelectronics/studiox.stm32f401-0.1.2.mcupack
studiox.stm32f401,0.1.2,STM32F401CE,STM32F401CE · 84 MHz · 512K / 96K,524288,98304,hal;hal-freertos,True,existing,STMicroelectronics/studiox.stm32f401-0.1.2.mcupack
studiox.stm32f401,0.1.2,STM32F401RE,STM32F401RE · 84 MHz · 512K / 96K,524288,98304,hal;hal-freertos,True,existing,STMicroelectronics/studiox.stm32f401-0.1.2.mcupack
studiox.stm32f401,0.1.2,STM32F401VE,STM32F401VE · 84 MHz · 512K / 96K,524288,98304,hal;hal-freertos,True,existing,STMicroelectronics/studiox.stm32f401-0.1.2.mcupack
studiox.stm32f405,0.1.2,STM32F405RG,STM32F405RG · 168 MHz · 1024K / 128K,1048576,131072,hal;hal-freertos,True,existing,STMicroelectronics/studiox.stm32f405-0.1.2.mcupack
studiox.stm32f405,0.1.2,STM32F405VG,STM32F405VG · 168 MHz · 1024K / 128K,1048576,131072,hal;hal-freertos,True,existing,STMicroelectronics/studiox.stm32f405-0.1.2.mcupack
studiox.stm32f405,0.1.2,STM32F405ZG,STM32F405ZG · 168 MHz · 1024K / 128K,1048576,131072,hal;hal-freertos,True,existing,STMicroelectronics/studiox.stm32f405-0.1.2.mcupack
studiox.stm32f405,0.1.2,STM32F405OG,STM32F405OG · 168 MHz · 1024K / 128K,1048576,131072,hal;hal-freertos,True,existing,STMicroelectronics/studiox.stm32f405-0.1.2.mcupack
studiox.stm32f405,0.1.2,STM32F405OE,STM32F405OE · 168 MHz · 512K / 128K,524288,131072,hal;hal-freertos,True,existing,STMicroelectronics/studiox.stm32f405-0.1.2.mcupack
studiox.stm32f407,0.1.2,STM32F407VG,STM32F407VG · 168 MHz · 1024K / 128K,1048576,131072,hal;hal-freertos,True,existing,STMicroelectronics/studiox.stm32f407-0.1.2.mcupack
studiox.stm32f407,0.1.2,STM32F407IG,STM32F407IG · 168 MHz · 1024K / 128K,1048576,131072,hal;hal-freertos,True,existing,STMicroelectronics/studiox.stm32f407-0.1.2.mcupack
studiox.stm32f407,0.1.2,STM32F407ZG,STM32F407ZG · 168 MHz · 1024K / 128K,1048576,131072,hal;hal-freertos,True,existing,STMicroelectronics/studiox.stm32f407-0.1.2.mcupack
studiox.stm32f407,0.1.2,STM32F407VE,STM32F407VE · 168 MHz · 512K / 128K,524288,131072,hal;hal-freertos,True,existing,STMicroelectronics/studiox.stm32f407-0.1.2.mcupack
studiox.stm32f407,0.1.2,STM32F407ZE,STM32F407ZE · 168 MHz · 512K / 128K,524288,131072,hal;hal-freertos,True,existing,STMicroelectronics/studiox.stm32f407-0.1.2.mcupack
studiox.stm32f407,0.1.2,STM32F407IE,STM32F407IE · 168 MHz · 512K / 128K,524288,131072,hal;hal-freertos,True,existing,STMicroelectronics/studiox.stm32f407-0.1.2.mcupack
studiox.stm32f410,0.1.2,STM32F410CB,STM32F410CB · 100 MHz · 128K / 32K,131072,32768,hal;hal-freertos,True,existing,STMicroelectronics/studiox.stm32f410-0.1.2.mcupack
studiox.stm32f410,0.1.2,STM32F410RB,STM32F410RB · 100 MHz · 128K / 32K,131072,32768,hal;hal-freertos,True,existing,STMicroelectronics/studiox.stm32f410-0.1.2.mcupack
studiox.stm32f410,0.1.2,STM32F410TB,STM32F410TB · 100 MHz · 128K / 32K,131072,32768,hal;hal-freertos,True,existing,STMicroelectronics/studiox.stm32f410-0.1.2.mcupack
studiox.stm32f410,0.1.2,STM32F410C8,STM32F410C8 · 100 MHz · 64K / 32K,65536,32768,hal;hal-freertos,True,existing,STMicroelectronics/studiox.stm32f410-0.1.2.mcupack
studiox.stm32f410,0.1.2,STM32F410R8,STM32F410R8 · 100 MHz · 64K / 32K,65536,32768,hal;hal-freertos,True,existing,STMicroelectronics/studiox.stm32f410-0.1.2.mcupack
studiox.stm32f410,0.1.2,STM32F410T8,STM32F410T8 · 100 MHz · 64K / 32K,65536,32768,hal;hal-freertos,True,existing,STMicroelectronics/studiox.stm32f410-0.1.2.mcupack
studiox.stm32f411,0.1.2,STM32F411CC,STM32F411CC · 100 MHz · 256K / 128K,262144,131072,hal;hal-freertos,True,existing,STMicroelectronics/studiox.stm32f411-0.1.2.mcupack
studiox.stm32f411,0.1.2,STM32F411RC,STM32F411RC · 100 MHz · 256K / 128K,262144,131072,hal;hal-freertos,True,existing,STMicroelectronics/studiox.stm32f411-0.1.2.mcupack
studiox.stm32f411,0.1.2,STM32F411VC,STM32F411VC · 100 MHz · 256K / 128K,262144,131072,hal;hal-freertos,True,existing,STMicroelectronics/studiox.stm32f411-0.1.2.mcupack
studiox.stm32f411,0.1.2,STM32F411CE,STM32F411CE · 100 MHz · 512K / 128K,524288,131072,hal;hal-freertos,True,existing,STMicroelectronics/studiox.stm32f411-0.1.2.mcupack
studiox.stm32f411,0.1.2,STM32F411RE,STM32F411RE · 100 MHz · 512K / 128K,524288,131072,hal;hal-freertos,True,existing,STMicroelectronics/studiox.stm32f411-0.1.2.mcupack
studiox.stm32f411,0.1.2,STM32F411VE,STM32F411VE · 100 MHz · 512K / 128K,524288,131072,hal;hal-freertos,True,existing,STMicroelectronics/studiox.stm32f411-0.1.2.mcupack
studiox.stm32f412,0.1.2,STM32F412CE,STM32F412CE · 100 MHz · 512K / 256K,524288,262144,hal;hal-freertos,True,existing,STMicroelectronics/studiox.stm32f412-0.1.2.mcupack
studiox.stm32f412,0.1.2,STM32F412CG,STM32F412CG · 100 MHz · 1024K / 256K,1048576,262144,hal;hal-freertos,True,existing,STMicroelectronics/studiox.stm32f412-0.1.2.mcupack
studiox.stm32f412,0.1.2,STM32F412RE,STM32F412RE · 100 MHz · 512K / 256K,524288,262144,hal;hal-freertos,True,existing,STMicroelectronics/studiox.stm32f412-0.1.2.mcupack
studiox.stm32f412,0.1.2,STM32F412RG,STM32F412RG · 100 MHz · 1024K / 256K,1048576,262144,hal;hal-freertos,True,existing,STMicroelectronics/studiox.stm32f412-0.1.2.mcupack
studiox.stm32f412,0.1.2,STM32F412VE,STM32F412VE · 100 MHz · 512K / 256K,524288,262144,hal;hal-freertos,True,existing,STMicroelectronics/studiox.stm32f412-0.1.2.mcupack
studiox.stm32f412,0.1.2,STM32F412VG,STM32F412VG · 100 MHz · 1024K / 256K,1048576,262144,hal;hal-freertos,True,existing,STMicroelectronics/studiox.stm32f412-0.1.2.mcupack
studiox.stm32f412,0.1.2,STM32F412ZE,STM32F412ZE · 100 MHz · 512K / 256K,524288,262144,hal;hal-freertos,True,existing,STMicroelectronics/studiox.stm32f412-0.1.2.mcupack
studiox.stm32f412,0.1.2,STM32F412ZG,STM32F412ZG · 100 MHz · 1024K / 256K,1048576,262144,hal;hal-freertos,True,existing,STMicroelectronics/studiox.stm32f412-0.1.2.mcupack
studiox.stm32f413,0.1.2,STM32F413ZH,STM32F413ZH · 100 MHz · 1536K / 320K,1572864,327680,hal;hal-freertos,True,existing,STMicroelectronics/studiox.stm32f413-0.1.2.mcupack
studiox.stm32f413,0.1.2,STM32F413CH,STM32F413CH · 100 MHz · 1536K / 320K,1572864,327680,hal;hal-freertos,True,existing,STMicroelectronics/studiox.stm32f413-0.1.2.mcupack
studiox.stm32f413,0.1.2,STM32F413RH,STM32F413RH · 100 MHz · 1536K / 320K,1572864,327680,hal;hal-freertos,True,existing,STMicroelectronics/studiox.stm32f413-0.1.2.mcupack
studiox.stm32f413,0.1.2,STM32F413VH,STM32F413VH · 100 MHz · 1536K / 320K,1572864,327680,hal;hal-freertos,True,existing,STMicroelectronics/studiox.stm32f413-0.1.2.mcupack
studiox.stm32f413,0.1.2,STM32F413MH,STM32F413MH · 100 MHz · 1536K / 320K,1572864,327680,hal;hal-freertos,True,existing,STMicroelectronics/studiox.stm32f413-0.1.2.mcupack
studiox.stm32f413,0.1.2,STM32F413ZG,STM32F413ZG · 100 MHz · 1024K / 320K,1048576,327680,hal;hal-freertos,True,existing,STMicroelectronics/studiox.stm32f413-0.1.2.mcupack
studiox.stm32f413,0.1.2,STM32F413CG,STM32F413CG · 100 MHz · 1024K / 320K,1048576,327680,hal;hal-freertos,True,existing,STMicroelectronics/studiox.stm32f413-0.1.2.mcupack
studiox.stm32f413,0.1.2,STM32F413RG,STM32F413RG · 100 MHz · 1024K / 320K,1048576,327680,hal;hal-freertos,True,existing,STMicroelectronics/studiox.stm32f413-0.1.2.mcupack
studiox.stm32f413,0.1.2,STM32F413VG,STM32F413VG · 100 MHz · 1024K / 320K,1048576,327680,hal;hal-freertos,True,existing,STMicroelectronics/studiox.stm32f413-0.1.2.mcupack
studiox.stm32f413,0.1.2,STM32F413MG,STM32F413MG · 100 MHz · 1024K / 320K,1048576,327680,hal;hal-freertos,True,existing,STMicroelectronics/studiox.stm32f413-0.1.2.mcupack
studiox.stm32f415,0.1.2,STM32F415RG,STM32F415RG · 168 MHz · 1024K / 128K,1048576,131072,hal;hal-freertos,True,existing,STMicroelectronics/studiox.stm32f415-0.1.2.mcupack
studiox.stm32f415,0.1.2,STM32F415VG,STM32F415VG · 168 MHz · 1024K / 128K,1048576,131072,hal;hal-freertos,True,existing,STMicroelectronics/studiox.stm32f415-0.1.2.mcupack
studiox.stm32f415,0.1.2,STM32F415ZG,STM32F415ZG · 168 MHz · 1024K / 128K,1048576,131072,hal;hal-freertos,True,existing,STMicroelectronics/studiox.stm32f415-0.1.2.mcupack
studiox.stm32f415,0.1.2,STM32F415OG,STM32F415OG · 168 MHz · 1024K / 128K,1048576,131072,hal;hal-freertos,True,existing,STMicroelectronics/studiox.stm32f415-0.1.2.mcupack
studiox.stm32f417,0.1.2,STM32F417VG,STM32F417VG · 168 MHz · 1024K / 128K,1048576,131072,hal;hal-freertos,True,existing,STMicroelectronics/studiox.stm32f417-0.1.2.mcupack
studiox.stm32f417,0.1.2,STM32F417IG,STM32F417IG · 168 MHz · 1024K / 128K,1048576,131072,hal;hal-freertos,True,existing,STMicroelectronics/studiox.stm32f417-0.1.2.mcupack
studiox.stm32f417,0.1.2,STM32F417ZG,STM32F417ZG · 168 MHz · 1024K / 128K,1048576,131072,hal;hal-freertos,True,existing,STMicroelectronics/studiox.stm32f417-0.1.2.mcupack
studiox.stm32f417,0.1.2,STM32F417VE,STM32F417VE · 168 MHz · 512K / 128K,524288,131072,hal;hal-freertos,True,existing,STMicroelectronics/studiox.stm32f417-0.1.2.mcupack
studiox.stm32f417,0.1.2,STM32F417ZE,STM32F417ZE · 168 MHz · 512K / 128K,524288,131072,hal;hal-freertos,True,existing,STMicroelectronics/studiox.stm32f417-0.1.2.mcupack
studiox.stm32f417,0.1.2,STM32F417IE,STM32F417IE · 168 MHz · 512K / 128K,524288,131072,hal;hal-freertos,True,existing,STMicroelectronics/studiox.stm32f417-0.1.2.mcupack
studiox.stm32f423,0.1.2,STM32F423ZH,STM32F423ZH · 100 MHz · 1536K / 320K,1572864,327680,hal;hal-freertos,True,existing,STMicroelectronics/studiox.stm32f423-0.1.2.mcupack
studiox.stm32f423,0.1.2,STM32F423CH,STM32F423CH · 100 MHz · 1536K / 320K,1572864,327680,hal;hal-freertos,True,existing,STMicroelectronics/studiox.stm32f423-0.1.2.mcupack
studiox.stm32f423,0.1.2,STM32F423RH,STM32F423RH · 100 MHz · 1536K / 320K,1572864,327680,hal;hal-freertos,True,existing,STMicroelectronics/studiox.stm32f423-0.1.2.mcupack
studiox.stm32f423,0.1.2,STM32F423VH,STM32F423VH · 100 MHz · 1536K / 320K,1572864,327680,hal;hal-freertos,True,existing,STMicroelectronics/studiox.stm32f423-0.1.2.mcupack
studiox.stm32f423,0.1.2,STM32F423MH,STM32F423MH · 100 MHz · 1536K / 320K,1572864,327680,hal;hal-freertos,True,existing,STMicroelectronics/studiox.stm32f423-0.1.2.mcupack
studiox.stm32f427,0.1.2,STM32F427AG,STM32F427AG · 180 MHz · 1024K / 192K,1048576,196608,hal;hal-freertos,True,existing,STMicroelectronics/studiox.stm32f427-0.1.2.mcupack
studiox.stm32f427,0.1.2,STM32F427VG,STM32F427VG · 180 MHz · 1024K / 192K,1048576,196608,hal;hal-freertos,True,existing,STMicroelectronics/studiox.stm32f427-0.1.2.mcupack
studiox.stm32f427,0.1.2,STM32F427ZG,STM32F427ZG · 180 MHz · 1024K / 192K,1048576,196608,hal;hal-freertos,True,existing,STMicroelectronics/studiox.stm32f427-0.1.2.mcupack
studiox.stm32f427,0.1.2,STM32F427IG,STM32F427IG · 180 MHz · 1024K / 192K,1048576,196608,hal;hal-freertos,True,existing,STMicroelectronics/studiox.stm32f427-0.1.2.mcupack
studiox.stm32f427,0.1.2,STM32F427AI,STM32F427AI · 180 MHz · 2048K / 192K,2097152,196608,hal;hal-freertos,True,existing,STMicroelectronics/studiox.stm32f427-0.1.2.mcupack
studiox.stm32f427,0.1.2,STM32F427VI,STM32F427VI · 180 MHz · 2048K / 192K,2097152,196608,hal;hal-freertos,True,existing,STMicroelectronics/studiox.stm32f427-0.1.2.mcupack
studiox.stm32f427,0.1.2,STM32F427ZI,STM32F427ZI · 180 MHz · 2048K / 192K,2097152,196608,hal;hal-freertos,True,existing,STMicroelectronics/studiox.stm32f427-0.1.2.mcupack
studiox.stm32f427,0.1.2,STM32F427II,STM32F427II · 180 MHz · 2048K / 192K,2097152,196608,hal;hal-freertos,True,existing,STMicroelectronics/studiox.stm32f427-0.1.2.mcupack
studiox.stm32f429,0.1.2,STM32F429AG,STM32F429AG · 180 MHz · 1024K / 192K,1048576,196608,hal;hal-freertos,True,existing,STMicroelectronics/studiox.stm32f429-0.1.2.mcupack
studiox.stm32f429,0.1.2,STM32F429VG,STM32F429VG · 180 MHz · 1024K / 192K,1048576,196608,hal;hal-freertos,True,existing,STMicroelectronics/studiox.stm32f429-0.1.2.mcupack
studiox.stm32f429,0.1.2,STM32F429ZG,STM32F429ZG · 180 MHz · 1024K / 192K,1048576,196608,hal;hal-freertos,True,existing,STMicroelectronics/studiox.stm32f429-0.1.2.mcupack
studiox.stm32f429,0.1.2,STM32F429IG,STM32F429IG · 180 MHz · 1024K / 192K,1048576,196608,hal;hal-freertos,True,existing,STMicroelectronics/studiox.stm32f429-0.1.2.mcupack
studiox.stm32f429,0.1.2,STM32F429AI,STM32F429AI · 180 MHz · 2048K / 192K,2097152,196608,hal;hal-freertos,True,existing,STMicroelectronics/studiox.stm32f429-0.1.2.mcupack
studiox.stm32f429,0.1.2,STM32F429VI,STM32F429VI · 180 MHz · 2048K / 192K,2097152,196608,hal;hal-freertos,True,existing,STMicroelectronics/studiox.stm32f429-0.1.2.mcupack
studiox.stm32f429,0.1.2,STM32F429ZI,STM32F429ZI · 180 MHz · 2048K / 192K,2097152,196608,hal;hal-freertos,True,existing,STMicroelectronics/studiox.stm32f429-0.1.2.mcupack
studiox.stm32f429,0.1.2,STM32F429II,STM32F429II · 180 MHz · 2048K / 192K,2097152,196608,hal;hal-freertos,True,existing,STMicroelectronics/studiox.stm32f429-0.1.2.mcupack
studiox.stm32f429,0.1.2,STM32F429VE,STM32F429VE · 180 MHz · 512K / 192K,524288,196608,hal;hal-freertos,True,existing,STMicroelectronics/studiox.stm32f429-0.1.2.mcupack
studiox.stm32f429,0.1.2,STM32F429ZE,STM32F429ZE · 180 MHz · 512K / 192K,524288,196608,hal;hal-freertos,True,existing,STMicroelectronics/studiox.stm32f429-0.1.2.mcupack
studiox.stm32f429,0.1.2,STM32F429IE,STM32F429IE · 180 MHz · 512K / 192K,524288,196608,hal;hal-freertos,True,existing,STMicroelectronics/studiox.stm32f429-0.1.2.mcupack
studiox.stm32f429,0.1.2,STM32F429BG,STM32F429BG · 180 MHz · 1024K / 192K,1048576,196608,hal;hal-freertos,True,existing,STMicroelectronics/studiox.stm32f429-0.1.2.mcupack
studiox.stm32f429,0.1.2,STM32F429BI,STM32F429BI · 180 MHz · 2048K / 192K,2097152,196608,hal;hal-freertos,True,existing,STMicroelectronics/studiox.stm32f429-0.1.2.mcupack
studiox.stm32f429,0.1.2,STM32F429BE,STM32F429BE · 180 MHz · 512K / 192K,524288,196608,hal;hal-freertos,True,existing,STMicroelectronics/studiox.stm32f429-0.1.2.mcupack
studiox.stm32f429,0.1.2,STM32F429NG,STM32F429NG · 180 MHz · 1024K / 192K,1048576,196608,hal;hal-freertos,True,existing,STMicroelectronics/studiox.stm32f429-0.1.2.mcupack
studiox.stm32f429,0.1.2,STM32F429NI,STM32F429NI · 180 MHz · 2048K / 192K,2097152,196608,hal;hal-freertos,True,existing,STMicroelectronics/studiox.stm32f429-0.1.2.mcupack
studiox.stm32f429,0.1.2,STM32F429NE,STM32F429NE · 180 MHz · 512K / 192K,524288,196608,hal;hal-freertos,True,existing,STMicroelectronics/studiox.stm32f429-0.1.2.mcupack
studiox.stm32f437,0.1.2,STM32F437VG,STM32F437VG · 180 MHz · 1024K / 192K,1048576,196608,hal;hal-freertos,True,existing,STMicroelectronics/studiox.stm32f437-0.1.2.mcupack
studiox.stm32f437,0.1.2,STM32F437ZG,STM32F437ZG · 180 MHz · 1024K / 192K,1048576,196608,hal;hal-freertos,True,existing,STMicroelectronics/studiox.stm32f437-0.1.2.mcupack
studiox.stm32f437,0.1.2,STM32F437IG,STM32F437IG · 180 MHz · 1024K / 192K,1048576,196608,hal;hal-freertos,True,existing,STMicroelectronics/studiox.stm32f437-0.1.2.mcupack
studiox.stm32f437,0.1.2,STM32F437AI,STM32F437AI · 180 MHz · 2048K / 192K,2097152,196608,hal;hal-freertos,True,existing,STMicroelectronics/studiox.stm32f437-0.1.2.mcupack
studiox.stm32f437,0.1.2,STM32F437VI,STM32F437VI · 180 MHz · 2048K / 192K,2097152,196608,hal;hal-freertos,True,existing,STMicroelectronics/studiox.stm32f437-0.1.2.mcupack
studiox.stm32f437,0.1.2,STM32F437ZI,STM32F437ZI · 180 MHz · 2048K / 192K,2097152,196608,hal;hal-freertos,True,existing,STMicroelectronics/studiox.stm32f437-0.1.2.mcupack
studiox.stm32f437,0.1.2,STM32F437II,STM32F437II · 180 MHz · 2048K / 192K,2097152,196608,hal;hal-freertos,True,existing,STMicroelectronics/studiox.stm32f437-0.1.2.mcupack
studiox.stm32f439,0.1.2,STM32F439VG,STM32F439VG · 180 MHz · 1024K / 192K,1048576,196608,hal;hal-freertos,True,existing,STMicroelectronics/studiox.stm32f439-0.1.2.mcupack
studiox.stm32f439,0.1.2,STM32F439VI,STM32F439VI · 180 MHz · 2048K / 192K,2097152,196608,hal;hal-freertos,True,existing,STMicroelectronics/studiox.stm32f439-0.1.2.mcupack
studiox.stm32f439,0.1.2,STM32F439ZG,STM32F439ZG · 180 MHz · 1024K / 192K,1048576,196608,hal;hal-freertos,True,existing,STMicroelectronics/studiox.stm32f439-0.1.2.mcupack
studiox.stm32f439,0.1.2,STM32F439ZI,STM32F439ZI · 180 MHz · 2048K / 192K,2097152,196608,hal;hal-freertos,True,existing,STMicroelectronics/studiox.stm32f439-0.1.2.mcupack
studiox.stm32f439,0.1.2,STM32F439IG,STM32F439IG · 180 MHz · 1024K / 192K,1048576,196608,hal;hal-freertos,True,existing,STMicroelectronics/studiox.stm32f439-0.1.2.mcupack
studiox.stm32f439,0.1.2,STM32F439II,STM32F439II · 180 MHz · 2048K / 192K,2097152,196608,hal;hal-freertos,True,existing,STMicroelectronics/studiox.stm32f439-0.1.2.mcupack
studiox.stm32f439,0.1.2,STM32F439BG,STM32F439BG · 180 MHz · 1024K / 192K,1048576,196608,hal;hal-freertos,True,existing,STMicroelectronics/studiox.stm32f439-0.1.2.mcupack
studiox.stm32f439,0.1.2,STM32F439BI,STM32F439BI · 180 MHz · 2048K / 192K,2097152,196608,hal;hal-freertos,True,existing,STMicroelectronics/studiox.stm32f439-0.1.2.mcupack
studiox.stm32f439,0.1.2,STM32F439NG,STM32F439NG · 180 MHz · 1024K / 192K,1048576,196608,hal;hal-freertos,True,existing,STMicroelectronics/studiox.stm32f439-0.1.2.mcupack
studiox.stm32f439,0.1.2,STM32F439NI,STM32F439NI · 180 MHz · 2048K / 192K,2097152,196608,hal;hal-freertos,True,existing,STMicroelectronics/studiox.stm32f439-0.1.2.mcupack
studiox.stm32f439,0.1.2,STM32F439AI,STM32F439AI · 180 MHz · 2048K / 192K,2097152,196608,hal;hal-freertos,True,existing,STMicroelectronics/studiox.stm32f439-0.1.2.mcupack
studiox.stm32f446,0.1.2,STM32F446MC,STM32F446MC · 180 MHz · 256K / 128K,262144,131072,hal;hal-freertos,True,existing,STMicroelectronics/studiox.stm32f446-0.1.2.mcupack
studiox.stm32f446,0.1.2,STM32F446RC,STM32F446RC · 180 MHz · 256K / 128K,262144,131072,hal;hal-freertos,True,existing,STMicroelectronics/studiox.stm32f446-0.1.2.mcupack
studiox.stm32f446,0.1.2,STM32F446VC,STM32F446VC · 180 MHz · 256K / 128K,262144,131072,hal;hal-freertos,True,existing,STMicroelectronics/studiox.stm32f446-0.1.2.mcupack
studiox.stm32f446,0.1.2,STM32F446ZC,STM32F446ZC · 180 MHz · 256K / 128K,262144,131072,hal;hal-freertos,True,existing,STMicroelectronics/studiox.stm32f446-0.1.2.mcupack
studiox.stm32f446,0.1.2,STM32F446ME,STM32F446ME · 180 MHz · 512K / 128K,524288,131072,hal;hal-freertos,True,existing,STMicroelectronics/studiox.stm32f446-0.1.2.mcupack
studiox.stm32f446,0.1.2,STM32F446RE,STM32F446RE · 180 MHz · 512K / 128K,524288,131072,hal;hal-freertos,True,existing,STMicroelectronics/studiox.stm32f446-0.1.2.mcupack
studiox.stm32f446,0.1.2,STM32F446VE,STM32F446VE · 180 MHz · 512K / 128K,524288,131072,hal;hal-freertos,True,existing,STMicroelectronics/studiox.stm32f446-0.1.2.mcupack
studiox.stm32f446,0.1.2,STM32F446ZE,STM32F446ZE · 180 MHz · 512K / 128K,524288,131072,hal;hal-freertos,True,existing,STMicroelectronics/studiox.stm32f446-0.1.2.mcupack
studiox.stm32f469,0.1.2,STM32F469AE,STM32F469AE · 180 MHz · 512K / 320K,524288,327680,hal;hal-freertos,True,existing,STMicroelectronics/studiox.stm32f469-0.1.2.mcupack
studiox.stm32f469,0.1.2,STM32F469AG,STM32F469AG · 180 MHz · 1024K / 320K,1048576,327680,hal;hal-freertos,True,existing,STMicroelectronics/studiox.stm32f469-0.1.2.mcupack
studiox.stm32f469,0.1.2,STM32F469AI,STM32F469AI · 180 MHz · 2048K / 320K,2097152,327680,hal;hal-freertos,True,existing,STMicroelectronics/studiox.stm32f469-0.1.2.mcupack
studiox.stm32f469,0.1.2,STM32F469IE,STM32F469IE · 180 MHz · 512K / 320K,524288,327680,hal;hal-freertos,True,existing,STMicroelectronics/studiox.stm32f469-0.1.2.mcupack
studiox.stm32f469,0.1.2,STM32F469IG,STM32F469IG · 180 MHz · 1024K / 320K,1048576,327680,hal;hal-freertos,True,existing,STMicroelectronics/studiox.stm32f469-0.1.2.mcupack
studiox.stm32f469,0.1.2,STM32F469II,STM32F469II · 180 MHz · 2048K / 320K,2097152,327680,hal;hal-freertos,True,existing,STMicroelectronics/studiox.stm32f469-0.1.2.mcupack
studiox.stm32f469,0.1.2,STM32F469BE,STM32F469BE · 180 MHz · 512K / 320K,524288,327680,hal;hal-freertos,True,existing,STMicroelectronics/studiox.stm32f469-0.1.2.mcupack
studiox.stm32f469,0.1.2,STM32F469BG,STM32F469BG · 180 MHz · 1024K / 320K,1048576,327680,hal;hal-freertos,True,existing,STMicroelectronics/studiox.stm32f469-0.1.2.mcupack
studiox.stm32f469,0.1.2,STM32F469BI,STM32F469BI · 180 MHz · 2048K / 320K,2097152,327680,hal;hal-freertos,True,existing,STMicroelectronics/studiox.stm32f469-0.1.2.mcupack
studiox.stm32f469,0.1.2,STM32F469NE,STM32F469NE · 180 MHz · 512K / 320K,524288,327680,hal;hal-freertos,True,existing,STMicroelectronics/studiox.stm32f469-0.1.2.mcupack
studiox.stm32f469,0.1.2,STM32F469NG,STM32F469NG · 180 MHz · 1024K / 320K,1048576,327680,hal;hal-freertos,True,existing,STMicroelectronics/studiox.stm32f469-0.1.2.mcupack
studiox.stm32f469,0.1.2,STM32F469NI,STM32F469NI · 180 MHz · 2048K / 320K,2097152,327680,hal;hal-freertos,True,existing,STMicroelectronics/studiox.stm32f469-0.1.2.mcupack
studiox.stm32f469,0.1.2,STM32F469VE,STM32F469VE · 180 MHz · 512K / 320K,524288,327680,hal;hal-freertos,True,existing,STMicroelectronics/studiox.stm32f469-0.1.2.mcupack
studiox.stm32f469,0.1.2,STM32F469VG,STM32F469VG · 180 MHz · 1024K / 320K,1048576,327680,hal;hal-freertos,True,existing,STMicroelectronics/studiox.stm32f469-0.1.2.mcupack
studiox.stm32f469,0.1.2,STM32F469VI,STM32F469VI · 180 MHz · 2048K / 320K,2097152,327680,hal;hal-freertos,True,existing,STMicroelectronics/studiox.stm32f469-0.1.2.mcupack
studiox.stm32f469,0.1.2,STM32F469ZE,STM32F469ZE · 180 MHz · 512K / 320K,524288,327680,hal;hal-freertos,True,existing,STMicroelectronics/studiox.stm32f469-0.1.2.mcupack
studiox.stm32f469,0.1.2,STM32F469ZG,STM32F469ZG · 180 MHz · 1024K / 320K,1048576,327680,hal;hal-freertos,True,existing,STMicroelectronics/studiox.stm32f469-0.1.2.mcupack
studiox.stm32f469,0.1.2,STM32F469ZI,STM32F469ZI · 180 MHz · 2048K / 320K,2097152,327680,hal;hal-freertos,True,existing,STMicroelectronics/studiox.stm32f469-0.1.2.mcupack
studiox.stm32f479,0.1.2,STM32F479AG,STM32F479AG · 180 MHz · 1024K / 320K,1048576,327680,hal;hal-freertos,True,existing,STMicroelectronics/studiox.stm32f479-0.1.2.mcupack
studiox.stm32f479,0.1.2,STM32F479AI,STM32F479AI · 180 MHz · 2048K / 320K,2097152,327680,hal;hal-freertos,True,existing,STMicroelectronics/studiox.stm32f479-0.1.2.mcupack
studiox.stm32f479,0.1.2,STM32F479IG,STM32F479IG · 180 MHz · 1024K / 320K,1048576,327680,hal;hal-freertos,True,existing,STMicroelectronics/studiox.stm32f479-0.1.2.mcupack
studiox.stm32f479,0.1.2,STM32F479II,STM32F479II · 180 MHz · 2048K / 320K,2097152,327680,hal;hal-freertos,True,existing,STMicroelectronics/studiox.stm32f479-0.1.2.mcupack
studiox.stm32f479,0.1.2,STM32F479BG,STM32F479BG · 180 MHz · 1024K / 320K,1048576,327680,hal;hal-freertos,True,existing,STMicroelectronics/studiox.stm32f479-0.1.2.mcupack
studiox.stm32f479,0.1.2,STM32F479BI,STM32F479BI · 180 MHz · 2048K / 320K,2097152,327680,hal;hal-freertos,True,existing,STMicroelectronics/studiox.stm32f479-0.1.2.mcupack
studiox.stm32f479,0.1.2,STM32F479NG,STM32F479NG · 180 MHz · 1024K / 320K,1048576,327680,hal;hal-freertos,True,existing,STMicroelectronics/studiox.stm32f479-0.1.2.mcupack
studiox.stm32f479,0.1.2,STM32F479NI,STM32F479NI · 180 MHz · 2048K / 320K,2097152,327680,hal;hal-freertos,True,existing,STMicroelectronics/studiox.stm32f479-0.1.2.mcupack
studiox.stm32f479,0.1.2,STM32F479VG,STM32F479VG · 180 MHz · 1024K / 320K,1048576,327680,hal;hal-freertos,True,existing,STMicroelectronics/studiox.stm32f479-0.1.2.mcupack
studiox.stm32f479,0.1.2,STM32F479VI,STM32F479VI · 180 MHz · 2048K / 320K,2097152,327680,hal;hal-freertos,True,existing,STMicroelectronics/studiox.stm32f479-0.1.2.mcupack
studiox.stm32f479,0.1.2,STM32F479ZG,STM32F479ZG · 180 MHz · 1024K / 320K,1048576,327680,hal;hal-freertos,True,existing,STMicroelectronics/studiox.stm32f479-0.1.2.mcupack
studiox.stm32f479,0.1.2,STM32F479ZI,STM32F479ZI · 180 MHz · 2048K / 320K,2097152,327680,hal;hal-freertos,True,existing,STMicroelectronics/studiox.stm32f479-0.1.2.mcupack
studiox.stm32f722,0.1.0,STM32F722VE,STM32F722VE,524288,180224,cmsis,False,new,STMicroelectronics/studiox.stm32f722-0.1.0.mcupack
studiox.stm32f722,0.1.0,STM32F722RE,STM32F722RE,524288,180224,cmsis,False,new,STMicroelectronics/studiox.stm32f722-0.1.0.mcupack
studiox.stm32f722,0.1.0,STM32F722ZE,STM32F722ZE,524288,180224,cmsis,False,new,STMicroelectronics/studiox.stm32f722-0.1.0.mcupack
studiox.stm32f722,0.1.0,STM32F722IE,STM32F722IE,524288,180224,cmsis,False,new,STMicroelectronics/studiox.stm32f722-0.1.0.mcupack
studiox.stm32f722,0.1.0,STM32F722RC,STM32F722RC,262144,180224,cmsis,False,new,STMicroelectronics/studiox.stm32f722-0.1.0.mcupack
studiox.stm32f722,0.1.0,STM32F722VC,STM32F722VC,262144,180224,cmsis,False,new,STMicroelectronics/studiox.stm32f722-0.1.0.mcupack
studiox.stm32f722,0.1.0,STM32F722ZC,STM32F722ZC,262144,180224,cmsis,False,new,STMicroelectronics/studiox.stm32f722-0.1.0.mcupack
studiox.stm32f722,0.1.0,STM32F722IC,STM32F722IC,262144,180224,cmsis,False,new,STMicroelectronics/studiox.stm32f722-0.1.0.mcupack
studiox.stm32f723,0.1.0,STM32F723VE,STM32F723VE,524288,180224,cmsis,False,new,STMicroelectronics/studiox.stm32f723-0.1.0.mcupack
studiox.stm32f723,0.1.0,STM32F723ZE,STM32F723ZE,524288,180224,cmsis,False,new,STMicroelectronics/studiox.stm32f723-0.1.0.mcupack
studiox.stm32f723,0.1.0,STM32F723IE,STM32F723IE,524288,180224,cmsis,False,new,STMicroelectronics/studiox.stm32f723-0.1.0.mcupack
studiox.stm32f723,0.1.0,STM32F723ZC,STM32F723ZC,262144,180224,cmsis,False,new,STMicroelectronics/studiox.stm32f723-0.1.0.mcupack
studiox.stm32f723,0.1.0,STM32F723IC,STM32F723IC,262144,180224,cmsis,False,new,STMicroelectronics/studiox.stm32f723-0.1.0.mcupack
studiox.stm32f723,0.1.0,STM32F723VC,STM32F723VC,262144,180224,cmsis,False,new,STMicroelectronics/studiox.stm32f723-0.1.0.mcupack
studiox.stm32f730,0.1.0,STM32F730R8,STM32F730R8,1048576,180224,cmsis,False,new,STMicroelectronics/studiox.stm32f730-0.1.0.mcupack
studiox.stm32f730,0.1.0,STM32F730V8,STM32F730V8,1048576,180224,cmsis,False,new,STMicroelectronics/studiox.stm32f730-0.1.0.mcupack
studiox.stm32f730,0.1.0,STM32F730Z8,STM32F730Z8,1048576,180224,cmsis,False,new,STMicroelectronics/studiox.stm32f730-0.1.0.mcupack
studiox.stm32f730,0.1.0,STM32F730I8,STM32F730I8,1048576,180224,cmsis,False,new,STMicroelectronics/studiox.stm32f730-0.1.0.mcupack
studiox.stm32f732,0.1.0,STM32F732VE,STM32F732VE,524288,180224,cmsis,False,new,STMicroelectronics/studiox.stm32f732-0.1.0.mcupack
studiox.stm32f732,0.1.0,STM32F732RE,STM32F732RE,524288,180224,cmsis,False,new,STMicroelectronics/studiox.stm32f732-0.1.0.mcupack
studiox.stm32f732,0.1.0,STM32F732ZE,STM32F732ZE,524288,180224,cmsis,False,new,STMicroelectronics/studiox.stm32f732-0.1.0.mcupack
studiox.stm32f732,0.1.0,STM32F732IE,STM32F732IE,524288,180224,cmsis,False,new,STMicroelectronics/studiox.stm32f732-0.1.0.mcupack
studiox.stm32f733,0.1.0,STM32F733VE,STM32F733VE,524288,180224,cmsis,False,new,STMicroelectronics/studiox.stm32f733-0.1.0.mcupack
studiox.stm32f733,0.1.0,STM32F733ZE,STM32F733ZE,524288,180224,cmsis,False,new,STMicroelectronics/studiox.stm32f733-0.1.0.mcupack
studiox.stm32f733,0.1.0,STM32F733IE,STM32F733IE,524288,180224,cmsis,False,new,STMicroelectronics/studiox.stm32f733-0.1.0.mcupack
studiox.stm32f733,0.1.0,STM32F733ZEI,STM32F733ZEI,524288,180224,cmsis,False,new,STMicroelectronics/studiox.stm32f733-0.1.0.mcupack
studiox.stm32f745,0.1.0,STM32F745ZG,STM32F745ZG,1048576,245760,cmsis,False,new,STMicroelectronics/studiox.stm32f745-0.1.0.mcupack
studiox.stm32f745,0.1.0,STM32F745ZE,STM32F745ZE,524288,245760,cmsis,False,new,STMicroelectronics/studiox.stm32f745-0.1.0.mcupack
studiox.stm32f745,0.1.0,STM32F745VG,STM32F745VG,1048576,245760,cmsis,False,new,STMicroelectronics/studiox.stm32f745-0.1.0.mcupack
studiox.stm32f745,0.1.0,STM32F745VE,STM32F745VE,524288,245760,cmsis,False,new,STMicroelectronics/studiox.stm32f745-0.1.0.mcupack
studiox.stm32f745,0.1.0,STM32F745IG,STM32F745IG,1048576,245760,cmsis,False,new,STMicroelectronics/studiox.stm32f745-0.1.0.mcupack
studiox.stm32f745,0.1.0,STM32F745IE,STM32F745IE,524288,245760,cmsis,False,new,STMicroelectronics/studiox.stm32f745-0.1.0.mcupack
studiox.stm32f746,0.1.0,STM32F746ZG,STM32F746ZG,1048576,245760,cmsis,False,new,STMicroelectronics/studiox.stm32f746-0.1.0.mcupack
studiox.stm32f746,0.1.0,STM32F746VG,STM32F746VG,1048576,245760,cmsis,False,new,STMicroelectronics/studiox.stm32f746-0.1.0.mcupack
studiox.stm32f746,0.1.0,STM32F746IG,STM32F746IG,1048576,245760,cmsis,False,new,STMicroelectronics/studiox.stm32f746-0.1.0.mcupack
studiox.stm32f746,0.1.0,STM32F746BG,STM32F746BG,1048576,245760,cmsis,False,new,STMicroelectronics/studiox.stm32f746-0.1.0.mcupack
studiox.stm32f746,0.1.0,STM32F746NG,STM32F746NG,1048576,245760,cmsis,False,new,STMicroelectronics/studiox.stm32f746-0.1.0.mcupack
studiox.stm32f746,0.1.0,STM32F746ZE,STM32F746ZE,524288,245760,cmsis,False,new,STMicroelectronics/studiox.stm32f746-0.1.0.mcupack
studiox.stm32f746,0.1.0,STM32F746VE,STM32F746VE,524288,245760,cmsis,False,new,STMicroelectronics/studiox.stm32f746-0.1.0.mcupack
studiox.stm32f746,0.1.0,STM32F746IE,STM32F746IE,524288,245760,cmsis,False,new,STMicroelectronics/studiox.stm32f746-0.1.0.mcupack
studiox.stm32f746,0.1.0,STM32F746BE,STM32F746BE,524288,245760,cmsis,False,new,STMicroelectronics/studiox.stm32f746-0.1.0.mcupack
studiox.stm32f746,0.1.0,STM32F746NE,STM32F746NE,524288,245760,cmsis,False,new,STMicroelectronics/studiox.stm32f746-0.1.0.mcupack
studiox.stm32f750,0.1.0,STM32F750V8,STM32F750V8,1048576,245760,cmsis,False,new,STMicroelectronics/studiox.stm32f750-0.1.0.mcupack
studiox.stm32f750,0.1.0,STM32F750Z8,STM32F750Z8,1048576,245760,cmsis,False,new,STMicroelectronics/studiox.stm32f750-0.1.0.mcupack
studiox.stm32f750,0.1.0,STM32F750N8,STM32F750N8,1048576,245760,cmsis,False,new,STMicroelectronics/studiox.stm32f750-0.1.0.mcupack
studiox.stm32f756,0.1.0,STM32F756ZG,STM32F756ZG,1048576,245760,cmsis,False,new,STMicroelectronics/studiox.stm32f756-0.1.0.mcupack
studiox.stm32f756,0.1.0,STM32F756VG,STM32F756VG,1048576,245760,cmsis,False,new,STMicroelectronics/studiox.stm32f756-0.1.0.mcupack
studiox.stm32f756,0.1.0,STM32F756IG,STM32F756IG,1048576,245760,cmsis,False,new,STMicroelectronics/studiox.stm32f756-0.1.0.mcupack
studiox.stm32f756,0.1.0,STM32F756BG,STM32F756BG,1048576,245760,cmsis,False,new,STMicroelectronics/studiox.stm32f756-0.1.0.mcupack
studiox.stm32f756,0.1.0,STM32F756NG,STM32F756NG,1048576,245760,cmsis,False,new,STMicroelectronics/studiox.stm32f756-0.1.0.mcupack
studiox.stm32f765,0.1.0,STM32F765BG,STM32F765BG,1048576,376832,cmsis,False,new,STMicroelectronics/studiox.stm32f765-0.1.0.mcupack
studiox.stm32f765,0.1.0,STM32F765BI,STM32F765BI,2097152,376832,cmsis,False,new,STMicroelectronics/studiox.stm32f765-0.1.0.mcupack
studiox.stm32f765,0.1.0,STM32F765IG,STM32F765IG,1048576,376832,cmsis,False,new,STMicroelectronics/studiox.stm32f765-0.1.0.mcupack
studiox.stm32f765,0.1.0,STM32F765II,STM32F765II,2097152,376832,cmsis,False,new,STMicroelectronics/studiox.stm32f765-0.1.0.mcupack
studiox.stm32f765,0.1.0,STM32F765NG,STM32F765NG,1048576,376832,cmsis,False,new,STMicroelectronics/studiox.stm32f765-0.1.0.mcupack
studiox.stm32f765,0.1.0,STM32F765NI,STM32F765NI,2097152,376832,cmsis,False,new,STMicroelectronics/studiox.stm32f765-0.1.0.mcupack
studiox.stm32f765,0.1.0,STM32F765VG,STM32F765VG,1048576,376832,cmsis,False,new,STMicroelectronics/studiox.stm32f765-0.1.0.mcupack
studiox.stm32f765,0.1.0,STM32F765VI,STM32F765VI,2097152,376832,cmsis,False,new,STMicroelectronics/studiox.stm32f765-0.1.0.mcupack
studiox.stm32f765,0.1.0,STM32F765ZG,STM32F765ZG,1048576,376832,cmsis,False,new,STMicroelectronics/studiox.stm32f765-0.1.0.mcupack
studiox.stm32f765,0.1.0,STM32F765ZI,STM32F765ZI,2097152,376832,cmsis,False,new,STMicroelectronics/studiox.stm32f765-0.1.0.mcupack
studiox.stm32f767,0.1.0,STM32F767BI,STM32F767BI,2097152,376832,cmsis,False,new,STMicroelectronics/studiox.stm32f767-0.1.0.mcupack
studiox.stm32f767,0.1.0,STM32F767BG,STM32F767BG,1048576,376832,cmsis,False,new,STMicroelectronics/studiox.stm32f767-0.1.0.mcupack
studiox.stm32f767,0.1.0,STM32F767NI,STM32F767NI,2097152,376832,cmsis,False,new,STMicroelectronics/studiox.stm32f767-0.1.0.mcupack
studiox.stm32f767,0.1.0,STM32F767NG,STM32F767NG,1048576,376832,cmsis,False,new,STMicroelectronics/studiox.stm32f767-0.1.0.mcupack
studiox.stm32f767,0.1.0,STM32F767II,STM32F767II,2097152,376832,cmsis,False,new,STMicroelectronics/studiox.stm32f767-0.1.0.mcupack
studiox.stm32f767,0.1.0,STM32F767IG,STM32F767IG,1048576,376832,cmsis,False,new,STMicroelectronics/studiox.stm32f767-0.1.0.mcupack
studiox.stm32f767,0.1.0,STM32F767ZI,STM32F767ZI,2097152,376832,cmsis,False,new,STMicroelectronics/studiox.stm32f767-0.1.0.mcupack
studiox.stm32f767,0.1.0,STM32F767ZG,STM32F767ZG,1048576,376832,cmsis,False,new,STMicroelectronics/studiox.stm32f767-0.1.0.mcupack
studiox.stm32f767,0.1.0,STM32F767VI,STM32F767VI,2097152,376832,cmsis,False,new,STMicroelectronics/studiox.stm32f767-0.1.0.mcupack
studiox.stm32f767,0.1.0,STM32F767VG,STM32F767VG,1048576,376832,cmsis,False,new,STMicroelectronics/studiox.stm32f767-0.1.0.mcupack
studiox.stm32f768,0.1.0,STM32F768AI,STM32F768AI,2097152,376832,cmsis,False,new,STMicroelectronics/studiox.stm32f768-0.1.0.mcupack
studiox.stm32f769,0.1.0,STM32F769BI,STM32F769BI,2097152,376832,cmsis,False,new,STMicroelectronics/studiox.stm32f769-0.1.0.mcupack
studiox.stm32f769,0.1.0,STM32F769BG,STM32F769BG,1048576,376832,cmsis,False,new,STMicroelectronics/studiox.stm32f769-0.1.0.mcupack
studiox.stm32f769,0.1.0,STM32F769NI,STM32F769NI,2097152,376832,cmsis,False,new,STMicroelectronics/studiox.stm32f769-0.1.0.mcupack
studiox.stm32f769,0.1.0,STM32F769NG,STM32F769NG,1048576,376832,cmsis,False,new,STMicroelectronics/studiox.stm32f769-0.1.0.mcupack
studiox.stm32f769,0.1.0,STM32F769II,STM32F769II,2097152,376832,cmsis,False,new,STMicroelectronics/studiox.stm32f769-0.1.0.mcupack
studiox.stm32f769,0.1.0,STM32F769IG,STM32F769IG,1048576,376832,cmsis,False,new,STMicroelectronics/studiox.stm32f769-0.1.0.mcupack
studiox.stm32f769,0.1.0,STM32F769AI,STM32F769AI,2097152,376832,cmsis,False,new,STMicroelectronics/studiox.stm32f769-0.1.0.mcupack
studiox.stm32f769,0.1.0,STM32F769AG,STM32F769AG,1048576,376832,cmsis,False,new,STMicroelectronics/studiox.stm32f769-0.1.0.mcupack
studiox.stm32f777,0.1.0,STM32F777BI,STM32F777BI,2097152,376832,cmsis,False,new,STMicroelectronics/studiox.stm32f777-0.1.0.mcupack
studiox.stm32f777,0.1.0,STM32F777NI,STM32F777NI,2097152,376832,cmsis,False,new,STMicroelectronics/studiox.stm32f777-0.1.0.mcupack
studiox.stm32f777,0.1.0,STM32F777II,STM32F777II,2097152,376832,cmsis,False,new,STMicroelectronics/studiox.stm32f777-0.1.0.mcupack
studiox.stm32f777,0.1.0,STM32F777ZI,STM32F777ZI,2097152,376832,cmsis,False,new,STMicroelectronics/studiox.stm32f777-0.1.0.mcupack
studiox.stm32f777,0.1.0,STM32F777VI,STM32F777VI,2097152,376832,cmsis,False,new,STMicroelectronics/studiox.stm32f777-0.1.0.mcupack
studiox.stm32f778,0.1.0,STM32F778AI,STM32F778AI,2097152,376832,cmsis,False,new,STMicroelectronics/studiox.stm32f778-0.1.0.mcupack
studiox.stm32f779,0.1.0,STM32F779BI,STM32F779BI,2097152,376832,cmsis,False,new,STMicroelectronics/studiox.stm32f779-0.1.0.mcupack
studiox.stm32f779,0.1.0,STM32F779NI,STM32F779NI,2097152,376832,cmsis,False,new,STMicroelectronics/studiox.stm32f779-0.1.0.mcupack
studiox.stm32f779,0.1.0,STM32F779II,STM32F779II,2097152,376832,cmsis,False,new,STMicroelectronics/studiox.stm32f779-0.1.0.mcupack
studiox.stm32f779,0.1.0,STM32F779AI,STM32F779AI,2097152,376832,cmsis,False,new,STMicroelectronics/studiox.stm32f779-0.1.0.mcupack
studiox.stm32g030,0.1.0,STM32G030C6Tx,STM32G030C6Tx,32768,8192,cmsis,False,new,STMicroelectronics/studiox.stm32g030-0.1.0.mcupack
studiox.stm32g030,0.1.0,STM32G030F6Px,STM32G030F6Px,32768,8192,cmsis,False,new,STMicroelectronics/studiox.stm32g030-0.1.0.mcupack
studiox.stm32g030,0.1.0,STM32G030J6Mx,STM32G030J6Mx,32768,8192,cmsis,False,new,STMicroelectronics/studiox.stm32g030-0.1.0.mcupack
studiox.stm32g030,0.1.0,STM32G030K6Tx,STM32G030K6Tx,32768,8192,cmsis,False,new,STMicroelectronics/studiox.stm32g030-0.1.0.mcupack
studiox.stm32g030,0.1.0,STM32G030C8Tx,STM32G030C8Tx,65536,8192,cmsis,False,new,STMicroelectronics/studiox.stm32g030-0.1.0.mcupack
studiox.stm32g030,0.1.0,STM32G030K8Tx,STM32G030K8Tx,65536,8192,cmsis,False,new,STMicroelectronics/studiox.stm32g030-0.1.0.mcupack
studiox.stm32g031,0.1.0,STM32G031C4Tx,STM32G031C4Tx,16384,8192,cmsis,False,new,STMicroelectronics/studiox.stm32g031-0.1.0.mcupack
studiox.stm32g031,0.1.0,STM32G031C4Ux,STM32G031C4Ux,16384,8192,cmsis,False,new,STMicroelectronics/studiox.stm32g031-0.1.0.mcupack
studiox.stm32g031,0.1.0,STM32G031F4Px,STM32G031F4Px,16384,8192,cmsis,False,new,STMicroelectronics/studiox.stm32g031-0.1.0.mcupack
studiox.stm32g031,0.1.0,STM32G031G4Ux,STM32G031G4Ux,16384,8192,cmsis,False,new,STMicroelectronics/studiox.stm32g031-0.1.0.mcupack
studiox.stm32g031,0.1.0,STM32G031J4Mx,STM32G031J4Mx,16384,8192,cmsis,False,new,STMicroelectronics/studiox.stm32g031-0.1.0.mcupack
studiox.stm32g031,0.1.0,STM32G031K4Tx,STM32G031K4Tx,16384,8192,cmsis,False,new,STMicroelectronics/studiox.stm32g031-0.1.0.mcupack
studiox.stm32g031,0.1.0,STM32G031K4Ux,STM32G031K4Ux,16384,8192,cmsis,False,new,STMicroelectronics/studiox.stm32g031-0.1.0.mcupack
studiox.stm32g031,0.1.0,STM32G031C6Tx,STM32G031C6Tx,32768,8192,cmsis,False,new,STMicroelectronics/studiox.stm32g031-0.1.0.mcupack
studiox.stm32g031,0.1.0,STM32G031C6Ux,STM32G031C6Ux,32768,8192,cmsis,False,new,STMicroelectronics/studiox.stm32g031-0.1.0.mcupack
studiox.stm32g031,0.1.0,STM32G031F6Px,STM32G031F6Px,32768,8192,cmsis,False,new,STMicroelectronics/studiox.stm32g031-0.1.0.mcupack
studiox.stm32g031,0.1.0,STM32G031G6Ux,STM32G031G6Ux,32768,8192,cmsis,False,new,STMicroelectronics/studiox.stm32g031-0.1.0.mcupack
studiox.stm32g031,0.1.0,STM32G031J6Mx,STM32G031J6Mx,32768,8192,cmsis,False,new,STMicroelectronics/studiox.stm32g031-0.1.0.mcupack
studiox.stm32g031,0.1.0,STM32G031K6Tx,STM32G031K6Tx,32768,8192,cmsis,False,new,STMicroelectronics/studiox.stm32g031-0.1.0.mcupack
studiox.stm32g031,0.1.0,STM32G031K6Ux,STM32G031K6Ux,32768,8192,cmsis,False,new,STMicroelectronics/studiox.stm32g031-0.1.0.mcupack
studiox.stm32g031,0.1.0,STM32G031C8Tx,STM32G031C8Tx,65536,8192,cmsis,False,new,STMicroelectronics/studiox.stm32g031-0.1.0.mcupack
studiox.stm32g031,0.1.0,STM32G031C8Ux,STM32G031C8Ux,65536,8192,cmsis,False,new,STMicroelectronics/studiox.stm32g031-0.1.0.mcupack
studiox.stm32g031,0.1.0,STM32G031F8Px,STM32G031F8Px,65536,8192,cmsis,False,new,STMicroelectronics/studiox.stm32g031-0.1.0.mcupack
studiox.stm32g031,0.1.0,STM32G031G8Ux,STM32G031G8Ux,65536,8192,cmsis,False,new,STMicroelectronics/studiox.stm32g031-0.1.0.mcupack
studiox.stm32g031,0.1.0,STM32G031K8Tx,STM32G031K8Tx,65536,8192,cmsis,False,new,STMicroelectronics/studiox.stm32g031-0.1.0.mcupack
studiox.stm32g031,0.1.0,STM32G031K8Ux,STM32G031K8Ux,65536,8192,cmsis,False,new,STMicroelectronics/studiox.stm32g031-0.1.0.mcupack
studiox.stm32g031,0.1.0,STM32G031Y8Yx,STM32G031Y8Yx,65536,8192,cmsis,False,new,STMicroelectronics/studiox.stm32g031-0.1.0.mcupack
studiox.stm32g041,0.1.0,STM32G041C6Tx,STM32G041C6Tx,32768,8192,cmsis,False,new,STMicroelectronics/studiox.stm32g041-0.1.0.mcupack
studiox.stm32g041,0.1.0,STM32G041C6Ux,STM32G041C6Ux,32768,8192,cmsis,False,new,STMicroelectronics/studiox.stm32g041-0.1.0.mcupack
studiox.stm32g041,0.1.0,STM32G041F6Px,STM32G041F6Px,32768,8192,cmsis,False,new,STMicroelectronics/studiox.stm32g041-0.1.0.mcupack
studiox.stm32g041,0.1.0,STM32G041G6Ux,STM32G041G6Ux,32768,8192,cmsis,False,new,STMicroelectronics/studiox.stm32g041-0.1.0.mcupack
studiox.stm32g041,0.1.0,STM32G041J6Mx,STM32G041J6Mx,32768,8192,cmsis,False,new,STMicroelectronics/studiox.stm32g041-0.1.0.mcupack
studiox.stm32g041,0.1.0,STM32G041K6Tx,STM32G041K6Tx,32768,8192,cmsis,False,new,STMicroelectronics/studiox.stm32g041-0.1.0.mcupack
studiox.stm32g041,0.1.0,STM32G041K6Ux,STM32G041K6Ux,32768,8192,cmsis,False,new,STMicroelectronics/studiox.stm32g041-0.1.0.mcupack
studiox.stm32g041,0.1.0,STM32G041C8Tx,STM32G041C8Tx,65536,8192,cmsis,False,new,STMicroelectronics/studiox.stm32g041-0.1.0.mcupack
studiox.stm32g041,0.1.0,STM32G041C8Ux,STM32G041C8Ux,65536,8192,cmsis,False,new,STMicroelectronics/studiox.stm32g041-0.1.0.mcupack
studiox.stm32g041,0.1.0,STM32G041F8Px,STM32G041F8Px,65536,8192,cmsis,False,new,STMicroelectronics/studiox.stm32g041-0.1.0.mcupack
studiox.stm32g041,0.1.0,STM32G041G8Ux,STM32G041G8Ux,65536,8192,cmsis,False,new,STMicroelectronics/studiox.stm32g041-0.1.0.mcupack
studiox.stm32g041,0.1.0,STM32G041K8Tx,STM32G041K8Tx,65536,8192,cmsis,False,new,STMicroelectronics/studiox.stm32g041-0.1.0.mcupack
studiox.stm32g041,0.1.0,STM32G041K8Ux,STM32G041K8Ux,65536,8192,cmsis,False,new,STMicroelectronics/studiox.stm32g041-0.1.0.mcupack
studiox.stm32g041,0.1.0,STM32G041Y8Yx,STM32G041Y8Yx,65536,8192,cmsis,False,new,STMicroelectronics/studiox.stm32g041-0.1.0.mcupack
studiox.stm32g050,0.1.0,STM32G050C6Tx,STM32G050C6Tx,32768,18432,cmsis,False,new,STMicroelectronics/studiox.stm32g050-0.1.0.mcupack
studiox.stm32g050,0.1.0,STM32G050K6Tx,STM32G050K6Tx,32768,18432,cmsis,False,new,STMicroelectronics/studiox.stm32g050-0.1.0.mcupack
studiox.stm32g050,0.1.0,STM32G050F6Px,STM32G050F6Px,32768,18432,cmsis,False,new,STMicroelectronics/studiox.stm32g050-0.1.0.mcupack
studiox.stm32g050,0.1.0,STM32G050C8Tx,STM32G050C8Tx,65536,18432,cmsis,False,new,STMicroelectronics/studiox.stm32g050-0.1.0.mcupack
studiox.stm32g050,0.1.0,STM32G050K8Tx,STM32G050K8Tx,65536,18432,cmsis,False,new,STMicroelectronics/studiox.stm32g050-0.1.0.mcupack
studiox.stm32g051,0.1.0,STM32G051C6Tx,STM32G051C6Tx,32768,18432,cmsis,False,new,STMicroelectronics/studiox.stm32g051-0.1.0.mcupack
studiox.stm32g051,0.1.0,STM32G051C6Ux,STM32G051C6Ux,32768,18432,cmsis,False,new,STMicroelectronics/studiox.stm32g051-0.1.0.mcupack
studiox.stm32g051,0.1.0,STM32G051F6Px,STM32G051F6Px,32768,18432,cmsis,False,new,STMicroelectronics/studiox.stm32g051-0.1.0.mcupack
studiox.stm32g051,0.1.0,STM32G051G6Ux,STM32G051G6Ux,32768,18432,cmsis,False,new,STMicroelectronics/studiox.stm32g051-0.1.0.mcupack
studiox.stm32g051,0.1.0,STM32G051K6Tx,STM32G051K6Tx,32768,18432,cmsis,False,new,STMicroelectronics/studiox.stm32g051-0.1.0.mcupack
studiox.stm32g051,0.1.0,STM32G051K6Ux,STM32G051K6Ux,32768,18432,cmsis,False,new,STMicroelectronics/studiox.stm32g051-0.1.0.mcupack
studiox.stm32g051,0.1.0,STM32G051C8Tx,STM32G051C8Tx,65536,18432,cmsis,False,new,STMicroelectronics/studiox.stm32g051-0.1.0.mcupack
studiox.stm32g051,0.1.0,STM32G051C8Ux,STM32G051C8Ux,65536,18432,cmsis,False,new,STMicroelectronics/studiox.stm32g051-0.1.0.mcupack
studiox.stm32g051,0.1.0,STM32G051G8Ux,STM32G051G8Ux,65536,18432,cmsis,False,new,STMicroelectronics/studiox.stm32g051-0.1.0.mcupack
studiox.stm32g051,0.1.0,STM32G051K8Tx,STM32G051K8Tx,65536,18432,cmsis,False,new,STMicroelectronics/studiox.stm32g051-0.1.0.mcupack
studiox.stm32g051,0.1.0,STM32G051K8Ux,STM32G051K8Ux,65536,18432,cmsis,False,new,STMicroelectronics/studiox.stm32g051-0.1.0.mcupack
studiox.stm32g051,0.1.0,STM32G051F8Yx,STM32G051F8Yx,65536,18432,cmsis,False,new,STMicroelectronics/studiox.stm32g051-0.1.0.mcupack
studiox.stm32g051,0.1.0,STM32G051F8Px,STM32G051F8Px,65536,18432,cmsis,False,new,STMicroelectronics/studiox.stm32g051-0.1.0.mcupack
studiox.stm32g061,0.1.0,STM32G061C6Tx,STM32G061C6Tx,32768,18432,cmsis,False,new,STMicroelectronics/studiox.stm32g061-0.1.0.mcupack
studiox.stm32g061,0.1.0,STM32G061C6Ux,STM32G061C6Ux,32768,18432,cmsis,False,new,STMicroelectronics/studiox.stm32g061-0.1.0.mcupack
studiox.stm32g061,0.1.0,STM32G061F6Px,STM32G061F6Px,32768,18432,cmsis,False,new,STMicroelectronics/studiox.stm32g061-0.1.0.mcupack
studiox.stm32g061,0.1.0,STM32G061G6Ux,STM32G061G6Ux,32768,18432,cmsis,False,new,STMicroelectronics/studiox.stm32g061-0.1.0.mcupack
studiox.stm32g061,0.1.0,STM32G061K6Tx,STM32G061K6Tx,32768,18432,cmsis,False,new,STMicroelectronics/studiox.stm32g061-0.1.0.mcupack
studiox.stm32g061,0.1.0,STM32G061K6Ux,STM32G061K6Ux,32768,18432,cmsis,False,new,STMicroelectronics/studiox.stm32g061-0.1.0.mcupack
studiox.stm32g061,0.1.0,STM32G061C8Tx,STM32G061C8Tx,65536,18432,cmsis,False,new,STMicroelectronics/studiox.stm32g061-0.1.0.mcupack
studiox.stm32g061,0.1.0,STM32G061C8Ux,STM32G061C8Ux,65536,18432,cmsis,False,new,STMicroelectronics/studiox.stm32g061-0.1.0.mcupack
studiox.stm32g061,0.1.0,STM32G061F8Yx,STM32G061F8Yx,65536,18432,cmsis,False,new,STMicroelectronics/studiox.stm32g061-0.1.0.mcupack
studiox.stm32g061,0.1.0,STM32G061F8Px,STM32G061F8Px,65536,18432,cmsis,False,new,STMicroelectronics/studiox.stm32g061-0.1.0.mcupack
studiox.stm32g061,0.1.0,STM32G061G8Ux,STM32G061G8Ux,65536,18432,cmsis,False,new,STMicroelectronics/studiox.stm32g061-0.1.0.mcupack
studiox.stm32g061,0.1.0,STM32G061K8Tx,STM32G061K8Tx,65536,18432,cmsis,False,new,STMicroelectronics/studiox.stm32g061-0.1.0.mcupack
studiox.stm32g061,0.1.0,STM32G061K8Ux,STM32G061K8Ux,65536,18432,cmsis,False,new,STMicroelectronics/studiox.stm32g061-0.1.0.mcupack
studiox.stm32g070,0.1.0,STM32G070CBTx,STM32G070CBTx,131072,36864,cmsis,False,new,STMicroelectronics/studiox.stm32g070-0.1.0.mcupack
studiox.stm32g070,0.1.0,STM32G070KBTx,STM32G070KBTx,131072,36864,cmsis,False,new,STMicroelectronics/studiox.stm32g070-0.1.0.mcupack
studiox.stm32g070,0.1.0,STM32G070RBTx,STM32G070RBTx,131072,36864,cmsis,False,new,STMicroelectronics/studiox.stm32g070-0.1.0.mcupack
studiox.stm32g071,0.1.0,STM32G071C8Tx,STM32G071C8Tx,65536,36864,cmsis,False,new,STMicroelectronics/studiox.stm32g071-0.1.0.mcupack
studiox.stm32g071,0.1.0,STM32G071C8Ux,STM32G071C8Ux,65536,36864,cmsis,False,new,STMicroelectronics/studiox.stm32g071-0.1.0.mcupack
studiox.stm32g071,0.1.0,STM32G071G8Ux,STM32G071G8Ux,65536,36864,cmsis,False,new,STMicroelectronics/studiox.stm32g071-0.1.0.mcupack
studiox.stm32g071,0.1.0,STM32G071G8UxN,STM32G071G8UxN,65536,36864,cmsis,False,new,STMicroelectronics/studiox.stm32g071-0.1.0.mcupack
studiox.stm32g071,0.1.0,STM32G071K8Tx,STM32G071K8Tx,65536,36864,cmsis,False,new,STMicroelectronics/studiox.stm32g071-0.1.0.mcupack
studiox.stm32g071,0.1.0,STM32G071K8TxN,STM32G071K8TxN,65536,36864,cmsis,False,new,STMicroelectronics/studiox.stm32g071-0.1.0.mcupack
studiox.stm32g071,0.1.0,STM32G071K8Ux,STM32G071K8Ux,65536,36864,cmsis,False,new,STMicroelectronics/studiox.stm32g071-0.1.0.mcupack
studiox.stm32g071,0.1.0,STM32G071K8UxN,STM32G071K8UxN,65536,36864,cmsis,False,new,STMicroelectronics/studiox.stm32g071-0.1.0.mcupack
studiox.stm32g071,0.1.0,STM32G071R8Tx,STM32G071R8Tx,65536,36864,cmsis,False,new,STMicroelectronics/studiox.stm32g071-0.1.0.mcupack
studiox.stm32g071,0.1.0,STM32G071CBTx,STM32G071CBTx,131072,36864,cmsis,False,new,STMicroelectronics/studiox.stm32g071-0.1.0.mcupack
studiox.stm32g071,0.1.0,STM32G071CBUx,STM32G071CBUx,131072,36864,cmsis,False,new,STMicroelectronics/studiox.stm32g071-0.1.0.mcupack
studiox.stm32g071,0.1.0,STM32G071EBYx,STM32G071EBYx,131072,36864,cmsis,False,new,STMicroelectronics/studiox.stm32g071-0.1.0.mcupack
studiox.stm32g071,0.1.0,STM32G071GBUx,STM32G071GBUx,131072,36864,cmsis,False,new,STMicroelectronics/studiox.stm32g071-0.1.0.mcupack
studiox.stm32g071,0.1.0,STM32G071GBUxN,STM32G071GBUxN,131072,36864,cmsis,False,new,STMicroelectronics/studiox.stm32g071-0.1.0.mcupack
studiox.stm32g071,0.1.0,STM32G071KBTx,STM32G071KBTx,131072,36864,cmsis,False,new,STMicroelectronics/studiox.stm32g071-0.1.0.mcupack
studiox.stm32g071,0.1.0,STM32G071KBTxN,STM32G071KBTxN,131072,36864,cmsis,False,new,STMicroelectronics/studiox.stm32g071-0.1.0.mcupack
studiox.stm32g071,0.1.0,STM32G071KBUx,STM32G071KBUx,131072,36864,cmsis,False,new,STMicroelectronics/studiox.stm32g071-0.1.0.mcupack
studiox.stm32g071,0.1.0,STM32G071KBUxN,STM32G071KBUxN,131072,36864,cmsis,False,new,STMicroelectronics/studiox.stm32g071-0.1.0.mcupack
studiox.stm32g071,0.1.0,STM32G071RBIx,STM32G071RBIx,131072,36864,cmsis,False,new,STMicroelectronics/studiox.stm32g071-0.1.0.mcupack
studiox.stm32g071,0.1.0,STM32G071RBTx,STM32G071RBTx,131072,36864,cmsis,False,new,STMicroelectronics/studiox.stm32g071-0.1.0.mcupack
studiox.stm32g081,0.1.0,STM32G081CBTx,STM32G081CBTx,131072,36864,cmsis,False,new,STMicroelectronics/studiox.stm32g081-0.1.0.mcupack
studiox.stm32g081,0.1.0,STM32G081CBUx,STM32G081CBUx,131072,36864,cmsis,False,new,STMicroelectronics/studiox.stm32g081-0.1.0.mcupack
studiox.stm32g081,0.1.0,STM32G081EBYx,STM32G081EBYx,131072,36864,cmsis,False,new,STMicroelectronics/studiox.stm32g081-0.1.0.mcupack
studiox.stm32g081,0.1.0,STM32G081GBUx,STM32G081GBUx,131072,36864,cmsis,False,new,STMicroelectronics/studiox.stm32g081-0.1.0.mcupack
studiox.stm32g081,0.1.0,STM32G081GBUxN,STM32G081GBUxN,131072,36864,cmsis,False,new,STMicroelectronics/studiox.stm32g081-0.1.0.mcupack
studiox.stm32g081,0.1.0,STM32G081KBTx,STM32G081KBTx,131072,36864,cmsis,False,new,STMicroelectronics/studiox.stm32g081-0.1.0.mcupack
studiox.stm32g081,0.1.0,STM32G081KBTxN,STM32G081KBTxN,131072,36864,cmsis,False,new,STMicroelectronics/studiox.stm32g081-0.1.0.mcupack
studiox.stm32g081,0.1.0,STM32G081KBUx,STM32G081KBUx,131072,36864,cmsis,False,new,STMicroelectronics/studiox.stm32g081-0.1.0.mcupack
studiox.stm32g081,0.1.0,STM32G081KBUxN,STM32G081KBUxN,131072,36864,cmsis,False,new,STMicroelectronics/studiox.stm32g081-0.1.0.mcupack
studiox.stm32g081,0.1.0,STM32G081RBIx,STM32G081RBIx,131072,36864,cmsis,False,new,STMicroelectronics/studiox.stm32g081-0.1.0.mcupack
studiox.stm32g081,0.1.0,STM32G081RBTx,STM32G081RBTx,131072,36864,cmsis,False,new,STMicroelectronics/studiox.stm32g081-0.1.0.mcupack
studiox.stm32g0b0,0.1.0,STM32G0B0CETx,STM32G0B0CETx,524288,147456,cmsis,False,new,STMicroelectronics/studiox.stm32g0b0-0.1.0.mcupack
studiox.stm32g0b0,0.1.0,STM32G0B0KETx,STM32G0B0KETx,524288,147456,cmsis,False,new,STMicroelectronics/studiox.stm32g0b0-0.1.0.mcupack
studiox.stm32g0b0,0.1.0,STM32G0B0RETx,STM32G0B0RETx,524288,147456,cmsis,False,new,STMicroelectronics/studiox.stm32g0b0-0.1.0.mcupack
studiox.stm32g0b0,0.1.0,STM32G0B0VETx,STM32G0B0VETx,524288,131072,cmsis,False,new,STMicroelectronics/studiox.stm32g0b0-0.1.0.mcupack
studiox.stm32g0b1,0.1.0,STM32G0B1CBUx,STM32G0B1CBUx,131072,147456,cmsis,False,new,STMicroelectronics/studiox.stm32g0b1-0.1.0.mcupack
studiox.stm32g0b1,0.1.0,STM32G0B1CBUxN,STM32G0B1CBUxN,131072,147456,cmsis,False,new,STMicroelectronics/studiox.stm32g0b1-0.1.0.mcupack
studiox.stm32g0b1,0.1.0,STM32G0B1CBTx,STM32G0B1CBTx,131072,147456,cmsis,False,new,STMicroelectronics/studiox.stm32g0b1-0.1.0.mcupack
studiox.stm32g0b1,0.1.0,STM32G0B1CBTxN,STM32G0B1CBTxN,131072,147456,cmsis,False,new,STMicroelectronics/studiox.stm32g0b1-0.1.0.mcupack
studiox.stm32g0b1,0.1.0,STM32G0B1KBUx,STM32G0B1KBUx,131072,147456,cmsis,False,new,STMicroelectronics/studiox.stm32g0b1-0.1.0.mcupack
studiox.stm32g0b1,0.1.0,STM32G0B1KBTx,STM32G0B1KBTx,131072,147456,cmsis,False,new,STMicroelectronics/studiox.stm32g0b1-0.1.0.mcupack
studiox.stm32g0b1,0.1.0,STM32G0B1KBTxN,STM32G0B1KBTxN,131072,147456,cmsis,False,new,STMicroelectronics/studiox.stm32g0b1-0.1.0.mcupack
studiox.stm32g0b1,0.1.0,STM32G0B1KBUxN,STM32G0B1KBUxN,131072,147456,cmsis,False,new,STMicroelectronics/studiox.stm32g0b1-0.1.0.mcupack
studiox.stm32g0b1,0.1.0,STM32G0B1RBTx,STM32G0B1RBTx,131072,147456,cmsis,False,new,STMicroelectronics/studiox.stm32g0b1-0.1.0.mcupack
studiox.stm32g0b1,0.1.0,STM32G0B1RBTxN,STM32G0B1RBTxN,131072,147456,cmsis,False,new,STMicroelectronics/studiox.stm32g0b1-0.1.0.mcupack
studiox.stm32g0b1,0.1.0,STM32G0B1RBIxN,STM32G0B1RBIxN,131072,147456,cmsis,False,new,STMicroelectronics/studiox.stm32g0b1-0.1.0.mcupack
studiox.stm32g0b1,0.1.0,STM32G0B1VBTx,STM32G0B1VBTx,131072,147456,cmsis,False,new,STMicroelectronics/studiox.stm32g0b1-0.1.0.mcupack
studiox.stm32g0b1,0.1.0,STM32G0B1VBIx,STM32G0B1VBIx,131072,147456,cmsis,False,new,STMicroelectronics/studiox.stm32g0b1-0.1.0.mcupack
studiox.stm32g0b1,0.1.0,STM32G0B1MBTx,STM32G0B1MBTx,131072,147456,cmsis,False,new,STMicroelectronics/studiox.stm32g0b1-0.1.0.mcupack
studiox.stm32g0b1,0.1.0,STM32G0B1KCUx,STM32G0B1KCUx,262144,147456,cmsis,False,new,STMicroelectronics/studiox.stm32g0b1-0.1.0.mcupack
studiox.stm32g0b1,0.1.0,STM32G0B1KCUxN,STM32G0B1KCUxN,262144,147456,cmsis,False,new,STMicroelectronics/studiox.stm32g0b1-0.1.0.mcupack
studiox.stm32g0b1,0.1.0,STM32G0B1KCTx,STM32G0B1KCTx,262144,147456,cmsis,False,new,STMicroelectronics/studiox.stm32g0b1-0.1.0.mcupack
studiox.stm32g0b1,0.1.0,STM32G0B1KCTxN,STM32G0B1KCTxN,262144,147456,cmsis,False,new,STMicroelectronics/studiox.stm32g0b1-0.1.0.mcupack
studiox.stm32g0b1,0.1.0,STM32G0B1CCUx,STM32G0B1CCUx,262144,147456,cmsis,False,new,STMicroelectronics/studiox.stm32g0b1-0.1.0.mcupack
studiox.stm32g0b1,0.1.0,STM32G0B1CCUxN,STM32G0B1CCUxN,262144,147456,cmsis,False,new,STMicroelectronics/studiox.stm32g0b1-0.1.0.mcupack
studiox.stm32g0b1,0.1.0,STM32G0B1CCTx,STM32G0B1CCTx,262144,147456,cmsis,False,new,STMicroelectronics/studiox.stm32g0b1-0.1.0.mcupack
studiox.stm32g0b1,0.1.0,STM32G0B1CCTxN,STM32G0B1CCTxN,262144,147456,cmsis,False,new,STMicroelectronics/studiox.stm32g0b1-0.1.0.mcupack
studiox.stm32g0b1,0.1.0,STM32G0B1RCTx,STM32G0B1RCTx,262144,147456,cmsis,False,new,STMicroelectronics/studiox.stm32g0b1-0.1.0.mcupack
studiox.stm32g0b1,0.1.0,STM32G0B1RCTxN,STM32G0B1RCTxN,262144,147456,cmsis,False,new,STMicroelectronics/studiox.stm32g0b1-0.1.0.mcupack
studiox.stm32g0b1,0.1.0,STM32G0B1RCIxN,STM32G0B1RCIxN,262144,147456,cmsis,False,new,STMicroelectronics/studiox.stm32g0b1-0.1.0.mcupack
studiox.stm32g0b1,0.1.0,STM32G0B1VCTx,STM32G0B1VCTx,262144,147456,cmsis,False,new,STMicroelectronics/studiox.stm32g0b1-0.1.0.mcupack
studiox.stm32g0b1,0.1.0,STM32G0B1VCIx,STM32G0B1VCIx,262144,147456,cmsis,False,new,STMicroelectronics/studiox.stm32g0b1-0.1.0.mcupack
studiox.stm32g0b1,0.1.0,STM32G0B1MCTx,STM32G0B1MCTx,262144,147456,cmsis,False,new,STMicroelectronics/studiox.stm32g0b1-0.1.0.mcupack
studiox.stm32g0b1,0.1.0,STM32G0B1KEUx,STM32G0B1KEUx,524288,147456,cmsis,False,new,STMicroelectronics/studiox.stm32g0b1-0.1.0.mcupack
studiox.stm32g0b1,0.1.0,STM32G0B1KEUxN,STM32G0B1KEUxN,524288,147456,cmsis,False,new,STMicroelectronics/studiox.stm32g0b1-0.1.0.mcupack
studiox.stm32g0b1,0.1.0,STM32G0B1KETx,STM32G0B1KETx,524288,147456,cmsis,False,new,STMicroelectronics/studiox.stm32g0b1-0.1.0.mcupack
studiox.stm32g0b1,0.1.0,STM32G0B1KETxN,STM32G0B1KETxN,524288,147456,cmsis,False,new,STMicroelectronics/studiox.stm32g0b1-0.1.0.mcupack
studiox.stm32g0b1,0.1.0,STM32G0B1CEUx,STM32G0B1CEUx,524288,147456,cmsis,False,new,STMicroelectronics/studiox.stm32g0b1-0.1.0.mcupack
studiox.stm32g0b1,0.1.0,STM32G0B1CEUxN,STM32G0B1CEUxN,524288,147456,cmsis,False,new,STMicroelectronics/studiox.stm32g0b1-0.1.0.mcupack
studiox.stm32g0b1,0.1.0,STM32G0B1CETx,STM32G0B1CETx,524288,147456,cmsis,False,new,STMicroelectronics/studiox.stm32g0b1-0.1.0.mcupack
studiox.stm32g0b1,0.1.0,STM32G0B1CETxN,STM32G0B1CETxN,524288,147456,cmsis,False,new,STMicroelectronics/studiox.stm32g0b1-0.1.0.mcupack
studiox.stm32g0b1,0.1.0,STM32G0B1RETx,STM32G0B1RETx,524288,147456,cmsis,False,new,STMicroelectronics/studiox.stm32g0b1-0.1.0.mcupack
studiox.stm32g0b1,0.1.0,STM32G0B1RETxN,STM32G0B1RETxN,524288,147456,cmsis,False,new,STMicroelectronics/studiox.stm32g0b1-0.1.0.mcupack
studiox.stm32g0b1,0.1.0,STM32G0B1REIxN,STM32G0B1REIxN,524288,147456,cmsis,False,new,STMicroelectronics/studiox.stm32g0b1-0.1.0.mcupack
studiox.stm32g0b1,0.1.0,STM32G0B1VETx,STM32G0B1VETx,524288,147456,cmsis,False,new,STMicroelectronics/studiox.stm32g0b1-0.1.0.mcupack
studiox.stm32g0b1,0.1.0,STM32G0B1VEIx,STM32G0B1VEIx,524288,147456,cmsis,False,new,STMicroelectronics/studiox.stm32g0b1-0.1.0.mcupack
studiox.stm32g0b1,0.1.0,STM32G0B1METx,STM32G0B1METx,524288,147456,cmsis,False,new,STMicroelectronics/studiox.stm32g0b1-0.1.0.mcupack
studiox.stm32g0b1,0.1.0,STM32G0B1NEYx,STM32G0B1NEYx,524288,147456,cmsis,False,new,STMicroelectronics/studiox.stm32g0b1-0.1.0.mcupack
studiox.stm32g0c1,0.1.0,STM32G0C1KCUx,STM32G0C1KCUx,262144,147456,cmsis,False,new,STMicroelectronics/studiox.stm32g0c1-0.1.0.mcupack
studiox.stm32g0c1,0.1.0,STM32G0C1KCTx,STM32G0C1KCTx,262144,147456,cmsis,False,new,STMicroelectronics/studiox.stm32g0c1-0.1.0.mcupack
studiox.stm32g0c1,0.1.0,STM32G0C1KCUxN,STM32G0C1KCUxN,262144,147456,cmsis,False,new,STMicroelectronics/studiox.stm32g0c1-0.1.0.mcupack
studiox.stm32g0c1,0.1.0,STM32G0C1KCTxN,STM32G0C1KCTxN,262144,147456,cmsis,False,new,STMicroelectronics/studiox.stm32g0c1-0.1.0.mcupack
studiox.stm32g0c1,0.1.0,STM32G0C1CCUx,STM32G0C1CCUx,262144,147456,cmsis,False,new,STMicroelectronics/studiox.stm32g0c1-0.1.0.mcupack
studiox.stm32g0c1,0.1.0,STM32G0C1CCUxN,STM32G0C1CCUxN,262144,147456,cmsis,False,new,STMicroelectronics/studiox.stm32g0c1-0.1.0.mcupack
studiox.stm32g0c1,0.1.0,STM32G0C1CCTx,STM32G0C1CCTx,262144,147456,cmsis,False,new,STMicroelectronics/studiox.stm32g0c1-0.1.0.mcupack
studiox.stm32g0c1,0.1.0,STM32G0C1CCTxN,STM32G0C1CCTxN,262144,147456,cmsis,False,new,STMicroelectronics/studiox.stm32g0c1-0.1.0.mcupack
studiox.stm32g0c1,0.1.0,STM32G0C1RCTx,STM32G0C1RCTx,262144,147456,cmsis,False,new,STMicroelectronics/studiox.stm32g0c1-0.1.0.mcupack
studiox.stm32g0c1,0.1.0,STM32G0C1RCTxN,STM32G0C1RCTxN,262144,147456,cmsis,False,new,STMicroelectronics/studiox.stm32g0c1-0.1.0.mcupack
studiox.stm32g0c1,0.1.0,STM32G0C1RCIxN,STM32G0C1RCIxN,262144,147456,cmsis,False,new,STMicroelectronics/studiox.stm32g0c1-0.1.0.mcupack
studiox.stm32g0c1,0.1.0,STM32G0C1VCTx,STM32G0C1VCTx,262144,147456,cmsis,False,new,STMicroelectronics/studiox.stm32g0c1-0.1.0.mcupack
studiox.stm32g0c1,0.1.0,STM32G0C1VCIx,STM32G0C1VCIx,262144,147456,cmsis,False,new,STMicroelectronics/studiox.stm32g0c1-0.1.0.mcupack
studiox.stm32g0c1,0.1.0,STM32G0C1MCTx,STM32G0C1MCTx,262144,147456,cmsis,False,new,STMicroelectronics/studiox.stm32g0c1-0.1.0.mcupack
studiox.stm32g0c1,0.1.0,STM32G0C1KEUx,STM32G0C1KEUx,524288,147456,cmsis,False,new,STMicroelectronics/studiox.stm32g0c1-0.1.0.mcupack
studiox.stm32g0c1,0.1.0,STM32G0C1KETx,STM32G0C1KETx,524288,147456,cmsis,False,new,STMicroelectronics/studiox.stm32g0c1-0.1.0.mcupack
studiox.stm32g0c1,0.1.0,STM32G0C1KEUxN,STM32G0C1KEUxN,524288,147456,cmsis,False,new,STMicroelectronics/studiox.stm32g0c1-0.1.0.mcupack
studiox.stm32g0c1,0.1.0,STM32G0C1KETxN,STM32G0C1KETxN,524288,147456,cmsis,False,new,STMicroelectronics/studiox.stm32g0c1-0.1.0.mcupack
studiox.stm32g0c1,0.1.0,STM32G0C1CEUx,STM32G0C1CEUx,524288,147456,cmsis,False,new,STMicroelectronics/studiox.stm32g0c1-0.1.0.mcupack
studiox.stm32g0c1,0.1.0,STM32G0C1CEUxN,STM32G0C1CEUxN,524288,147456,cmsis,False,new,STMicroelectronics/studiox.stm32g0c1-0.1.0.mcupack
studiox.stm32g0c1,0.1.0,STM32G0C1CETx,STM32G0C1CETx,524288,147456,cmsis,False,new,STMicroelectronics/studiox.stm32g0c1-0.1.0.mcupack
studiox.stm32g0c1,0.1.0,STM32G0C1CETxN,STM32G0C1CETxN,524288,147456,cmsis,False,new,STMicroelectronics/studiox.stm32g0c1-0.1.0.mcupack
studiox.stm32g0c1,0.1.0,STM32G0C1RETx,STM32G0C1RETx,524288,147456,cmsis,False,new,STMicroelectronics/studiox.stm32g0c1-0.1.0.mcupack
studiox.stm32g0c1,0.1.0,STM32G0C1RETxN,STM32G0C1RETxN,524288,147456,cmsis,False,new,STMicroelectronics/studiox.stm32g0c1-0.1.0.mcupack
studiox.stm32g0c1,0.1.0,STM32G0C1REIxN,STM32G0C1REIxN,524288,147456,cmsis,False,new,STMicroelectronics/studiox.stm32g0c1-0.1.0.mcupack
studiox.stm32g0c1,0.1.0,STM32G0C1VETx,STM32G0C1VETx,524288,147456,cmsis,False,new,STMicroelectronics/studiox.stm32g0c1-0.1.0.mcupack
studiox.stm32g0c1,0.1.0,STM32G0C1VEIx,STM32G0C1VEIx,524288,147456,cmsis,False,new,STMicroelectronics/studiox.stm32g0c1-0.1.0.mcupack
studiox.stm32g0c1,0.1.0,STM32G0C1METx,STM32G0C1METx,524288,147456,cmsis,False,new,STMicroelectronics/studiox.stm32g0c1-0.1.0.mcupack
studiox.stm32g0c1,0.1.0,STM32G0C1NEYx,STM32G0C1NEYx,524288,147456,cmsis,False,new,STMicroelectronics/studiox.stm32g0c1-0.1.0.mcupack
studiox.stm32g414,0.1.0,STM32G414CCTx,STM32G414CCTx,262144,131072,cmsis,False,new,STMicroelectronics/studiox.stm32g414-0.1.0.mcupack
studiox.stm32g414,0.1.0,STM32G414CCUx,STM32G414CCUx,262144,131072,cmsis,False,new,STMicroelectronics/studiox.stm32g414-0.1.0.mcupack
studiox.stm32g414,0.1.0,STM32G414MCTx,STM32G414MCTx,262144,131072,cmsis,False,new,STMicroelectronics/studiox.stm32g414-0.1.0.mcupack
studiox.stm32g414,0.1.0,STM32G414RCTx,STM32G414RCTx,262144,131072,cmsis,False,new,STMicroelectronics/studiox.stm32g414-0.1.0.mcupack
studiox.stm32g414,0.1.0,STM32G414VCTx,STM32G414VCTx,262144,131072,cmsis,False,new,STMicroelectronics/studiox.stm32g414-0.1.0.mcupack
studiox.stm32g414,0.1.0,STM32G414CBTx,STM32G414CBTx,131072,131072,cmsis,False,new,STMicroelectronics/studiox.stm32g414-0.1.0.mcupack
studiox.stm32g414,0.1.0,STM32G414CBUx,STM32G414CBUx,131072,131072,cmsis,False,new,STMicroelectronics/studiox.stm32g414-0.1.0.mcupack
studiox.stm32g414,0.1.0,STM32G414RBTx,STM32G414RBTx,131072,131072,cmsis,False,new,STMicroelectronics/studiox.stm32g414-0.1.0.mcupack
studiox.stm32g414,0.1.0,STM32G414VBTx,STM32G414VBTx,131072,131072,cmsis,False,new,STMicroelectronics/studiox.stm32g414-0.1.0.mcupack
studiox.stm32g414,0.1.0,STM32G414MBTx,STM32G414MBTx,131072,131072,cmsis,False,new,STMicroelectronics/studiox.stm32g414-0.1.0.mcupack
studiox.stm32g431,0.1.0,STM32G431CBTx,STM32G431CBTx,131072,32768,cmsis,False,new,STMicroelectronics/studiox.stm32g431-0.1.0.mcupack
studiox.stm32g431,0.1.0,STM32G431CBUx,STM32G431CBUx,131072,32768,cmsis,False,new,STMicroelectronics/studiox.stm32g431-0.1.0.mcupack
studiox.stm32g431,0.1.0,STM32G431CBYx,STM32G431CBYx,131072,32768,cmsis,False,new,STMicroelectronics/studiox.stm32g431-0.1.0.mcupack
studiox.stm32g431,0.1.0,STM32G431CBTxZ,STM32G431CBTxZ,114688,32768,cmsis,False,new,STMicroelectronics/studiox.stm32g431-0.1.0.mcupack
studiox.stm32g431,0.1.0,STM32G431KBTx,STM32G431KBTx,131072,32768,cmsis,False,new,STMicroelectronics/studiox.stm32g431-0.1.0.mcupack
studiox.stm32g431,0.1.0,STM32G431KBUx,STM32G431KBUx,131072,32768,cmsis,False,new,STMicroelectronics/studiox.stm32g431-0.1.0.mcupack
studiox.stm32g431,0.1.0,STM32G431RBTx,STM32G431RBTx,131072,32768,cmsis,False,new,STMicroelectronics/studiox.stm32g431-0.1.0.mcupack
studiox.stm32g431,0.1.0,STM32G431RBIx,STM32G431RBIx,131072,32768,cmsis,False,new,STMicroelectronics/studiox.stm32g431-0.1.0.mcupack
studiox.stm32g431,0.1.0,STM32G431RBTxZ,STM32G431RBTxZ,114688,32768,cmsis,False,new,STMicroelectronics/studiox.stm32g431-0.1.0.mcupack
studiox.stm32g431,0.1.0,STM32G431VBTx,STM32G431VBTx,131072,32768,cmsis,False,new,STMicroelectronics/studiox.stm32g431-0.1.0.mcupack
studiox.stm32g431,0.1.0,STM32G431MBTx,STM32G431MBTx,131072,32768,cmsis,False,new,STMicroelectronics/studiox.stm32g431-0.1.0.mcupack
studiox.stm32g431,0.1.0,STM32G431C8Tx,STM32G431C8Tx,65536,32768,cmsis,False,new,STMicroelectronics/studiox.stm32g431-0.1.0.mcupack
studiox.stm32g431,0.1.0,STM32G431C8Ux,STM32G431C8Ux,65536,32768,cmsis,False,new,STMicroelectronics/studiox.stm32g431-0.1.0.mcupack
studiox.stm32g431,0.1.0,STM32G431K8Tx,STM32G431K8Tx,65536,32768,cmsis,False,new,STMicroelectronics/studiox.stm32g431-0.1.0.mcupack
studiox.stm32g431,0.1.0,STM32G431K8Ux,STM32G431K8Ux,65536,32768,cmsis,False,new,STMicroelectronics/studiox.stm32g431-0.1.0.mcupack
studiox.stm32g431,0.1.0,STM32G431M8Tx,STM32G431M8Tx,65536,32768,cmsis,False,new,STMicroelectronics/studiox.stm32g431-0.1.0.mcupack
studiox.stm32g431,0.1.0,STM32G431R8Tx,STM32G431R8Tx,65536,32768,cmsis,False,new,STMicroelectronics/studiox.stm32g431-0.1.0.mcupack
studiox.stm32g431,0.1.0,STM32G431R8Ix,STM32G431R8Ix,65536,32768,cmsis,False,new,STMicroelectronics/studiox.stm32g431-0.1.0.mcupack
studiox.stm32g431,0.1.0,STM32G431V8Tx,STM32G431V8Tx,65536,32768,cmsis,False,new,STMicroelectronics/studiox.stm32g431-0.1.0.mcupack
studiox.stm32g431,0.1.0,STM32G431C6Tx,STM32G431C6Tx,32768,32768,cmsis,False,new,STMicroelectronics/studiox.stm32g431-0.1.0.mcupack
studiox.stm32g431,0.1.0,STM32G431C6Ux,STM32G431C6Ux,32768,32768,cmsis,False,new,STMicroelectronics/studiox.stm32g431-0.1.0.mcupack
studiox.stm32g431,0.1.0,STM32G431K6Tx,STM32G431K6Tx,32768,32768,cmsis,False,new,STMicroelectronics/studiox.stm32g431-0.1.0.mcupack
studiox.stm32g431,0.1.0,STM32G431K6Ux,STM32G431K6Ux,32768,32768,cmsis,False,new,STMicroelectronics/studiox.stm32g431-0.1.0.mcupack
studiox.stm32g431,0.1.0,STM32G431M6Tx,STM32G431M6Tx,32768,32768,cmsis,False,new,STMicroelectronics/studiox.stm32g431-0.1.0.mcupack
studiox.stm32g431,0.1.0,STM32G431R6Tx,STM32G431R6Tx,32768,32768,cmsis,False,new,STMicroelectronics/studiox.stm32g431-0.1.0.mcupack
studiox.stm32g431,0.1.0,STM32G431R6Ix,STM32G431R6Ix,32768,32768,cmsis,False,new,STMicroelectronics/studiox.stm32g431-0.1.0.mcupack
studiox.stm32g431,0.1.0,STM32G431V6Tx,STM32G431V6Tx,32768,32768,cmsis,False,new,STMicroelectronics/studiox.stm32g431-0.1.0.mcupack
studiox.stm32g441,0.1.0,STM32G441CBTx,STM32G441CBTx,131072,32768,cmsis,False,new,STMicroelectronics/studiox.stm32g441-0.1.0.mcupack
studiox.stm32g441,0.1.0,STM32G441CBUx,STM32G441CBUx,131072,32768,cmsis,False,new,STMicroelectronics/studiox.stm32g441-0.1.0.mcupack
studiox.stm32g441,0.1.0,STM32G441CBYx,STM32G441CBYx,131072,32768,cmsis,False,new,STMicroelectronics/studiox.stm32g441-0.1.0.mcupack
studiox.stm32g441,0.1.0,STM32G441KBTx,STM32G441KBTx,131072,32768,cmsis,False,new,STMicroelectronics/studiox.stm32g441-0.1.0.mcupack
studiox.stm32g441,0.1.0,STM32G441KBUx,STM32G441KBUx,131072,32768,cmsis,False,new,STMicroelectronics/studiox.stm32g441-0.1.0.mcupack
studiox.stm32g441,0.1.0,STM32G441RBTx,STM32G441RBTx,131072,32768,cmsis,False,new,STMicroelectronics/studiox.stm32g441-0.1.0.mcupack
studiox.stm32g441,0.1.0,STM32G441RBIx,STM32G441RBIx,131072,32768,cmsis,False,new,STMicroelectronics/studiox.stm32g441-0.1.0.mcupack
studiox.stm32g441,0.1.0,STM32G441VBTx,STM32G441VBTx,131072,32768,cmsis,False,new,STMicroelectronics/studiox.stm32g441-0.1.0.mcupack
studiox.stm32g441,0.1.0,STM32G441MBTx,STM32G441MBTx,131072,32768,cmsis,False,new,STMicroelectronics/studiox.stm32g441-0.1.0.mcupack
studiox.stm32g471,0.1.0,STM32G471CETx,STM32G471CETx,524288,131072,cmsis,False,new,STMicroelectronics/studiox.stm32g471-0.1.0.mcupack
studiox.stm32g471,0.1.0,STM32G471CEUx,STM32G471CEUx,524288,131072,cmsis,False,new,STMicroelectronics/studiox.stm32g471-0.1.0.mcupack
studiox.stm32g471,0.1.0,STM32G471METx,STM32G471METx,524288,131072,cmsis,False,new,STMicroelectronics/studiox.stm32g471-0.1.0.mcupack
studiox.stm32g471,0.1.0,STM32G471MEYx,STM32G471MEYx,524288,131072,cmsis,False,new,STMicroelectronics/studiox.stm32g471-0.1.0.mcupack
studiox.stm32g471,0.1.0,STM32G471RETx,STM32G471RETx,524288,131072,cmsis,False,new,STMicroelectronics/studiox.stm32g471-0.1.0.mcupack
studiox.stm32g471,0.1.0,STM32G471VETx,STM32G471VETx,524288,131072,cmsis,False,new,STMicroelectronics/studiox.stm32g471-0.1.0.mcupack
studiox.stm32g471,0.1.0,STM32G471VEHx,STM32G471VEHx,524288,131072,cmsis,False,new,STMicroelectronics/studiox.stm32g471-0.1.0.mcupack
studiox.stm32g471,0.1.0,STM32G471VEIx,STM32G471VEIx,524288,131072,cmsis,False,new,STMicroelectronics/studiox.stm32g471-0.1.0.mcupack
studiox.stm32g471,0.1.0,STM32G471QETx,STM32G471QETx,524288,131072,cmsis,False,new,STMicroelectronics/studiox.stm32g471-0.1.0.mcupack
studiox.stm32g471,0.1.0,STM32G471CCTx,STM32G471CCTx,262144,131072,cmsis,False,new,STMicroelectronics/studiox.stm32g471-0.1.0.mcupack
studiox.stm32g471,0.1.0,STM32G471CCUx,STM32G471CCUx,262144,131072,cmsis,False,new,STMicroelectronics/studiox.stm32g471-0.1.0.mcupack
studiox.stm32g471,0.1.0,STM32G471MCTx,STM32G471MCTx,262144,131072,cmsis,False,new,STMicroelectronics/studiox.stm32g471-0.1.0.mcupack
studiox.stm32g471,0.1.0,STM32G471QCTx,STM32G471QCTx,262144,131072,cmsis,False,new,STMicroelectronics/studiox.stm32g471-0.1.0.mcupack
studiox.stm32g471,0.1.0,STM32G471RCTx,STM32G471RCTx,262144,131072,cmsis,False,new,STMicroelectronics/studiox.stm32g471-0.1.0.mcupack
studiox.stm32g471,0.1.0,STM32G471VCTx,STM32G471VCTx,262144,131072,cmsis,False,new,STMicroelectronics/studiox.stm32g471-0.1.0.mcupack
studiox.stm32g471,0.1.0,STM32G471VCHx,STM32G471VCHx,262144,131072,cmsis,False,new,STMicroelectronics/studiox.stm32g471-0.1.0.mcupack
studiox.stm32g471,0.1.0,STM32G471VCIx,STM32G471VCIx,262144,131072,cmsis,False,new,STMicroelectronics/studiox.stm32g471-0.1.0.mcupack
studiox.stm32g473,0.1.0,STM32G473CETx,STM32G473CETx,524288,131072,cmsis,False,new,STMicroelectronics/studiox.stm32g473-0.1.0.mcupack
studiox.stm32g473,0.1.0,STM32G473CEUx,STM32G473CEUx,524288,131072,cmsis,False,new,STMicroelectronics/studiox.stm32g473-0.1.0.mcupack
studiox.stm32g473,0.1.0,STM32G473METx,STM32G473METx,524288,131072,cmsis,False,new,STMicroelectronics/studiox.stm32g473-0.1.0.mcupack
studiox.stm32g473,0.1.0,STM32G473MEYx,STM32G473MEYx,524288,131072,cmsis,False,new,STMicroelectronics/studiox.stm32g473-0.1.0.mcupack
studiox.stm32g473,0.1.0,STM32G473RETx,STM32G473RETx,524288,131072,cmsis,False,new,STMicroelectronics/studiox.stm32g473-0.1.0.mcupack
studiox.stm32g473,0.1.0,STM32G473VETx,STM32G473VETx,524288,131072,cmsis,False,new,STMicroelectronics/studiox.stm32g473-0.1.0.mcupack
studiox.stm32g473,0.1.0,STM32G473VEHx,STM32G473VEHx,524288,131072,cmsis,False,new,STMicroelectronics/studiox.stm32g473-0.1.0.mcupack
studiox.stm32g473,0.1.0,STM32G473QETx,STM32G473QETx,524288,131072,cmsis,False,new,STMicroelectronics/studiox.stm32g473-0.1.0.mcupack
studiox.stm32g473,0.1.0,STM32G473PEIx,STM32G473PEIx,524288,131072,cmsis,False,new,STMicroelectronics/studiox.stm32g473-0.1.0.mcupack
studiox.stm32g473,0.1.0,STM32G473CCTx,STM32G473CCTx,262144,131072,cmsis,False,new,STMicroelectronics/studiox.stm32g473-0.1.0.mcupack
studiox.stm32g473,0.1.0,STM32G473CCUx,STM32G473CCUx,262144,131072,cmsis,False,new,STMicroelectronics/studiox.stm32g473-0.1.0.mcupack
studiox.stm32g473,0.1.0,STM32G473MCTx,STM32G473MCTx,262144,131072,cmsis,False,new,STMicroelectronics/studiox.stm32g473-0.1.0.mcupack
studiox.stm32g473,0.1.0,STM32G473QCTx,STM32G473QCTx,262144,131072,cmsis,False,new,STMicroelectronics/studiox.stm32g473-0.1.0.mcupack
studiox.stm32g473,0.1.0,STM32G473RCTx,STM32G473RCTx,262144,131072,cmsis,False,new,STMicroelectronics/studiox.stm32g473-0.1.0.mcupack
studiox.stm32g473,0.1.0,STM32G473VCTx,STM32G473VCTx,262144,131072,cmsis,False,new,STMicroelectronics/studiox.stm32g473-0.1.0.mcupack
studiox.stm32g473,0.1.0,STM32G473VCHx,STM32G473VCHx,262144,131072,cmsis,False,new,STMicroelectronics/studiox.stm32g473-0.1.0.mcupack
studiox.stm32g473,0.1.0,STM32G473PCIx,STM32G473PCIx,262144,131072,cmsis,False,new,STMicroelectronics/studiox.stm32g473-0.1.0.mcupack
studiox.stm32g473,0.1.0,STM32G473CBTx,STM32G473CBTx,131072,131072,cmsis,False,new,STMicroelectronics/studiox.stm32g473-0.1.0.mcupack
studiox.stm32g473,0.1.0,STM32G473CBUx,STM32G473CBUx,131072,131072,cmsis,False,new,STMicroelectronics/studiox.stm32g473-0.1.0.mcupack
studiox.stm32g473,0.1.0,STM32G473MBTx,STM32G473MBTx,131072,131072,cmsis,False,new,STMicroelectronics/studiox.stm32g473-0.1.0.mcupack
studiox.stm32g473,0.1.0,STM32G473QBTx,STM32G473QBTx,131072,131072,cmsis,False,new,STMicroelectronics/studiox.stm32g473-0.1.0.mcupack
studiox.stm32g473,0.1.0,STM32G473RBTx,STM32G473RBTx,131072,131072,cmsis,False,new,STMicroelectronics/studiox.stm32g473-0.1.0.mcupack
studiox.stm32g473,0.1.0,STM32G473VBTx,STM32G473VBTx,131072,131072,cmsis,False,new,STMicroelectronics/studiox.stm32g473-0.1.0.mcupack
studiox.stm32g473,0.1.0,STM32G473VBHx,STM32G473VBHx,131072,131072,cmsis,False,new,STMicroelectronics/studiox.stm32g473-0.1.0.mcupack
studiox.stm32g473,0.1.0,STM32G473PBIx,STM32G473PBIx,131072,131072,cmsis,False,new,STMicroelectronics/studiox.stm32g473-0.1.0.mcupack
studiox.stm32g474,0.1.0,STM32G474CETx,STM32G474CETx,524288,131072,cmsis,False,new,STMicroelectronics/studiox.stm32g474-0.1.0.mcupack
studiox.stm32g474,0.1.0,STM32G474CEUx,STM32G474CEUx,524288,131072,cmsis,False,new,STMicroelectronics/studiox.stm32g474-0.1.0.mcupack
studiox.stm32g474,0.1.0,STM32G474RETx,STM32G474RETx,524288,131072,cmsis,False,new,STMicroelectronics/studiox.stm32g474-0.1.0.mcupack
studiox.stm32g474,0.1.0,STM32G474VETx,STM32G474VETx,524288,131072,cmsis,False,new,STMicroelectronics/studiox.stm32g474-0.1.0.mcupack
studiox.stm32g474,0.1.0,STM32G474VEHx,STM32G474VEHx,524288,131072,cmsis,False,new,STMicroelectronics/studiox.stm32g474-0.1.0.mcupack
studiox.stm32g474,0.1.0,STM32G474METx,STM32G474METx,524288,131072,cmsis,False,new,STMicroelectronics/studiox.stm32g474-0.1.0.mcupack
studiox.stm32g474,0.1.0,STM32G474MEYx,STM32G474MEYx,524288,131072,cmsis,False,new,STMicroelectronics/studiox.stm32g474-0.1.0.mcupack
studiox.stm32g474,0.1.0,STM32G474QETx,STM32G474QETx,524288,131072,cmsis,False,new,STMicroelectronics/studiox.stm32g474-0.1.0.mcupack
studiox.stm32g474,0.1.0,STM32G474PEIx,STM32G474PEIx,524288,131072,cmsis,False,new,STMicroelectronics/studiox.stm32g474-0.1.0.mcupack
studiox.stm32g474,0.1.0,STM32G474CCTx,STM32G474CCTx,262144,131072,cmsis,False,new,STMicroelectronics/studiox.stm32g474-0.1.0.mcupack
studiox.stm32g474,0.1.0,STM32G474CCUx,STM32G474CCUx,262144,131072,cmsis,False,new,STMicroelectronics/studiox.stm32g474-0.1.0.mcupack
studiox.stm32g474,0.1.0,STM32G474MCTx,STM32G474MCTx,262144,131072,cmsis,False,new,STMicroelectronics/studiox.stm32g474-0.1.0.mcupack
studiox.stm32g474,0.1.0,STM32G474QCTx,STM32G474QCTx,262144,131072,cmsis,False,new,STMicroelectronics/studiox.stm32g474-0.1.0.mcupack
studiox.stm32g474,0.1.0,STM32G474RCTx,STM32G474RCTx,262144,131072,cmsis,False,new,STMicroelectronics/studiox.stm32g474-0.1.0.mcupack
studiox.stm32g474,0.1.0,STM32G474VCTx,STM32G474VCTx,262144,131072,cmsis,False,new,STMicroelectronics/studiox.stm32g474-0.1.0.mcupack
studiox.stm32g474,0.1.0,STM32G474VCHx,STM32G474VCHx,262144,131072,cmsis,False,new,STMicroelectronics/studiox.stm32g474-0.1.0.mcupack
studiox.stm32g474,0.1.0,STM32G474PCIx,STM32G474PCIx,262144,131072,cmsis,False,new,STMicroelectronics/studiox.stm32g474-0.1.0.mcupack
studiox.stm32g474,0.1.0,STM32G474CBTx,STM32G474CBTx,131072,131072,cmsis,False,new,STMicroelectronics/studiox.stm32g474-0.1.0.mcupack
studiox.stm32g474,0.1.0,STM32G474CBUx,STM32G474CBUx,131072,131072,cmsis,False,new,STMicroelectronics/studiox.stm32g474-0.1.0.mcupack
studiox.stm32g474,0.1.0,STM32G474RBTx,STM32G474RBTx,131072,131072,cmsis,False,new,STMicroelectronics/studiox.stm32g474-0.1.0.mcupack
studiox.stm32g474,0.1.0,STM32G474VBHx,STM32G474VBHx,131072,131072,cmsis,False,new,STMicroelectronics/studiox.stm32g474-0.1.0.mcupack
studiox.stm32g474,0.1.0,STM32G474VBTx,STM32G474VBTx,131072,131072,cmsis,False,new,STMicroelectronics/studiox.stm32g474-0.1.0.mcupack
studiox.stm32g474,0.1.0,STM32G474QBTx,STM32G474QBTx,131072,131072,cmsis,False,new,STMicroelectronics/studiox.stm32g474-0.1.0.mcupack
studiox.stm32g474,0.1.0,STM32G474MBTx,STM32G474MBTx,131072,131072,cmsis,False,new,STMicroelectronics/studiox.stm32g474-0.1.0.mcupack
studiox.stm32g474,0.1.0,STM32G474PBIx,STM32G474PBIx,131072,131072,cmsis,False,new,STMicroelectronics/studiox.stm32g474-0.1.0.mcupack
studiox.stm32g483,0.1.0,STM32G483CETx,STM32G483CETx,524288,131072,cmsis,False,new,STMicroelectronics/studiox.stm32g483-0.1.0.mcupack
studiox.stm32g483,0.1.0,STM32G483CEUx,STM32G483CEUx,524288,131072,cmsis,False,new,STMicroelectronics/studiox.stm32g483-0.1.0.mcupack
studiox.stm32g483,0.1.0,STM32G483METx,STM32G483METx,524288,131072,cmsis,False,new,STMicroelectronics/studiox.stm32g483-0.1.0.mcupack
studiox.stm32g483,0.1.0,STM32G483MEYx,STM32G483MEYx,524288,131072,cmsis,False,new,STMicroelectronics/studiox.stm32g483-0.1.0.mcupack
studiox.stm32g483,0.1.0,STM32G483RETx,STM32G483RETx,524288,131072,cmsis,False,new,STMicroelectronics/studiox.stm32g483-0.1.0.mcupack
studiox.stm32g483,0.1.0,STM32G483VETx,STM32G483VETx,524288,131072,cmsis,False,new,STMicroelectronics/studiox.stm32g483-0.1.0.mcupack
studiox.stm32g483,0.1.0,STM32G483VEHx,STM32G483VEHx,524288,131072,cmsis,False,new,STMicroelectronics/studiox.stm32g483-0.1.0.mcupack
studiox.stm32g483,0.1.0,STM32G483QETx,STM32G483QETx,524288,131072,cmsis,False,new,STMicroelectronics/studiox.stm32g483-0.1.0.mcupack
studiox.stm32g483,0.1.0,STM32G483PEIx,STM32G483PEIx,524288,131072,cmsis,False,new,STMicroelectronics/studiox.stm32g483-0.1.0.mcupack
studiox.stm32g484,0.1.0,STM32G484CETx,STM32G484CETx,524288,131072,cmsis,False,new,STMicroelectronics/studiox.stm32g484-0.1.0.mcupack
studiox.stm32g484,0.1.0,STM32G484CEUx,STM32G484CEUx,524288,131072,cmsis,False,new,STMicroelectronics/studiox.stm32g484-0.1.0.mcupack
studiox.stm32g484,0.1.0,STM32G484RETx,STM32G484RETx,524288,131072,cmsis,False,new,STMicroelectronics/studiox.stm32g484-0.1.0.mcupack
studiox.stm32g484,0.1.0,STM32G484VETx,STM32G484VETx,524288,131072,cmsis,False,new,STMicroelectronics/studiox.stm32g484-0.1.0.mcupack
studiox.stm32g484,0.1.0,STM32G484VEHx,STM32G484VEHx,524288,131072,cmsis,False,new,STMicroelectronics/studiox.stm32g484-0.1.0.mcupack
studiox.stm32g484,0.1.0,STM32G484METx,STM32G484METx,524288,131072,cmsis,False,new,STMicroelectronics/studiox.stm32g484-0.1.0.mcupack
studiox.stm32g484,0.1.0,STM32G484MEYx,STM32G484MEYx,524288,131072,cmsis,False,new,STMicroelectronics/studiox.stm32g484-0.1.0.mcupack
studiox.stm32g484,0.1.0,STM32G484QETx,STM32G484QETx,524288,131072,cmsis,False,new,STMicroelectronics/studiox.stm32g484-0.1.0.mcupack
studiox.stm32g484,0.1.0,STM32G484PEIx,STM32G484PEIx,524288,131072,cmsis,False,new,STMicroelectronics/studiox.stm32g484-0.1.0.mcupack
studiox.stm32g491,0.1.0,STM32G491CETx,STM32G491CETx,524288,114688,cmsis,False,new,STMicroelectronics/studiox.stm32g491-0.1.0.mcupack
studiox.stm32g491,0.1.0,STM32G491CETxZ,STM32G491CETxZ,507903,114688,cmsis,False,new,STMicroelectronics/studiox.stm32g491-0.1.0.mcupack
studiox.stm32g491,0.1.0,STM32G491CEUx,STM32G491CEUx,524288,114688,cmsis,False,new,STMicroelectronics/studiox.stm32g491-0.1.0.mcupack
studiox.stm32g491,0.1.0,STM32G491KEUx,STM32G491KEUx,524288,114688,cmsis,False,new,STMicroelectronics/studiox.stm32g491-0.1.0.mcupack
studiox.stm32g491,0.1.0,STM32G491METx,STM32G491METx,524288,114688,cmsis,False,new,STMicroelectronics/studiox.stm32g491-0.1.0.mcupack
studiox.stm32g491,0.1.0,STM32G491MESx,STM32G491MESx,524288,114688,cmsis,False,new,STMicroelectronics/studiox.stm32g491-0.1.0.mcupack
studiox.stm32g491,0.1.0,STM32G491RETx,STM32G491RETx,524288,114688,cmsis,False,new,STMicroelectronics/studiox.stm32g491-0.1.0.mcupack
studiox.stm32g491,0.1.0,STM32G491REIx,STM32G491REIx,524288,114688,cmsis,False,new,STMicroelectronics/studiox.stm32g491-0.1.0.mcupack
studiox.stm32g491,0.1.0,STM32G491REYx,STM32G491REYx,524288,114688,cmsis,False,new,STMicroelectronics/studiox.stm32g491-0.1.0.mcupack
studiox.stm32g491,0.1.0,STM32G491RETxZ,STM32G491RETxZ,507903,114688,cmsis,False,new,STMicroelectronics/studiox.stm32g491-0.1.0.mcupack
studiox.stm32g491,0.1.0,STM32G491VETx,STM32G491VETx,524288,114688,cmsis,False,new,STMicroelectronics/studiox.stm32g491-0.1.0.mcupack
studiox.stm32g491,0.1.0,STM32G491CCTx,STM32G491CCTx,262144,114688,cmsis,False,new,STMicroelectronics/studiox.stm32g491-0.1.0.mcupack
studiox.stm32g491,0.1.0,STM32G491CCUx,STM32G491CCUx,262144,114688,cmsis,False,new,STMicroelectronics/studiox.stm32g491-0.1.0.mcupack
studiox.stm32g491,0.1.0,STM32G491KCUx,STM32G491KCUx,262144,114688,cmsis,False,new,STMicroelectronics/studiox.stm32g491-0.1.0.mcupack
studiox.stm32g491,0.1.0,STM32G491MCTx,STM32G491MCTx,262144,114688,cmsis,False,new,STMicroelectronics/studiox.stm32g491-0.1.0.mcupack
studiox.stm32g491,0.1.0,STM32G491MCSx,STM32G491MCSx,262144,114688,cmsis,False,new,STMicroelectronics/studiox.stm32g491-0.1.0.mcupack
studiox.stm32g491,0.1.0,STM32G491RCTx,STM32G491RCTx,262144,114688,cmsis,False,new,STMicroelectronics/studiox.stm32g491-0.1.0.mcupack
studiox.stm32g491,0.1.0,STM32G491RCIx,STM32G491RCIx,262144,114688,cmsis,False,new,STMicroelectronics/studiox.stm32g491-0.1.0.mcupack
studiox.stm32g491,0.1.0,STM32G491VCTx,STM32G491VCTx,262144,114688,cmsis,False,new,STMicroelectronics/studiox.stm32g491-0.1.0.mcupack
studiox.stm32g4a1,0.1.0,STM32G4A1KEUx,STM32G4A1KEUx,524288,114688,cmsis,False,new,STMicroelectronics/studiox.stm32g4a1-0.1.0.mcupack
studiox.stm32g4a1,0.1.0,STM32G4A1CETx,STM32G4A1CETx,524288,114688,cmsis,False,new,STMicroelectronics/studiox.stm32g4a1-0.1.0.mcupack
studiox.stm32g4a1,0.1.0,STM32G4A1CEUx,STM32G4A1CEUx,524288,114688,cmsis,False,new,STMicroelectronics/studiox.stm32g4a1-0.1.0.mcupack
studiox.stm32g4a1,0.1.0,STM32G4A1METx,STM32G4A1METx,524288,114688,cmsis,False,new,STMicroelectronics/studiox.stm32g4a1-0.1.0.mcupack
studiox.stm32g4a1,0.1.0,STM32G4A1MESx,STM32G4A1MESx,524288,114688,cmsis,False,new,STMicroelectronics/studiox.stm32g4a1-0.1.0.mcupack
studiox.stm32g4a1,0.1.0,STM32G4A1RETx,STM32G4A1RETx,524288,114688,cmsis,False,new,STMicroelectronics/studiox.stm32g4a1-0.1.0.mcupack
studiox.stm32g4a1,0.1.0,STM32G4A1REIx,STM32G4A1REIx,524288,114688,cmsis,False,new,STMicroelectronics/studiox.stm32g4a1-0.1.0.mcupack
studiox.stm32g4a1,0.1.0,STM32G4A1REYx,STM32G4A1REYx,524288,114688,cmsis,False,new,STMicroelectronics/studiox.stm32g4a1-0.1.0.mcupack
studiox.stm32g4a1,0.1.0,STM32G4A1VETx,STM32G4A1VETx,524288,114688,cmsis,False,new,STMicroelectronics/studiox.stm32g4a1-0.1.0.mcupack
studiox.stm32h723,0.1.0,STM32H723VGHx,STM32H723VGHx,1048576,327680,cmsis,False,new,STMicroelectronics/studiox.stm32h723-0.1.0.mcupack
studiox.stm32h723,0.1.0,STM32H723VGTx,STM32H723VGTx,1048576,327680,cmsis,False,new,STMicroelectronics/studiox.stm32h723-0.1.0.mcupack
studiox.stm32h723,0.1.0,STM32H723ZGIx,STM32H723ZGIx,1048576,327680,cmsis,False,new,STMicroelectronics/studiox.stm32h723-0.1.0.mcupack
studiox.stm32h723,0.1.0,STM32H723ZGTx,STM32H723ZGTx,1048576,327680,cmsis,False,new,STMicroelectronics/studiox.stm32h723-0.1.0.mcupack
studiox.stm32h723,0.1.0,STM32H723VETx,STM32H723VETx,524288,327680,cmsis,False,new,STMicroelectronics/studiox.stm32h723-0.1.0.mcupack
studiox.stm32h723,0.1.0,STM32H723VEHx,STM32H723VEHx,524288,327680,cmsis,False,new,STMicroelectronics/studiox.stm32h723-0.1.0.mcupack
studiox.stm32h723,0.1.0,STM32H723ZETx,STM32H723ZETx,524288,327680,cmsis,False,new,STMicroelectronics/studiox.stm32h723-0.1.0.mcupack
studiox.stm32h723,0.1.0,STM32H723ZEIx,STM32H723ZEIx,524288,327680,cmsis,False,new,STMicroelectronics/studiox.stm32h723-0.1.0.mcupack
studiox.stm32h725,0.1.0,STM32H725VGHx,STM32H725VGHx,1048576,327680,cmsis,False,new,STMicroelectronics/studiox.stm32h725-0.1.0.mcupack
studiox.stm32h725,0.1.0,STM32H725IGKx,STM32H725IGKx,1048576,327680,cmsis,False,new,STMicroelectronics/studiox.stm32h725-0.1.0.mcupack
studiox.stm32h725,0.1.0,STM32H725IGTx,STM32H725IGTx,1048576,327680,cmsis,False,new,STMicroelectronics/studiox.stm32h725-0.1.0.mcupack
studiox.stm32h725,0.1.0,STM32H725AGIx,STM32H725AGIx,1048576,327680,cmsis,False,new,STMicroelectronics/studiox.stm32h725-0.1.0.mcupack
studiox.stm32h725,0.1.0,STM32H725RGVx,STM32H725RGVx,1048576,327680,cmsis,False,new,STMicroelectronics/studiox.stm32h725-0.1.0.mcupack
studiox.stm32h725,0.1.0,STM32H725ZGTx,STM32H725ZGTx,1048576,327680,cmsis,False,new,STMicroelectronics/studiox.stm32h725-0.1.0.mcupack
studiox.stm32h725,0.1.0,STM32H725VGTx,STM32H725VGTx,1048576,327680,cmsis,False,new,STMicroelectronics/studiox.stm32h725-0.1.0.mcupack
studiox.stm32h725,0.1.0,STM32H725VGYx,STM32H725VGYx,1048576,327680,cmsis,False,new,STMicroelectronics/studiox.stm32h725-0.1.0.mcupack
studiox.stm32h725,0.1.0,STM32H725REVx,STM32H725REVx,524288,327680,cmsis,False,new,STMicroelectronics/studiox.stm32h725-0.1.0.mcupack
studiox.stm32h725,0.1.0,STM32H725VETx,STM32H725VETx,524288,327680,cmsis,False,new,STMicroelectronics/studiox.stm32h725-0.1.0.mcupack
studiox.stm32h725,0.1.0,STM32H725VEHx,STM32H725VEHx,524288,327680,cmsis,False,new,STMicroelectronics/studiox.stm32h725-0.1.0.mcupack
studiox.stm32h725,0.1.0,STM32H725ZETx,STM32H725ZETx,524288,327680,cmsis,False,new,STMicroelectronics/studiox.stm32h725-0.1.0.mcupack
studiox.stm32h725,0.1.0,STM32H725AEIx,STM32H725AEIx,524288,327680,cmsis,False,new,STMicroelectronics/studiox.stm32h725-0.1.0.mcupack
studiox.stm32h725,0.1.0,STM32H725IETx,STM32H725IETx,524288,327680,cmsis,False,new,STMicroelectronics/studiox.stm32h725-0.1.0.mcupack
studiox.stm32h725,0.1.0,STM32H725IEKx,STM32H725IEKx,524288,327680,cmsis,False,new,STMicroelectronics/studiox.stm32h725-0.1.0.mcupack
studiox.stm32h730,0.1.0,STM32H730VBHx,STM32H730VBHx,131072,327680,cmsis,False,new,STMicroelectronics/studiox.stm32h730-0.1.0.mcupack
studiox.stm32h730,0.1.0,STM32H730VBTx,STM32H730VBTx,131072,327680,cmsis,False,new,STMicroelectronics/studiox.stm32h730-0.1.0.mcupack
studiox.stm32h730,0.1.0,STM32H730IBTxQ,STM32H730IBTxQ,131072,327680,cmsis,False,new,STMicroelectronics/studiox.stm32h730-0.1.0.mcupack
studiox.stm32h730,0.1.0,STM32H730IBKxQ,STM32H730IBKxQ,131072,327680,cmsis,False,new,STMicroelectronics/studiox.stm32h730-0.1.0.mcupack
studiox.stm32h730,0.1.0,STM32H730ZBTx,STM32H730ZBTx,131072,327680,cmsis,False,new,STMicroelectronics/studiox.stm32h730-0.1.0.mcupack
studiox.stm32h730,0.1.0,STM32H730ZBIx,STM32H730ZBIx,131072,327680,cmsis,False,new,STMicroelectronics/studiox.stm32h730-0.1.0.mcupack
studiox.stm32h730,0.1.0,STM32H730ABIxQ,STM32H730ABIxQ,131072,327680,cmsis,False,new,STMicroelectronics/studiox.stm32h730-0.1.0.mcupack
studiox.stm32h733,0.1.0,STM32H733VGHx,STM32H733VGHx,1048576,327680,cmsis,False,new,STMicroelectronics/studiox.stm32h733-0.1.0.mcupack
studiox.stm32h733,0.1.0,STM32H733VGTx,STM32H733VGTx,1048576,327680,cmsis,False,new,STMicroelectronics/studiox.stm32h733-0.1.0.mcupack
studiox.stm32h733,0.1.0,STM32H733ZGIx,STM32H733ZGIx,1048576,327680,cmsis,False,new,STMicroelectronics/studiox.stm32h733-0.1.0.mcupack
studiox.stm32h733,0.1.0,STM32H733ZGTx,STM32H733ZGTx,1048576,327680,cmsis,False,new,STMicroelectronics/studiox.stm32h733-0.1.0.mcupack
studiox.stm32h735,0.1.0,STM32H735VGHx,STM32H735VGHx,1048576,327680,cmsis,False,new,STMicroelectronics/studiox.stm32h735-0.1.0.mcupack
studiox.stm32h735,0.1.0,STM32H735ZGTx,STM32H735ZGTx,1048576,327680,cmsis,False,new,STMicroelectronics/studiox.stm32h735-0.1.0.mcupack
studiox.stm32h735,0.1.0,STM32H735VGTx,STM32H735VGTx,1048576,327680,cmsis,False,new,STMicroelectronics/studiox.stm32h735-0.1.0.mcupack
studiox.stm32h735,0.1.0,STM32H735VGYx,STM32H735VGYx,1048576,327680,cmsis,False,new,STMicroelectronics/studiox.stm32h735-0.1.0.mcupack
studiox.stm32h735,0.1.0,STM32H735AGIx,STM32H735AGIx,1048576,327680,cmsis,False,new,STMicroelectronics/studiox.stm32h735-0.1.0.mcupack
studiox.stm32h735,0.1.0,STM32H735IGKx,STM32H735IGKx,1048576,327680,cmsis,False,new,STMicroelectronics/studiox.stm32h735-0.1.0.mcupack
studiox.stm32h735,0.1.0,STM32H735IGTx,STM32H735IGTx,1048576,327680,cmsis,False,new,STMicroelectronics/studiox.stm32h735-0.1.0.mcupack
studiox.stm32h735,0.1.0,STM32H735RGVx,STM32H735RGVx,1048576,327680,cmsis,False,new,STMicroelectronics/studiox.stm32h735-0.1.0.mcupack
studiox.stm32h742,0.1.0,STM32H742AIIx,STM32H742AIIx,2097152,393216,cmsis,False,new,STMicroelectronics/studiox.stm32h742-0.1.0.mcupack
studiox.stm32h742,0.1.0,STM32H742BITx,STM32H742BITx,2097152,393216,cmsis,False,new,STMicroelectronics/studiox.stm32h742-0.1.0.mcupack
studiox.stm32h742,0.1.0,STM32H742IIKx,STM32H742IIKx,2097152,393216,cmsis,False,new,STMicroelectronics/studiox.stm32h742-0.1.0.mcupack
studiox.stm32h742,0.1.0,STM32H742IITx,STM32H742IITx,2097152,393216,cmsis,False,new,STMicroelectronics/studiox.stm32h742-0.1.0.mcupack
studiox.stm32h742,0.1.0,STM32H742VIHx,STM32H742VIHx,2097152,393216,cmsis,False,new,STMicroelectronics/studiox.stm32h742-0.1.0.mcupack
studiox.stm32h742,0.1.0,STM32H742VITx,STM32H742VITx,2097152,393216,cmsis,False,new,STMicroelectronics/studiox.stm32h742-0.1.0.mcupack
studiox.stm32h742,0.1.0,STM32H742XIHx,STM32H742XIHx,2097152,393216,cmsis,False,new,STMicroelectronics/studiox.stm32h742-0.1.0.mcupack
studiox.stm32h742,0.1.0,STM32H742ZITx,STM32H742ZITx,2097152,393216,cmsis,False,new,STMicroelectronics/studiox.stm32h742-0.1.0.mcupack
studiox.stm32h743,0.1.0,STM32H743AIIx,STM32H743AIIx,2097152,524288,cmsis,False,new,STMicroelectronics/studiox.stm32h743-0.1.0.mcupack
studiox.stm32h743,0.1.0,STM32H743BITx,STM32H743BITx,2097152,524288,cmsis,False,new,STMicroelectronics/studiox.stm32h743-0.1.0.mcupack
studiox.stm32h743,0.1.0,STM32H743IIKx,STM32H743IIKx,2097152,524288,cmsis,False,new,STMicroelectronics/studiox.stm32h743-0.1.0.mcupack
studiox.stm32h743,0.1.0,STM32H743IITx,STM32H743IITx,2097152,524288,cmsis,False,new,STMicroelectronics/studiox.stm32h743-0.1.0.mcupack
studiox.stm32h743,0.1.0,STM32H743VIHx,STM32H743VIHx,2097152,524288,cmsis,False,new,STMicroelectronics/studiox.stm32h743-0.1.0.mcupack
studiox.stm32h743,0.1.0,STM32H743VITx,STM32H743VITx,2097152,524288,cmsis,False,new,STMicroelectronics/studiox.stm32h743-0.1.0.mcupack
studiox.stm32h743,0.1.0,STM32H743XIHx,STM32H743XIHx,2097152,524288,cmsis,False,new,STMicroelectronics/studiox.stm32h743-0.1.0.mcupack
studiox.stm32h743,0.1.0,STM32H743ZITx,STM32H743ZITx,2097152,524288,cmsis,False,new,STMicroelectronics/studiox.stm32h743-0.1.0.mcupack
studiox.stm32h750,0.1.0,STM32H750IBKx,STM32H750IBKx,131072,524288,cmsis,False,new,STMicroelectronics/studiox.stm32h750-0.1.0.mcupack
studiox.stm32h750,0.1.0,STM32H750IBTx,STM32H750IBTx,131072,524288,cmsis,False,new,STMicroelectronics/studiox.stm32h750-0.1.0.mcupack
studiox.stm32h750,0.1.0,STM32H750ZBTx,STM32H750ZBTx,131072,524288,cmsis,False,new,STMicroelectronics/studiox.stm32h750-0.1.0.mcupack
studiox.stm32h750,0.1.0,STM32H750VBTx,STM32H750VBTx,131072,524288,cmsis,False,new,STMicroelectronics/studiox.stm32h750-0.1.0.mcupack
studiox.stm32h750,0.1.0,STM32H750XBHx,STM32H750XBHx,131072,524288,cmsis,False,new,STMicroelectronics/studiox.stm32h750-0.1.0.mcupack
studiox.stm32h753,0.1.0,STM32H753AIIx,STM32H753AIIx,2097152,524288,cmsis,False,new,STMicroelectronics/studiox.stm32h753-0.1.0.mcupack
studiox.stm32h753,0.1.0,STM32H753BITx,STM32H753BITx,2097152,524288,cmsis,False,new,STMicroelectronics/studiox.stm32h753-0.1.0.mcupack
studiox.stm32h753,0.1.0,STM32H753IIKx,STM32H753IIKx,2097152,524288,cmsis,False,new,STMicroelectronics/studiox.stm32h753-0.1.0.mcupack
studiox.stm32h753,0.1.0,STM32H753IITx,STM32H753IITx,2097152,524288,cmsis,False,new,STMicroelectronics/studiox.stm32h753-0.1.0.mcupack
studiox.stm32h753,0.1.0,STM32H753VIHx,STM32H753VIHx,2097152,524288,cmsis,False,new,STMicroelectronics/studiox.stm32h753-0.1.0.mcupack
studiox.stm32h753,0.1.0,STM32H753VITx,STM32H753VITx,2097152,524288,cmsis,False,new,STMicroelectronics/studiox.stm32h753-0.1.0.mcupack
studiox.stm32h753,0.1.0,STM32H753XIHx,STM32H753XIHx,2097152,524288,cmsis,False,new,STMicroelectronics/studiox.stm32h753-0.1.0.mcupack
studiox.stm32h753,0.1.0,STM32H753ZITx,STM32H753ZITx,2097152,524288,cmsis,False,new,STMicroelectronics/studiox.stm32h753-0.1.0.mcupack
studiox.stm32h7a3,0.1.0,STM32H7A3IIKx,STM32H7A3IIKx,2097152,1048576,cmsis,False,new,STMicroelectronics/studiox.stm32h7a3-0.1.0.mcupack
studiox.stm32h7a3,0.1.0,STM32H7A3IIKxQ,STM32H7A3IIKxQ,2097152,1048576,cmsis,False,new,STMicroelectronics/studiox.stm32h7a3-0.1.0.mcupack
studiox.stm32h7a3,0.1.0,STM32H7A3IITx,STM32H7A3IITx,2097152,1048576,cmsis,False,new,STMicroelectronics/studiox.stm32h7a3-0.1.0.mcupack
studiox.stm32h7a3,0.1.0,STM32H7A3IITxQ,STM32H7A3IITxQ,2097152,1048576,cmsis,False,new,STMicroelectronics/studiox.stm32h7a3-0.1.0.mcupack
studiox.stm32h7a3,0.1.0,STM32H7A3NIHx,STM32H7A3NIHx,2097152,1048576,cmsis,False,new,STMicroelectronics/studiox.stm32h7a3-0.1.0.mcupack
studiox.stm32h7a3,0.1.0,STM32H7A3RITx,STM32H7A3RITx,2097152,1048576,cmsis,False,new,STMicroelectronics/studiox.stm32h7a3-0.1.0.mcupack
studiox.stm32h7a3,0.1.0,STM32H7A3VITx,STM32H7A3VITx,2097152,1048576,cmsis,False,new,STMicroelectronics/studiox.stm32h7a3-0.1.0.mcupack
studiox.stm32h7a3,0.1.0,STM32H7A3VITxQ,STM32H7A3VITxQ,2097152,1048576,cmsis,False,new,STMicroelectronics/studiox.stm32h7a3-0.1.0.mcupack
studiox.stm32h7a3,0.1.0,STM32H7A3VIHx,STM32H7A3VIHx,2097152,1048576,cmsis,False,new,STMicroelectronics/studiox.stm32h7a3-0.1.0.mcupack
studiox.stm32h7a3,0.1.0,STM32H7A3VIHxQ,STM32H7A3VIHxQ,2097152,1048576,cmsis,False,new,STMicroelectronics/studiox.stm32h7a3-0.1.0.mcupack
studiox.stm32h7a3,0.1.0,STM32H7A3ZITx,STM32H7A3ZITx,2097152,1048576,cmsis,False,new,STMicroelectronics/studiox.stm32h7a3-0.1.0.mcupack
studiox.stm32h7a3,0.1.0,STM32H7A3ZITxQ,STM32H7A3ZITxQ,2097152,1048576,cmsis,False,new,STMicroelectronics/studiox.stm32h7a3-0.1.0.mcupack
studiox.stm32h7a3,0.1.0,STM32H7A3QIYxQ,STM32H7A3QIYxQ,2097152,1048576,cmsis,False,new,STMicroelectronics/studiox.stm32h7a3-0.1.0.mcupack
studiox.stm32h7a3,0.1.0,STM32H7A3LIHxQ,STM32H7A3LIHxQ,2097152,1048576,cmsis,False,new,STMicroelectronics/studiox.stm32h7a3-0.1.0.mcupack
studiox.stm32h7a3,0.1.0,STM32H7A3AIIxQ,STM32H7A3AIIxQ,2097152,1048576,cmsis,False,new,STMicroelectronics/studiox.stm32h7a3-0.1.0.mcupack
studiox.stm32h7b0,0.1.0,STM32H7B0RBTx,STM32H7B0RBTx,131072,1048576,cmsis,False,new,STMicroelectronics/studiox.stm32h7b0-0.1.0.mcupack
studiox.stm32h7b0,0.1.0,STM32H7B0VBTx,STM32H7B0VBTx,131072,1048576,cmsis,False,new,STMicroelectronics/studiox.stm32h7b0-0.1.0.mcupack
studiox.stm32h7b0,0.1.0,STM32H7B0ZBTx,STM32H7B0ZBTx,131072,1048576,cmsis,False,new,STMicroelectronics/studiox.stm32h7b0-0.1.0.mcupack
studiox.stm32h7b0,0.1.0,STM32H7B0IBTx,STM32H7B0IBTx,131072,1048576,cmsis,False,new,STMicroelectronics/studiox.stm32h7b0-0.1.0.mcupack
studiox.stm32h7b0,0.1.0,STM32H7B0IBKxQ,STM32H7B0IBKxQ,131072,1048576,cmsis,False,new,STMicroelectronics/studiox.stm32h7b0-0.1.0.mcupack
studiox.stm32h7b0,0.1.0,STM32H7B0ABIxQ,STM32H7B0ABIxQ,131072,1048576,cmsis,False,new,STMicroelectronics/studiox.stm32h7b0-0.1.0.mcupack
studiox.stm32h7b3,0.1.0,STM32H7B3AIIxQ,STM32H7B3AIIxQ,2097152,1048576,cmsis,False,new,STMicroelectronics/studiox.stm32h7b3-0.1.0.mcupack
studiox.stm32h7b3,0.1.0,STM32H7B3LIHxQ,STM32H7B3LIHxQ,2097152,1048576,cmsis,False,new,STMicroelectronics/studiox.stm32h7b3-0.1.0.mcupack
studiox.stm32h7b3,0.1.0,STM32H7B3IIKx,STM32H7B3IIKx,2097152,1048576,cmsis,False,new,STMicroelectronics/studiox.stm32h7b3-0.1.0.mcupack
studiox.stm32h7b3,0.1.0,STM32H7B3IIKxQ,STM32H7B3IIKxQ,2097152,1048576,cmsis,False,new,STMicroelectronics/studiox.stm32h7b3-0.1.0.mcupack
studiox.stm32h7b3,0.1.0,STM32H7B3IITx,STM32H7B3IITx,2097152,1048576,cmsis,False,new,STMicroelectronics/studiox.stm32h7b3-0.1.0.mcupack
studiox.stm32h7b3,0.1.0,STM32H7B3IITxQ,STM32H7B3IITxQ,2097152,1048576,cmsis,False,new,STMicroelectronics/studiox.stm32h7b3-0.1.0.mcupack
studiox.stm32h7b3,0.1.0,STM32H7B3NIHx,STM32H7B3NIHx,2097152,1048576,cmsis,False,new,STMicroelectronics/studiox.stm32h7b3-0.1.0.mcupack
studiox.stm32h7b3,0.1.0,STM32H7B3RITx,STM32H7B3RITx,2097152,1048576,cmsis,False,new,STMicroelectronics/studiox.stm32h7b3-0.1.0.mcupack
studiox.stm32h7b3,0.1.0,STM32H7B3VITx,STM32H7B3VITx,2097152,1048576,cmsis,False,new,STMicroelectronics/studiox.stm32h7b3-0.1.0.mcupack
studiox.stm32h7b3,0.1.0,STM32H7B3VITxQ,STM32H7B3VITxQ,2097152,1048576,cmsis,False,new,STMicroelectronics/studiox.stm32h7b3-0.1.0.mcupack
studiox.stm32h7b3,0.1.0,STM32H7B3VIHx,STM32H7B3VIHx,2097152,1048576,cmsis,False,new,STMicroelectronics/studiox.stm32h7b3-0.1.0.mcupack
studiox.stm32h7b3,0.1.0,STM32H7B3VIHxQ,STM32H7B3VIHxQ,2097152,1048576,cmsis,False,new,STMicroelectronics/studiox.stm32h7b3-0.1.0.mcupack
studiox.stm32h7b3,0.1.0,STM32H7B3ZITx,STM32H7B3ZITx,2097152,1048576,cmsis,False,new,STMicroelectronics/studiox.stm32h7b3-0.1.0.mcupack
studiox.stm32h7b3,0.1.0,STM32H7B3ZITxQ,STM32H7B3ZITxQ,2097152,1048576,cmsis,False,new,STMicroelectronics/studiox.stm32h7b3-0.1.0.mcupack
studiox.stm32h7b3,0.1.0,STM32H7B3QIYxQ,STM32H7B3QIYxQ,2097152,1048576,cmsis,False,new,STMicroelectronics/studiox.stm32h7b3-0.1.0.mcupack
studiox.stm32l010,0.1.0,STM32L010C6Tx,STM32L010C6Tx,32768,8192,cmsis,False,new,STMicroelectronics/studiox.stm32l010-0.1.0.mcupack
studiox.stm32l010,0.1.0,STM32L010F4Px,STM32L010F4Px,16384,2048,cmsis,False,new,STMicroelectronics/studiox.stm32l010-0.1.0.mcupack
studiox.stm32l010,0.1.0,STM32L010K4Tx,STM32L010K4Tx,16384,2048,cmsis,False,new,STMicroelectronics/studiox.stm32l010-0.1.0.mcupack
studiox.stm32l010,0.1.0,STM32L010K8Tx,STM32L010K8Tx,65536,8192,cmsis,False,new,STMicroelectronics/studiox.stm32l010-0.1.0.mcupack
studiox.stm32l010,0.1.0,STM32L010R8Tx,STM32L010R8Tx,65536,8192,cmsis,False,new,STMicroelectronics/studiox.stm32l010-0.1.0.mcupack
studiox.stm32l010,0.1.0,STM32L010RBTx,STM32L010RBTx,131072,20480,cmsis,False,new,STMicroelectronics/studiox.stm32l010-0.1.0.mcupack
studiox.stm32l011,0.1.0,STM32L011D3Px,STM32L011D3Px,8192,2048,cmsis,False,new,STMicroelectronics/studiox.stm32l011-0.1.0.mcupack
studiox.stm32l011,0.1.0,STM32L011D4Px,STM32L011D4Px,16384,2048,cmsis,False,new,STMicroelectronics/studiox.stm32l011-0.1.0.mcupack
studiox.stm32l011,0.1.0,STM32L011E3Yx,STM32L011E3Yx,8192,2048,cmsis,False,new,STMicroelectronics/studiox.stm32l011-0.1.0.mcupack
studiox.stm32l011,0.1.0,STM32L011E4Yx,STM32L011E4Yx,16384,2048,cmsis,False,new,STMicroelectronics/studiox.stm32l011-0.1.0.mcupack
studiox.stm32l011,0.1.0,STM32L011F3Px,STM32L011F3Px,8192,2048,cmsis,False,new,STMicroelectronics/studiox.stm32l011-0.1.0.mcupack
studiox.stm32l011,0.1.0,STM32L011F3Ux,STM32L011F3Ux,8192,2048,cmsis,False,new,STMicroelectronics/studiox.stm32l011-0.1.0.mcupack
studiox.stm32l011,0.1.0,STM32L011F4Px,STM32L011F4Px,16384,2048,cmsis,False,new,STMicroelectronics/studiox.stm32l011-0.1.0.mcupack
studiox.stm32l011,0.1.0,STM32L011F4Ux,STM32L011F4Ux,16384,2048,cmsis,False,new,STMicroelectronics/studiox.stm32l011-0.1.0.mcupack
studiox.stm32l011,0.1.0,STM32L011G3Ux,STM32L011G3Ux,8192,2048,cmsis,False,new,STMicroelectronics/studiox.stm32l011-0.1.0.mcupack
studiox.stm32l011,0.1.0,STM32L011G4Ux,STM32L011G4Ux,16384,2048,cmsis,False,new,STMicroelectronics/studiox.stm32l011-0.1.0.mcupack
studiox.stm32l011,0.1.0,STM32L011K3Tx,STM32L011K3Tx,8192,2048,cmsis,False,new,STMicroelectronics/studiox.stm32l011-0.1.0.mcupack
studiox.stm32l011,0.1.0,STM32L011K3Ux,STM32L011K3Ux,8192,2048,cmsis,False,new,STMicroelectronics/studiox.stm32l011-0.1.0.mcupack
studiox.stm32l011,0.1.0,STM32L011K4Tx,STM32L011K4Tx,16384,2048,cmsis,False,new,STMicroelectronics/studiox.stm32l011-0.1.0.mcupack
studiox.stm32l011,0.1.0,STM32L011K4Ux,STM32L011K4Ux,16384,2048,cmsis,False,new,STMicroelectronics/studiox.stm32l011-0.1.0.mcupack
studiox.stm32l021,0.1.0,STM32L021D4Px,STM32L021D4Px,16384,2048,cmsis,False,new,STMicroelectronics/studiox.stm32l021-0.1.0.mcupack
studiox.stm32l021,0.1.0,STM32L021F4Ux,STM32L021F4Ux,16384,2048,cmsis,False,new,STMicroelectronics/studiox.stm32l021-0.1.0.mcupack
studiox.stm32l021,0.1.0,STM32L021G4Ux,STM32L021G4Ux,16384,2048,cmsis,False,new,STMicroelectronics/studiox.stm32l021-0.1.0.mcupack
studiox.stm32l021,0.1.0,STM32L021K4Tx,STM32L021K4Tx,16384,2048,cmsis,False,new,STMicroelectronics/studiox.stm32l021-0.1.0.mcupack
studiox.stm32l031,0.1.0,STM32L031C4Tx,STM32L031C4Tx,16384,8192,cmsis,False,new,STMicroelectronics/studiox.stm32l031-0.1.0.mcupack
studiox.stm32l031,0.1.0,STM32L031C4Ux,STM32L031C4Ux,16384,8192,cmsis,False,new,STMicroelectronics/studiox.stm32l031-0.1.0.mcupack
studiox.stm32l031,0.1.0,STM32L031C6Tx,STM32L031C6Tx,32768,8192,cmsis,False,new,STMicroelectronics/studiox.stm32l031-0.1.0.mcupack
studiox.stm32l031,0.1.0,STM32L031C6Ux,STM32L031C6Ux,32768,8192,cmsis,False,new,STMicroelectronics/studiox.stm32l031-0.1.0.mcupack
studiox.stm32l031,0.1.0,STM32L031E4Yx,STM32L031E4Yx,16384,8192,cmsis,False,new,STMicroelectronics/studiox.stm32l031-0.1.0.mcupack
studiox.stm32l031,0.1.0,STM32L031E6Yx,STM32L031E6Yx,32768,8192,cmsis,False,new,STMicroelectronics/studiox.stm32l031-0.1.0.mcupack
studiox.stm32l031,0.1.0,STM32L031F4Px,STM32L031F4Px,16384,8192,cmsis,False,new,STMicroelectronics/studiox.stm32l031-0.1.0.mcupack
studiox.stm32l031,0.1.0,STM32L031F6Px,STM32L031F6Px,32768,8192,cmsis,False,new,STMicroelectronics/studiox.stm32l031-0.1.0.mcupack
studiox.stm32l031,0.1.0,STM32L031G4Ux,STM32L031G4Ux,16384,8192,cmsis,False,new,STMicroelectronics/studiox.stm32l031-0.1.0.mcupack
studiox.stm32l031,0.1.0,STM32L031G6Ux,STM32L031G6Ux,32768,8192,cmsis,False,new,STMicroelectronics/studiox.stm32l031-0.1.0.mcupack
studiox.stm32l031,0.1.0,STM32L031G6UxS,STM32L031G6UxS,32768,8192,cmsis,False,new,STMicroelectronics/studiox.stm32l031-0.1.0.mcupack
studiox.stm32l031,0.1.0,STM32L031K4Ux,STM32L031K4Ux,16384,8192,cmsis,False,new,STMicroelectronics/studiox.stm32l031-0.1.0.mcupack
studiox.stm32l031,0.1.0,STM32L031K6Tx,STM32L031K6Tx,32768,8192,cmsis,False,new,STMicroelectronics/studiox.stm32l031-0.1.0.mcupack
studiox.stm32l031,0.1.0,STM32L031K6Ux,STM32L031K6Ux,32768,8192,cmsis,False,new,STMicroelectronics/studiox.stm32l031-0.1.0.mcupack
studiox.stm32l041,0.1.0,STM32L041C6Tx,STM32L041C6Tx,32768,8192,cmsis,False,new,STMicroelectronics/studiox.stm32l041-0.1.0.mcupack
studiox.stm32l041,0.1.0,STM32L041C6Ux,STM32L041C6Ux,32768,8192,cmsis,False,new,STMicroelectronics/studiox.stm32l041-0.1.0.mcupack
studiox.stm32l041,0.1.0,STM32L041F6Px,STM32L041F6Px,32768,8192,cmsis,False,new,STMicroelectronics/studiox.stm32l041-0.1.0.mcupack
studiox.stm32l041,0.1.0,STM32L041G6Ux,STM32L041G6Ux,32768,8192,cmsis,False,new,STMicroelectronics/studiox.stm32l041-0.1.0.mcupack
studiox.stm32l041,0.1.0,STM32L041G6UxS,STM32L041G6UxS,32768,8192,cmsis,False,new,STMicroelectronics/studiox.stm32l041-0.1.0.mcupack
studiox.stm32l041,0.1.0,STM32L041K6Tx,STM32L041K6Tx,32768,8192,cmsis,False,new,STMicroelectronics/studiox.stm32l041-0.1.0.mcupack
studiox.stm32l041,0.1.0,STM32L041K6Ux,STM32L041K6Ux,32768,8192,cmsis,False,new,STMicroelectronics/studiox.stm32l041-0.1.0.mcupack
studiox.stm32l041,0.1.0,STM32L041E6Yx,STM32L041E6Yx,32768,8192,cmsis,False,new,STMicroelectronics/studiox.stm32l041-0.1.0.mcupack
studiox.stm32l051,0.1.0,STM32L051C6Tx,STM32L051C6Tx,32768,8192,cmsis,False,new,STMicroelectronics/studiox.stm32l051-0.1.0.mcupack
studiox.stm32l051,0.1.0,STM32L051C6Ux,STM32L051C6Ux,32768,8192,cmsis,False,new,STMicroelectronics/studiox.stm32l051-0.1.0.mcupack
studiox.stm32l051,0.1.0,STM32L051C8Tx,STM32L051C8Tx,65536,8192,cmsis,False,new,STMicroelectronics/studiox.stm32l051-0.1.0.mcupack
studiox.stm32l051,0.1.0,STM32L051C8Ux,STM32L051C8Ux,65536,8192,cmsis,False,new,STMicroelectronics/studiox.stm32l051-0.1.0.mcupack
studiox.stm32l051,0.1.0,STM32L051K6Tx,STM32L051K6Tx,32768,8192,cmsis,False,new,STMicroelectronics/studiox.stm32l051-0.1.0.mcupack
studiox.stm32l051,0.1.0,STM32L051K6Ux,STM32L051K6Ux,32768,8192,cmsis,False,new,STMicroelectronics/studiox.stm32l051-0.1.0.mcupack
studiox.stm32l051,0.1.0,STM32L051K8Tx,STM32L051K8Tx,65536,8192,cmsis,False,new,STMicroelectronics/studiox.stm32l051-0.1.0.mcupack
studiox.stm32l051,0.1.0,STM32L051K8Ux,STM32L051K8Ux,65536,8192,cmsis,False,new,STMicroelectronics/studiox.stm32l051-0.1.0.mcupack
studiox.stm32l051,0.1.0,STM32L051R6Hx,STM32L051R6Hx,32768,8192,cmsis,False,new,STMicroelectronics/studiox.stm32l051-0.1.0.mcupack
studiox.stm32l051,0.1.0,STM32L051R6Tx,STM32L051R6Tx,32768,8192,cmsis,False,new,STMicroelectronics/studiox.stm32l051-0.1.0.mcupack
studiox.stm32l051,0.1.0,STM32L051R8Hx,STM32L051R8Hx,65536,8192,cmsis,False,new,STMicroelectronics/studiox.stm32l051-0.1.0.mcupack
studiox.stm32l051,0.1.0,STM32L051R8Tx,STM32L051R8Tx,65536,8192,cmsis,False,new,STMicroelectronics/studiox.stm32l051-0.1.0.mcupack
studiox.stm32l051,0.1.0,STM32L051T6Yx,STM32L051T6Yx,32768,8192,cmsis,False,new,STMicroelectronics/studiox.stm32l051-0.1.0.mcupack
studiox.stm32l051,0.1.0,STM32L051T8Yx,STM32L051T8Yx,65536,8192,cmsis,False,new,STMicroelectronics/studiox.stm32l051-0.1.0.mcupack
studiox.stm32l052,0.1.0,STM32L052C6Tx,STM32L052C6Tx,32768,8192,cmsis,False,new,STMicroelectronics/studiox.stm32l052-0.1.0.mcupack
studiox.stm32l052,0.1.0,STM32L052C6Ux,STM32L052C6Ux,32768,8192,cmsis,False,new,STMicroelectronics/studiox.stm32l052-0.1.0.mcupack
studiox.stm32l052,0.1.0,STM32L052C8Tx,STM32L052C8Tx,65536,8192,cmsis,False,new,STMicroelectronics/studiox.stm32l052-0.1.0.mcupack
studiox.stm32l052,0.1.0,STM32L052C8Ux,STM32L052C8Ux,65536,8192,cmsis,False,new,STMicroelectronics/studiox.stm32l052-0.1.0.mcupack
studiox.stm32l052,0.1.0,STM32L052K6Tx,STM32L052K6Tx,32768,8192,cmsis,False,new,STMicroelectronics/studiox.stm32l052-0.1.0.mcupack
studiox.stm32l052,0.1.0,STM32L052K6Ux,STM32L052K6Ux,32768,8192,cmsis,False,new,STMicroelectronics/studiox.stm32l052-0.1.0.mcupack
studiox.stm32l052,0.1.0,STM32L052K8Tx,STM32L052K8Tx,65536,8192,cmsis,False,new,STMicroelectronics/studiox.stm32l052-0.1.0.mcupack
studiox.stm32l052,0.1.0,STM32L052K8Ux,STM32L052K8Ux,65536,8192,cmsis,False,new,STMicroelectronics/studiox.stm32l052-0.1.0.mcupack
studiox.stm32l052,0.1.0,STM32L052R6Hx,STM32L052R6Hx,32768,8192,cmsis,False,new,STMicroelectronics/studiox.stm32l052-0.1.0.mcupack
studiox.stm32l052,0.1.0,STM32L052R6Tx,STM32L052R6Tx,32768,8192,cmsis,False,new,STMicroelectronics/studiox.stm32l052-0.1.0.mcupack
studiox.stm32l052,0.1.0,STM32L052R8Hx,STM32L052R8Hx,65536,8192,cmsis,False,new,STMicroelectronics/studiox.stm32l052-0.1.0.mcupack
studiox.stm32l052,0.1.0,STM32L052R8Tx,STM32L052R8Tx,65536,8192,cmsis,False,new,STMicroelectronics/studiox.stm32l052-0.1.0.mcupack
studiox.stm32l052,0.1.0,STM32L052T6Yx,STM32L052T6Yx,32768,8192,cmsis,False,new,STMicroelectronics/studiox.stm32l052-0.1.0.mcupack
studiox.stm32l052,0.1.0,STM32L052T8Yx,STM32L052T8Yx,65536,8192,cmsis,False,new,STMicroelectronics/studiox.stm32l052-0.1.0.mcupack
studiox.stm32l052,0.1.0,STM32L052T8Fx,STM32L052T8Fx,65536,8192,cmsis,False,new,STMicroelectronics/studiox.stm32l052-0.1.0.mcupack
studiox.stm32l053,0.1.0,STM32L053C6Tx,STM32L053C6Tx,32768,8192,cmsis,False,new,STMicroelectronics/studiox.stm32l053-0.1.0.mcupack
studiox.stm32l053,0.1.0,STM32L053C6Ux,STM32L053C6Ux,32768,8192,cmsis,False,new,STMicroelectronics/studiox.stm32l053-0.1.0.mcupack
studiox.stm32l053,0.1.0,STM32L053C8Tx,STM32L053C8Tx,65536,8192,cmsis,False,new,STMicroelectronics/studiox.stm32l053-0.1.0.mcupack
studiox.stm32l053,0.1.0,STM32L053C8Ux,STM32L053C8Ux,65536,8192,cmsis,False,new,STMicroelectronics/studiox.stm32l053-0.1.0.mcupack
studiox.stm32l053,0.1.0,STM32L053R6Hx,STM32L053R6Hx,32768,8192,cmsis,False,new,STMicroelectronics/studiox.stm32l053-0.1.0.mcupack
studiox.stm32l053,0.1.0,STM32L053R6Tx,STM32L053R6Tx,32768,8192,cmsis,False,new,STMicroelectronics/studiox.stm32l053-0.1.0.mcupack
studiox.stm32l053,0.1.0,STM32L053R8Hx,STM32L053R8Hx,65536,8192,cmsis,False,new,STMicroelectronics/studiox.stm32l053-0.1.0.mcupack
studiox.stm32l053,0.1.0,STM32L053R8Tx,STM32L053R8Tx,65536,8192,cmsis,False,new,STMicroelectronics/studiox.stm32l053-0.1.0.mcupack
studiox.stm32l062,0.1.0,STM32L062K8Tx,STM32L062K8Tx,65536,8192,cmsis,False,new,STMicroelectronics/studiox.stm32l062-0.1.0.mcupack
studiox.stm32l062,0.1.0,STM32L062K8Ux,STM32L062K8Ux,65536,8192,cmsis,False,new,STMicroelectronics/studiox.stm32l062-0.1.0.mcupack
studiox.stm32l062,0.1.0,STM32L062C8Ux,STM32L062C8Ux,65536,8192,cmsis,False,new,STMicroelectronics/studiox.stm32l062-0.1.0.mcupack
studiox.stm32l063,0.1.0,STM32L063C8Tx,STM32L063C8Tx,65536,8192,cmsis,False,new,STMicroelectronics/studiox.stm32l063-0.1.0.mcupack
studiox.stm32l063,0.1.0,STM32L063C8Ux,STM32L063C8Ux,65536,8192,cmsis,False,new,STMicroelectronics/studiox.stm32l063-0.1.0.mcupack
studiox.stm32l063,0.1.0,STM32L063R8Tx,STM32L063R8Tx,65536,8192,cmsis,False,new,STMicroelectronics/studiox.stm32l063-0.1.0.mcupack
studiox.stm32l071,0.1.0,STM32L071C8Tx,STM32L071C8Tx,65536,20480,cmsis,False,new,STMicroelectronics/studiox.stm32l071-0.1.0.mcupack
studiox.stm32l071,0.1.0,STM32L071C8Ux,STM32L071C8Ux,65536,20480,cmsis,False,new,STMicroelectronics/studiox.stm32l071-0.1.0.mcupack
studiox.stm32l071,0.1.0,STM32L071CBTx,STM32L071CBTx,131072,20480,cmsis,False,new,STMicroelectronics/studiox.stm32l071-0.1.0.mcupack
studiox.stm32l071,0.1.0,STM32L071CBUx,STM32L071CBUx,131072,20480,cmsis,False,new,STMicroelectronics/studiox.stm32l071-0.1.0.mcupack
studiox.stm32l071,0.1.0,STM32L071CBYx,STM32L071CBYx,131072,20480,cmsis,False,new,STMicroelectronics/studiox.stm32l071-0.1.0.mcupack
studiox.stm32l071,0.1.0,STM32L071CZTx,STM32L071CZTx,196608,20480,cmsis,False,new,STMicroelectronics/studiox.stm32l071-0.1.0.mcupack
studiox.stm32l071,0.1.0,STM32L071CZUx,STM32L071CZUx,196608,20480,cmsis,False,new,STMicroelectronics/studiox.stm32l071-0.1.0.mcupack
studiox.stm32l071,0.1.0,STM32L071CZYx,STM32L071CZYx,196608,20480,cmsis,False,new,STMicroelectronics/studiox.stm32l071-0.1.0.mcupack
studiox.stm32l071,0.1.0,STM32L071K8Ux,STM32L071K8Ux,65536,20480,cmsis,False,new,STMicroelectronics/studiox.stm32l071-0.1.0.mcupack
studiox.stm32l071,0.1.0,STM32L071KBTx,STM32L071KBTx,131072,20480,cmsis,False,new,STMicroelectronics/studiox.stm32l071-0.1.0.mcupack
studiox.stm32l071,0.1.0,STM32L071KBUx,STM32L071KBUx,131072,20480,cmsis,False,new,STMicroelectronics/studiox.stm32l071-0.1.0.mcupack
studiox.stm32l071,0.1.0,STM32L071KZTx,STM32L071KZTx,196608,20480,cmsis,False,new,STMicroelectronics/studiox.stm32l071-0.1.0.mcupack
studiox.stm32l071,0.1.0,STM32L071KZUx,STM32L071KZUx,196608,20480,cmsis,False,new,STMicroelectronics/studiox.stm32l071-0.1.0.mcupack
studiox.stm32l071,0.1.0,STM32L071RBHx,STM32L071RBHx,131072,20480,cmsis,False,new,STMicroelectronics/studiox.stm32l071-0.1.0.mcupack
studiox.stm32l071,0.1.0,STM32L071RBTx,STM32L071RBTx,131072,20480,cmsis,False,new,STMicroelectronics/studiox.stm32l071-0.1.0.mcupack
studiox.stm32l071,0.1.0,STM32L071RZHx,STM32L071RZHx,196608,20480,cmsis,False,new,STMicroelectronics/studiox.stm32l071-0.1.0.mcupack
studiox.stm32l071,0.1.0,STM32L071RZTx,STM32L071RZTx,196608,20480,cmsis,False,new,STMicroelectronics/studiox.stm32l071-0.1.0.mcupack
studiox.stm32l071,0.1.0,STM32L071V8Tx,STM32L071V8Tx,65536,20480,cmsis,False,new,STMicroelectronics/studiox.stm32l071-0.1.0.mcupack
studiox.stm32l071,0.1.0,STM32L071VBTx,STM32L071VBTx,131072,20480,cmsis,False,new,STMicroelectronics/studiox.stm32l071-0.1.0.mcupack
studiox.stm32l071,0.1.0,STM32L071VZTx,STM32L071VZTx,196608,20480,cmsis,False,new,STMicroelectronics/studiox.stm32l071-0.1.0.mcupack
studiox.stm32l072,0.1.0,STM32L072CBTx,STM32L072CBTx,131072,20480,cmsis,False,new,STMicroelectronics/studiox.stm32l072-0.1.0.mcupack
studiox.stm32l072,0.1.0,STM32L072CBUx,STM32L072CBUx,131072,20480,cmsis,False,new,STMicroelectronics/studiox.stm32l072-0.1.0.mcupack
studiox.stm32l072,0.1.0,STM32L072CBYx,STM32L072CBYx,131072,20480,cmsis,False,new,STMicroelectronics/studiox.stm32l072-0.1.0.mcupack
studiox.stm32l072,0.1.0,STM32L072CZEx,STM32L072CZEx,196608,20480,cmsis,False,new,STMicroelectronics/studiox.stm32l072-0.1.0.mcupack
studiox.stm32l072,0.1.0,STM32L072CZTx,STM32L072CZTx,196608,20480,cmsis,False,new,STMicroelectronics/studiox.stm32l072-0.1.0.mcupack
studiox.stm32l072,0.1.0,STM32L072CZUx,STM32L072CZUx,196608,20480,cmsis,False,new,STMicroelectronics/studiox.stm32l072-0.1.0.mcupack
studiox.stm32l072,0.1.0,STM32L072CZYx,STM32L072CZYx,196608,20480,cmsis,False,new,STMicroelectronics/studiox.stm32l072-0.1.0.mcupack
studiox.stm32l072,0.1.0,STM32L072KBUx,STM32L072KBUx,131072,20480,cmsis,False,new,STMicroelectronics/studiox.stm32l072-0.1.0.mcupack
studiox.stm32l072,0.1.0,STM32L072KZTx,STM32L072KZTx,196608,20480,cmsis,False,new,STMicroelectronics/studiox.stm32l072-0.1.0.mcupack
studiox.stm32l072,0.1.0,STM32L072KZUx,STM32L072KZUx,196608,20480,cmsis,False,new,STMicroelectronics/studiox.stm32l072-0.1.0.mcupack
studiox.stm32l072,0.1.0,STM32L072RBHx,STM32L072RBHx,131072,20480,cmsis,False,new,STMicroelectronics/studiox.stm32l072-0.1.0.mcupack
studiox.stm32l072,0.1.0,STM32L072RBIx,STM32L072RBIx,131072,20480,cmsis,False,new,STMicroelectronics/studiox.stm32l072-0.1.0.mcupack
studiox.stm32l072,0.1.0,STM32L072RBTx,STM32L072RBTx,131072,20480,cmsis,False,new,STMicroelectronics/studiox.stm32l072-0.1.0.mcupack
studiox.stm32l072,0.1.0,STM32L072RZIx,STM32L072RZIx,196608,20480,cmsis,False,new,STMicroelectronics/studiox.stm32l072-0.1.0.mcupack
studiox.stm32l072,0.1.0,STM32L072RZTx,STM32L072RZTx,196608,20480,cmsis,False,new,STMicroelectronics/studiox.stm32l072-0.1.0.mcupack
studiox.stm32l072,0.1.0,STM32L072RZHx,STM32L072RZHx,196608,20480,cmsis,False,new,STMicroelectronics/studiox.stm32l072-0.1.0.mcupack
studiox.stm32l072,0.1.0,STM32L072V8Ix,STM32L072V8Ix,65536,20480,cmsis,False,new,STMicroelectronics/studiox.stm32l072-0.1.0.mcupack
studiox.stm32l072,0.1.0,STM32L072V8Tx,STM32L072V8Tx,65536,20480,cmsis,False,new,STMicroelectronics/studiox.stm32l072-0.1.0.mcupack
studiox.stm32l072,0.1.0,STM32L072VBTx,STM32L072VBTx,131072,20480,cmsis,False,new,STMicroelectronics/studiox.stm32l072-0.1.0.mcupack
studiox.stm32l072,0.1.0,STM32L072VBIx,STM32L072VBIx,131072,20480,cmsis,False,new,STMicroelectronics/studiox.stm32l072-0.1.0.mcupack
studiox.stm32l072,0.1.0,STM32L072VZIx,STM32L072VZIx,196608,20480,cmsis,False,new,STMicroelectronics/studiox.stm32l072-0.1.0.mcupack
studiox.stm32l072,0.1.0,STM32L072VZTx,STM32L072VZTx,196608,20480,cmsis,False,new,STMicroelectronics/studiox.stm32l072-0.1.0.mcupack
studiox.stm32l073,0.1.0,STM32L073CBTx,STM32L073CBTx,131072,20480,cmsis,False,new,STMicroelectronics/studiox.stm32l073-0.1.0.mcupack
studiox.stm32l073,0.1.0,STM32L073CBUx,STM32L073CBUx,131072,20480,cmsis,False,new,STMicroelectronics/studiox.stm32l073-0.1.0.mcupack
studiox.stm32l073,0.1.0,STM32L073CZTx,STM32L073CZTx,196608,20480,cmsis,False,new,STMicroelectronics/studiox.stm32l073-0.1.0.mcupack
studiox.stm32l073,0.1.0,STM32L073CZUx,STM32L073CZUx,196608,20480,cmsis,False,new,STMicroelectronics/studiox.stm32l073-0.1.0.mcupack
studiox.stm32l073,0.1.0,STM32L073CZYx,STM32L073CZYx,196608,20480,cmsis,False,new,STMicroelectronics/studiox.stm32l073-0.1.0.mcupack
studiox.stm32l073,0.1.0,STM32L073RBHx,STM32L073RBHx,131072,20480,cmsis,False,new,STMicroelectronics/studiox.stm32l073-0.1.0.mcupack
studiox.stm32l073,0.1.0,STM32L073RBTx,STM32L073RBTx,131072,20480,cmsis,False,new,STMicroelectronics/studiox.stm32l073-0.1.0.mcupack
studiox.stm32l073,0.1.0,STM32L073RZHx,STM32L073RZHx,196608,20480,cmsis,False,new,STMicroelectronics/studiox.stm32l073-0.1.0.mcupack
studiox.stm32l073,0.1.0,STM32L073RZIx,STM32L073RZIx,196608,20480,cmsis,False,new,STMicroelectronics/studiox.stm32l073-0.1.0.mcupack
studiox.stm32l073,0.1.0,STM32L073RZTx,STM32L073RZTx,196608,20480,cmsis,False,new,STMicroelectronics/studiox.stm32l073-0.1.0.mcupack
studiox.stm32l073,0.1.0,STM32L073V8Tx,STM32L073V8Tx,65536,20480,cmsis,False,new,STMicroelectronics/studiox.stm32l073-0.1.0.mcupack
studiox.stm32l073,0.1.0,STM32L073VBTx,STM32L073VBTx,131072,20480,cmsis,False,new,STMicroelectronics/studiox.stm32l073-0.1.0.mcupack
studiox.stm32l073,0.1.0,STM32L073VZIx,STM32L073VZIx,196608,20480,cmsis,False,new,STMicroelectronics/studiox.stm32l073-0.1.0.mcupack
studiox.stm32l073,0.1.0,STM32L073VZTx,STM32L073VZTx,196608,20480,cmsis,False,new,STMicroelectronics/studiox.stm32l073-0.1.0.mcupack
studiox.stm32l081,0.1.0,STM32L081CBTx,STM32L081CBTx,131072,20480,cmsis,False,new,STMicroelectronics/studiox.stm32l081-0.1.0.mcupack
studiox.stm32l081,0.1.0,STM32L081CZTx,STM32L081CZTx,196608,20480,cmsis,False,new,STMicroelectronics/studiox.stm32l081-0.1.0.mcupack
studiox.stm32l081,0.1.0,STM32L081CZUx,STM32L081CZUx,196608,20480,cmsis,False,new,STMicroelectronics/studiox.stm32l081-0.1.0.mcupack
studiox.stm32l081,0.1.0,STM32L081KZTx,STM32L081KZTx,196608,20480,cmsis,False,new,STMicroelectronics/studiox.stm32l081-0.1.0.mcupack
studiox.stm32l081,0.1.0,STM32L081KZUx,STM32L081KZUx,196608,20480,cmsis,False,new,STMicroelectronics/studiox.stm32l081-0.1.0.mcupack
studiox.stm32l082,0.1.0,STM32L082KZTx,STM32L082KZTx,196608,20480,cmsis,False,new,STMicroelectronics/studiox.stm32l082-0.1.0.mcupack
studiox.stm32l082,0.1.0,STM32L082KZUx,STM32L082KZUx,196608,20480,cmsis,False,new,STMicroelectronics/studiox.stm32l082-0.1.0.mcupack
studiox.stm32l082,0.1.0,STM32L082CZYx,STM32L082CZYx,196608,20480,cmsis,False,new,STMicroelectronics/studiox.stm32l082-0.1.0.mcupack
studiox.stm32l082,0.1.0,STM32L082CZUx,STM32L082CZUx,196608,20480,cmsis,False,new,STMicroelectronics/studiox.stm32l082-0.1.0.mcupack
studiox.stm32l082,0.1.0,STM32L082KBUx,STM32L082KBUx,131072,20480,cmsis,False,new,STMicroelectronics/studiox.stm32l082-0.1.0.mcupack
studiox.stm32l083,0.1.0,STM32L083CBTx,STM32L083CBTx,131072,20480,cmsis,False,new,STMicroelectronics/studiox.stm32l083-0.1.0.mcupack
studiox.stm32l083,0.1.0,STM32L083CZTx,STM32L083CZTx,196608,20480,cmsis,False,new,STMicroelectronics/studiox.stm32l083-0.1.0.mcupack
studiox.stm32l083,0.1.0,STM32L083CZUx,STM32L083CZUx,196608,20480,cmsis,False,new,STMicroelectronics/studiox.stm32l083-0.1.0.mcupack
studiox.stm32l083,0.1.0,STM32L083RBHx,STM32L083RBHx,131072,20480,cmsis,False,new,STMicroelectronics/studiox.stm32l083-0.1.0.mcupack
studiox.stm32l083,0.1.0,STM32L083RBTx,STM32L083RBTx,131072,20480,cmsis,False,new,STMicroelectronics/studiox.stm32l083-0.1.0.mcupack
studiox.stm32l083,0.1.0,STM32L083RZHx,STM32L083RZHx,196608,20480,cmsis,False,new,STMicroelectronics/studiox.stm32l083-0.1.0.mcupack
studiox.stm32l083,0.1.0,STM32L083RZTx,STM32L083RZTx,196608,20480,cmsis,False,new,STMicroelectronics/studiox.stm32l083-0.1.0.mcupack
studiox.stm32l083,0.1.0,STM32L083V8Tx,STM32L083V8Tx,65536,327680,cmsis,False,new,STMicroelectronics/studiox.stm32l083-0.1.0.mcupack
studiox.stm32l083,0.1.0,STM32L083VBTx,STM32L083VBTx,131072,20480,cmsis,False,new,STMicroelectronics/studiox.stm32l083-0.1.0.mcupack
studiox.stm32l083,0.1.0,STM32L083VZIx,STM32L083VZIx,196608,20480,cmsis,False,new,STMicroelectronics/studiox.stm32l083-0.1.0.mcupack
studiox.stm32l083,0.1.0,STM32L083VZTx,STM32L083VZTx,196608,20480,cmsis,False,new,STMicroelectronics/studiox.stm32l083-0.1.0.mcupack
studiox.stm32l100,0.1.0,STM32L100C6,STM32L100C6,32768,4096,cmsis,False,new,STMicroelectronics/studiox.stm32l100-0.1.0.mcupack
studiox.stm32l100,0.1.0,STM32L100C6xxA,STM32L100C6xxA,32768,4096,cmsis,False,new,STMicroelectronics/studiox.stm32l100-0.1.0.mcupack
studiox.stm32l100,0.1.0,STM32L100R8,STM32L100R8,65536,8192,cmsis,False,new,STMicroelectronics/studiox.stm32l100-0.1.0.mcupack
studiox.stm32l100,0.1.0,STM32L100R8xxA,STM32L100R8xxA,65536,8192,cmsis,False,new,STMicroelectronics/studiox.stm32l100-0.1.0.mcupack
studiox.stm32l100,0.1.0,STM32L100RB,STM32L100RB,131072,10240,cmsis,False,new,STMicroelectronics/studiox.stm32l100-0.1.0.mcupack
studiox.stm32l100,0.1.0,STM32L100RBxxA,STM32L100RBxxA,131072,10240,cmsis,False,new,STMicroelectronics/studiox.stm32l100-0.1.0.mcupack
studiox.stm32l100,0.1.0,STM32L100RC,STM32L100RC,262144,16384,cmsis,False,new,STMicroelectronics/studiox.stm32l100-0.1.0.mcupack
studiox.stm32l151,0.1.0,STM32L151C6,STM32L151C6,32768,10240,cmsis,False,new,STMicroelectronics/studiox.stm32l151-0.1.0.mcupack
studiox.stm32l151,0.1.0,STM32L151C6xxA,STM32L151C6xxA,32768,16384,cmsis,False,new,STMicroelectronics/studiox.stm32l151-0.1.0.mcupack
studiox.stm32l151,0.1.0,STM32L151R6,STM32L151R6,32768,10240,cmsis,False,new,STMicroelectronics/studiox.stm32l151-0.1.0.mcupack
studiox.stm32l151,0.1.0,STM32L151R6xxA,STM32L151R6xxA,32768,16384,cmsis,False,new,STMicroelectronics/studiox.stm32l151-0.1.0.mcupack
studiox.stm32l151,0.1.0,STM32L151C8,STM32L151C8,65536,10240,cmsis,False,new,STMicroelectronics/studiox.stm32l151-0.1.0.mcupack
studiox.stm32l151,0.1.0,STM32L151C8xxA,STM32L151C8xxA,65536,32768,cmsis,False,new,STMicroelectronics/studiox.stm32l151-0.1.0.mcupack
studiox.stm32l151,0.1.0,STM32L151R8,STM32L151R8,65536,10240,cmsis,False,new,STMicroelectronics/studiox.stm32l151-0.1.0.mcupack
studiox.stm32l151,0.1.0,STM32L151R8xxA,STM32L151R8xxA,65536,32768,cmsis,False,new,STMicroelectronics/studiox.stm32l151-0.1.0.mcupack
studiox.stm32l151,0.1.0,STM32L151V8,STM32L151V8,65536,10240,cmsis,False,new,STMicroelectronics/studiox.stm32l151-0.1.0.mcupack
studiox.stm32l151,0.1.0,STM32L151V8xxA,STM32L151V8xxA,65536,32768,cmsis,False,new,STMicroelectronics/studiox.stm32l151-0.1.0.mcupack
studiox.stm32l151,0.1.0,STM32L151CB,STM32L151CB,131072,16384,cmsis,False,new,STMicroelectronics/studiox.stm32l151-0.1.0.mcupack
studiox.stm32l151,0.1.0,STM32L151CBxxA,STM32L151CBxxA,131072,32768,cmsis,False,new,STMicroelectronics/studiox.stm32l151-0.1.0.mcupack
studiox.stm32l151,0.1.0,STM32L151RB,STM32L151RB,131072,16384,cmsis,False,new,STMicroelectronics/studiox.stm32l151-0.1.0.mcupack
studiox.stm32l151,0.1.0,STM32L151RBxxA,STM32L151RBxxA,131072,32768,cmsis,False,new,STMicroelectronics/studiox.stm32l151-0.1.0.mcupack
studiox.stm32l151,0.1.0,STM32L151VB,STM32L151VB,131072,16384,cmsis,False,new,STMicroelectronics/studiox.stm32l151-0.1.0.mcupack
studiox.stm32l151,0.1.0,STM32L151VBxxA,STM32L151VBxxA,131072,32768,cmsis,False,new,STMicroelectronics/studiox.stm32l151-0.1.0.mcupack
studiox.stm32l151,0.1.0,STM32L151CC,STM32L151CC,262144,32768,cmsis,False,new,STMicroelectronics/studiox.stm32l151-0.1.0.mcupack
studiox.stm32l151,0.1.0,STM32L151QC,STM32L151QC,262144,32768,cmsis,False,new,STMicroelectronics/studiox.stm32l151-0.1.0.mcupack
studiox.stm32l151,0.1.0,STM32L151RC,STM32L151RC,262144,32768,cmsis,False,new,STMicroelectronics/studiox.stm32l151-0.1.0.mcupack
studiox.stm32l151,0.1.0,STM32L151RCxxA,STM32L151RCxxA,262144,32768,cmsis,False,new,STMicroelectronics/studiox.stm32l151-0.1.0.mcupack
studiox.stm32l151,0.1.0,STM32L151UC,STM32L151UC,262144,32768,cmsis,False,new,STMicroelectronics/studiox.stm32l151-0.1.0.mcupack
studiox.stm32l151,0.1.0,STM32L151VC,STM32L151VC,262144,32768,cmsis,False,new,STMicroelectronics/studiox.stm32l151-0.1.0.mcupack
studiox.stm32l151,0.1.0,STM32L151VCxxA,STM32L151VCxxA,262144,32768,cmsis,False,new,STMicroelectronics/studiox.stm32l151-0.1.0.mcupack
studiox.stm32l151,0.1.0,STM32L151ZC,STM32L151ZC,262144,32768,cmsis,False,new,STMicroelectronics/studiox.stm32l151-0.1.0.mcupack
studiox.stm32l151,0.1.0,STM32L151QD,STM32L151QD,393216,49152,cmsis,False,new,STMicroelectronics/studiox.stm32l151-0.1.0.mcupack
studiox.stm32l151,0.1.0,STM32L151RD,STM32L151RD,393216,49152,cmsis,False,new,STMicroelectronics/studiox.stm32l151-0.1.0.mcupack
studiox.stm32l151,0.1.0,STM32L151VD,STM32L151VD,393216,49152,cmsis,False,new,STMicroelectronics/studiox.stm32l151-0.1.0.mcupack
studiox.stm32l151,0.1.0,STM32L151VDxxX,STM32L151VDxxX,393216,49152,cmsis,False,new,STMicroelectronics/studiox.stm32l151-0.1.0.mcupack
studiox.stm32l151,0.1.0,STM32L151ZD,STM32L151ZD,393216,49152,cmsis,False,new,STMicroelectronics/studiox.stm32l151-0.1.0.mcupack
studiox.stm32l151,0.1.0,STM32L151QE,STM32L151QE,524288,81920,cmsis,False,new,STMicroelectronics/studiox.stm32l151-0.1.0.mcupack
studiox.stm32l151,0.1.0,STM32L151RE,STM32L151RE,524288,81920,cmsis,False,new,STMicroelectronics/studiox.stm32l151-0.1.0.mcupack
studiox.stm32l151,0.1.0,STM32L151VE,STM32L151VE,524288,81920,cmsis,False,new,STMicroelectronics/studiox.stm32l151-0.1.0.mcupack
studiox.stm32l151,0.1.0,STM32L151ZE,STM32L151ZE,524288,81920,cmsis,False,new,STMicroelectronics/studiox.stm32l151-0.1.0.mcupack
studiox.stm32l152,0.1.0,STM32L152C6,STM32L152C6,32768,10240,cmsis,False,new,STMicroelectronics/studiox.stm32l152-0.1.0.mcupack
studiox.stm32l152,0.1.0,STM32L152C6xxA,STM32L152C6xxA,32768,16384,cmsis,False,new,STMicroelectronics/studiox.stm32l152-0.1.0.mcupack
studiox.stm32l152,0.1.0,STM32L152R6,STM32L152R6,32768,10240,cmsis,False,new,STMicroelectronics/studiox.stm32l152-0.1.0.mcupack
studiox.stm32l152,0.1.0,STM32L152R6xxA,STM32L152R6xxA,32768,16384,cmsis,False,new,STMicroelectronics/studiox.stm32l152-0.1.0.mcupack
studiox.stm32l152,0.1.0,STM32L152C8,STM32L152C8,65536,10240,cmsis,False,new,STMicroelectronics/studiox.stm32l152-0.1.0.mcupack
studiox.stm32l152,0.1.0,STM32L152C8xxA,STM32L152C8xxA,65536,32768,cmsis,False,new,STMicroelectronics/studiox.stm32l152-0.1.0.mcupack
studiox.stm32l152,0.1.0,STM32L152R8,STM32L152R8,65536,10240,cmsis,False,new,STMicroelectronics/studiox.stm32l152-0.1.0.mcupack
studiox.stm32l152,0.1.0,STM32L152R8xxA,STM32L152R8xxA,65536,32768,cmsis,False,new,STMicroelectronics/studiox.stm32l152-0.1.0.mcupack
studiox.stm32l152,0.1.0,STM32L152V8,STM32L152V8,65536,10240,cmsis,False,new,STMicroelectronics/studiox.stm32l152-0.1.0.mcupack
studiox.stm32l152,0.1.0,STM32L152V8xxA,STM32L152V8xxA,65536,32768,cmsis,False,new,STMicroelectronics/studiox.stm32l152-0.1.0.mcupack
studiox.stm32l152,0.1.0,STM32L152CB,STM32L152CB,131072,16384,cmsis,False,new,STMicroelectronics/studiox.stm32l152-0.1.0.mcupack
studiox.stm32l152,0.1.0,STM32L152CBxxA,STM32L152CBxxA,131072,32768,cmsis,False,new,STMicroelectronics/studiox.stm32l152-0.1.0.mcupack
studiox.stm32l152,0.1.0,STM32L152RB,STM32L152RB,131072,16384,cmsis,False,new,STMicroelectronics/studiox.stm32l152-0.1.0.mcupack
studiox.stm32l152,0.1.0,STM32L152RBxxA,STM32L152RBxxA,131072,32768,cmsis,False,new,STMicroelectronics/studiox.stm32l152-0.1.0.mcupack
studiox.stm32l152,0.1.0,STM32L152VB,STM32L152VB,131072,16384,cmsis,False,new,STMicroelectronics/studiox.stm32l152-0.1.0.mcupack
studiox.stm32l152,0.1.0,STM32L152VBxxA,STM32L152VBxxA,131072,32768,cmsis,False,new,STMicroelectronics/studiox.stm32l152-0.1.0.mcupack
studiox.stm32l152,0.1.0,STM32L152CC,STM32L152CC,262144,32768,cmsis,False,new,STMicroelectronics/studiox.stm32l152-0.1.0.mcupack
studiox.stm32l152,0.1.0,STM32L152QC,STM32L152QC,262144,32768,cmsis,False,new,STMicroelectronics/studiox.stm32l152-0.1.0.mcupack
studiox.stm32l152,0.1.0,STM32L152RC,STM32L152RC,262144,32768,cmsis,False,new,STMicroelectronics/studiox.stm32l152-0.1.0.mcupack
studiox.stm32l152,0.1.0,STM32L152RCxxA,STM32L152RCxxA,262144,32768,cmsis,False,new,STMicroelectronics/studiox.stm32l152-0.1.0.mcupack
studiox.stm32l152,0.1.0,STM32L152UC,STM32L152UC,262144,32768,cmsis,False,new,STMicroelectronics/studiox.stm32l152-0.1.0.mcupack
studiox.stm32l152,0.1.0,STM32L152VC,STM32L152VC,262144,32768,cmsis,False,new,STMicroelectronics/studiox.stm32l152-0.1.0.mcupack
studiox.stm32l152,0.1.0,STM32L152VCxxA,STM32L152VCxxA,262144,32768,cmsis,False,new,STMicroelectronics/studiox.stm32l152-0.1.0.mcupack
studiox.stm32l152,0.1.0,STM32L152ZC,STM32L152ZC,262144,32768,cmsis,False,new,STMicroelectronics/studiox.stm32l152-0.1.0.mcupack
studiox.stm32l152,0.1.0,STM32L152QD,STM32L152QD,393216,49152,cmsis,False,new,STMicroelectronics/studiox.stm32l152-0.1.0.mcupack
studiox.stm32l152,0.1.0,STM32L152RD,STM32L152RD,393216,49152,cmsis,False,new,STMicroelectronics/studiox.stm32l152-0.1.0.mcupack
studiox.stm32l152,0.1.0,STM32L152VD,STM32L152VD,393216,49152,cmsis,False,new,STMicroelectronics/studiox.stm32l152-0.1.0.mcupack
studiox.stm32l152,0.1.0,STM32L152VDxxX,STM32L152VDxxX,393216,49152,cmsis,False,new,STMicroelectronics/studiox.stm32l152-0.1.0.mcupack
studiox.stm32l152,0.1.0,STM32L152ZD,STM32L152ZD,393216,49152,cmsis,False,new,STMicroelectronics/studiox.stm32l152-0.1.0.mcupack
studiox.stm32l152,0.1.0,STM32L152QE,STM32L152QE,524288,81920,cmsis,False,new,STMicroelectronics/studiox.stm32l152-0.1.0.mcupack
studiox.stm32l152,0.1.0,STM32L152RE,STM32L152RE,524288,81920,cmsis,False,new,STMicroelectronics/studiox.stm32l152-0.1.0.mcupack
studiox.stm32l152,0.1.0,STM32L152VE,STM32L152VE,524288,81920,cmsis,False,new,STMicroelectronics/studiox.stm32l152-0.1.0.mcupack
studiox.stm32l152,0.1.0,STM32L152ZE,STM32L152ZE,524288,81920,cmsis,False,new,STMicroelectronics/studiox.stm32l152-0.1.0.mcupack
studiox.stm32l162,0.1.0,STM32L162QC,STM32L162QC,262144,32768,cmsis,False,new,STMicroelectronics/studiox.stm32l162-0.1.0.mcupack
studiox.stm32l162,0.1.0,STM32L162RC,STM32L162RC,262144,32768,cmsis,False,new,STMicroelectronics/studiox.stm32l162-0.1.0.mcupack
studiox.stm32l162,0.1.0,STM32L162RCxxA,STM32L162RCxxA,262144,32768,cmsis,False,new,STMicroelectronics/studiox.stm32l162-0.1.0.mcupack
studiox.stm32l162,0.1.0,STM32L162VC,STM32L162VC,262144,32768,cmsis,False,new,STMicroelectronics/studiox.stm32l162-0.1.0.mcupack
studiox.stm32l162,0.1.0,STM32L162VCxxA,STM32L162VCxxA,262144,32768,cmsis,False,new,STMicroelectronics/studiox.stm32l162-0.1.0.mcupack
studiox.stm32l162,0.1.0,STM32L162ZC,STM32L162ZC,262144,32768,cmsis,False,new,STMicroelectronics/studiox.stm32l162-0.1.0.mcupack
studiox.stm32l162,0.1.0,STM32L162QD,STM32L162QD,393216,49152,cmsis,False,new,STMicroelectronics/studiox.stm32l162-0.1.0.mcupack
studiox.stm32l162,0.1.0,STM32L162RD,STM32L162RD,393216,49152,cmsis,False,new,STMicroelectronics/studiox.stm32l162-0.1.0.mcupack
studiox.stm32l162,0.1.0,STM32L162VD,STM32L162VD,393216,49152,cmsis,False,new,STMicroelectronics/studiox.stm32l162-0.1.0.mcupack
studiox.stm32l162,0.1.0,STM32L162VDxxX,STM32L162VDxxX,393216,49152,cmsis,False,new,STMicroelectronics/studiox.stm32l162-0.1.0.mcupack
studiox.stm32l162,0.1.0,STM32L162ZD,STM32L162ZD,393216,49152,cmsis,False,new,STMicroelectronics/studiox.stm32l162-0.1.0.mcupack
studiox.stm32l162,0.1.0,STM32L162RE,STM32L162RE,524288,81920,cmsis,False,new,STMicroelectronics/studiox.stm32l162-0.1.0.mcupack
studiox.stm32l162,0.1.0,STM32L162VE,STM32L162VE,524288,81920,cmsis,False,new,STMicroelectronics/studiox.stm32l162-0.1.0.mcupack
studiox.stm32l162,0.1.0,STM32L162ZE,STM32L162ZE,524288,81920,cmsis,False,new,STMicroelectronics/studiox.stm32l162-0.1.0.mcupack
studiox.stm32l412,0.1.0,STM32L412C8Tx,STM32L412C8Tx,65536,32768,cmsis,False,new,STMicroelectronics/studiox.stm32l412-0.1.0.mcupack
studiox.stm32l412,0.1.0,STM32L412C8Ux,STM32L412C8Ux,65536,32768,cmsis,False,new,STMicroelectronics/studiox.stm32l412-0.1.0.mcupack
studiox.stm32l412,0.1.0,STM32L412K8Tx,STM32L412K8Tx,65536,32768,cmsis,False,new,STMicroelectronics/studiox.stm32l412-0.1.0.mcupack
studiox.stm32l412,0.1.0,STM32L412K8Ux,STM32L412K8Ux,65536,32768,cmsis,False,new,STMicroelectronics/studiox.stm32l412-0.1.0.mcupack
studiox.stm32l412,0.1.0,STM32L412R8Tx,STM32L412R8Tx,65536,32768,cmsis,False,new,STMicroelectronics/studiox.stm32l412-0.1.0.mcupack
studiox.stm32l412,0.1.0,STM32L412R8Ix,STM32L412R8Ix,65536,32768,cmsis,False,new,STMicroelectronics/studiox.stm32l412-0.1.0.mcupack
studiox.stm32l412,0.1.0,STM32L412T8Yx,STM32L412T8Yx,65536,32768,cmsis,False,new,STMicroelectronics/studiox.stm32l412-0.1.0.mcupack
studiox.stm32l412,0.1.0,STM32L412CBTx,STM32L412CBTx,131072,32768,cmsis,False,new,STMicroelectronics/studiox.stm32l412-0.1.0.mcupack
studiox.stm32l412,0.1.0,STM32L412CBTxP,STM32L412CBTxP,131072,32768,cmsis,False,new,STMicroelectronics/studiox.stm32l412-0.1.0.mcupack
studiox.stm32l412,0.1.0,STM32L412CBUx,STM32L412CBUx,131072,32768,cmsis,False,new,STMicroelectronics/studiox.stm32l412-0.1.0.mcupack
studiox.stm32l412,0.1.0,STM32L412CBUxP,STM32L412CBUxP,131072,32768,cmsis,False,new,STMicroelectronics/studiox.stm32l412-0.1.0.mcupack
studiox.stm32l412,0.1.0,STM32L412KBTx,STM32L412KBTx,131072,32768,cmsis,False,new,STMicroelectronics/studiox.stm32l412-0.1.0.mcupack
studiox.stm32l412,0.1.0,STM32L412KBUx,STM32L412KBUx,131072,32768,cmsis,False,new,STMicroelectronics/studiox.stm32l412-0.1.0.mcupack
studiox.stm32l412,0.1.0,STM32L412RBTx,STM32L412RBTx,131072,32768,cmsis,False,new,STMicroelectronics/studiox.stm32l412-0.1.0.mcupack
studiox.stm32l412,0.1.0,STM32L412RBTxP,STM32L412RBTxP,131072,32768,cmsis,False,new,STMicroelectronics/studiox.stm32l412-0.1.0.mcupack
studiox.stm32l412,0.1.0,STM32L412RBIx,STM32L412RBIx,131072,32768,cmsis,False,new,STMicroelectronics/studiox.stm32l412-0.1.0.mcupack
studiox.stm32l412,0.1.0,STM32L412RBIxP,STM32L412RBIxP,131072,32768,cmsis,False,new,STMicroelectronics/studiox.stm32l412-0.1.0.mcupack
studiox.stm32l412,0.1.0,STM32L412TBYx,STM32L412TBYx,131072,32768,cmsis,False,new,STMicroelectronics/studiox.stm32l412-0.1.0.mcupack
studiox.stm32l412,0.1.0,STM32L412TBYxP,STM32L412TBYxP,131072,32768,cmsis,False,new,STMicroelectronics/studiox.stm32l412-0.1.0.mcupack
studiox.stm32l422,0.1.0,STM32L422CBTx,STM32L422CBTx,131072,32768,cmsis,False,new,STMicroelectronics/studiox.stm32l422-0.1.0.mcupack
studiox.stm32l422,0.1.0,STM32L422CBUx,STM32L422CBUx,131072,32768,cmsis,False,new,STMicroelectronics/studiox.stm32l422-0.1.0.mcupack
studiox.stm32l422,0.1.0,STM32L422KBTx,STM32L422KBTx,131072,32768,cmsis,False,new,STMicroelectronics/studiox.stm32l422-0.1.0.mcupack
studiox.stm32l422,0.1.0,STM32L422KBUx,STM32L422KBUx,131072,32768,cmsis,False,new,STMicroelectronics/studiox.stm32l422-0.1.0.mcupack
studiox.stm32l422,0.1.0,STM32L422RBIx,STM32L422RBIx,131072,32768,cmsis,False,new,STMicroelectronics/studiox.stm32l422-0.1.0.mcupack
studiox.stm32l422,0.1.0,STM32L422RBTx,STM32L422RBTx,131072,32768,cmsis,False,new,STMicroelectronics/studiox.stm32l422-0.1.0.mcupack
studiox.stm32l422,0.1.0,STM32L422TBYx,STM32L422TBYx,131072,32768,cmsis,False,new,STMicroelectronics/studiox.stm32l422-0.1.0.mcupack
studiox.stm32l431,0.1.0,STM32L431CCTx,STM32L431CCTx,262144,49152,cmsis,False,new,STMicroelectronics/studiox.stm32l431-0.1.0.mcupack
studiox.stm32l431,0.1.0,STM32L431CCUx,STM32L431CCUx,262144,49152,cmsis,False,new,STMicroelectronics/studiox.stm32l431-0.1.0.mcupack
studiox.stm32l431,0.1.0,STM32L431CCYx,STM32L431CCYx,262144,49152,cmsis,False,new,STMicroelectronics/studiox.stm32l431-0.1.0.mcupack
studiox.stm32l431,0.1.0,STM32L431KCUx,STM32L431KCUx,262144,49152,cmsis,False,new,STMicroelectronics/studiox.stm32l431-0.1.0.mcupack
studiox.stm32l431,0.1.0,STM32L431RCTx,STM32L431RCTx,262144,49152,cmsis,False,new,STMicroelectronics/studiox.stm32l431-0.1.0.mcupack
studiox.stm32l431,0.1.0,STM32L431RCYx,STM32L431RCYx,262144,49152,cmsis,False,new,STMicroelectronics/studiox.stm32l431-0.1.0.mcupack
studiox.stm32l431,0.1.0,STM32L431RCIx,STM32L431RCIx,262144,49152,cmsis,False,new,STMicroelectronics/studiox.stm32l431-0.1.0.mcupack
studiox.stm32l431,0.1.0,STM32L431VCTx,STM32L431VCTx,262144,49152,cmsis,False,new,STMicroelectronics/studiox.stm32l431-0.1.0.mcupack
studiox.stm32l431,0.1.0,STM32L431VCIx,STM32L431VCIx,262144,49152,cmsis,False,new,STMicroelectronics/studiox.stm32l431-0.1.0.mcupack
studiox.stm32l431,0.1.0,STM32L431CBTx,STM32L431CBTx,131072,49152,cmsis,False,new,STMicroelectronics/studiox.stm32l431-0.1.0.mcupack
studiox.stm32l431,0.1.0,STM32L431CBUx,STM32L431CBUx,131072,49152,cmsis,False,new,STMicroelectronics/studiox.stm32l431-0.1.0.mcupack
studiox.stm32l431,0.1.0,STM32L431CBYx,STM32L431CBYx,131072,49152,cmsis,False,new,STMicroelectronics/studiox.stm32l431-0.1.0.mcupack
studiox.stm32l431,0.1.0,STM32L431KBUx,STM32L431KBUx,131072,49152,cmsis,False,new,STMicroelectronics/studiox.stm32l431-0.1.0.mcupack
studiox.stm32l431,0.1.0,STM32L431RBTx,STM32L431RBTx,131072,49152,cmsis,False,new,STMicroelectronics/studiox.stm32l431-0.1.0.mcupack
studiox.stm32l431,0.1.0,STM32L431RBYx,STM32L431RBYx,131072,49152,cmsis,False,new,STMicroelectronics/studiox.stm32l431-0.1.0.mcupack
studiox.stm32l431,0.1.0,STM32L431RBIx,STM32L431RBIx,131072,49152,cmsis,False,new,STMicroelectronics/studiox.stm32l431-0.1.0.mcupack
studiox.stm32l432,0.1.0,STM32L432KCUx,STM32L432KCUx,262144,49152,cmsis,False,new,STMicroelectronics/studiox.stm32l432-0.1.0.mcupack
studiox.stm32l432,0.1.0,STM32L432KBUx,STM32L432KBUx,131072,49152,cmsis,False,new,STMicroelectronics/studiox.stm32l432-0.1.0.mcupack
studiox.stm32l433,0.1.0,STM32L433CCTx,STM32L433CCTx,262144,49152,cmsis,False,new,STMicroelectronics/studiox.stm32l433-0.1.0.mcupack
studiox.stm32l433,0.1.0,STM32L433CCUx,STM32L433CCUx,262144,49152,cmsis,False,new,STMicroelectronics/studiox.stm32l433-0.1.0.mcupack
studiox.stm32l433,0.1.0,STM32L433CCYx,STM32L433CCYx,262144,49152,cmsis,False,new,STMicroelectronics/studiox.stm32l433-0.1.0.mcupack
studiox.stm32l433,0.1.0,STM32L433RCIx,STM32L433RCIx,262144,49152,cmsis,False,new,STMicroelectronics/studiox.stm32l433-0.1.0.mcupack
studiox.stm32l433,0.1.0,STM32L433RCTx,STM32L433RCTx,262144,49152,cmsis,False,new,STMicroelectronics/studiox.stm32l433-0.1.0.mcupack
studiox.stm32l433,0.1.0,STM32L433RCTxP,STM32L433RCTxP,262144,49152,cmsis,False,new,STMicroelectronics/studiox.stm32l433-0.1.0.mcupack
studiox.stm32l433,0.1.0,STM32L433RCYx,STM32L433RCYx,262144,49152,cmsis,False,new,STMicroelectronics/studiox.stm32l433-0.1.0.mcupack
studiox.stm32l433,0.1.0,STM32L433VCTx,STM32L433VCTx,262144,49152,cmsis,False,new,STMicroelectronics/studiox.stm32l433-0.1.0.mcupack
studiox.stm32l433,0.1.0,STM32L433VCIx,STM32L433VCIx,262144,49152,cmsis,False,new,STMicroelectronics/studiox.stm32l433-0.1.0.mcupack
studiox.stm32l433,0.1.0,STM32L433CBTx,STM32L433CBTx,131072,49152,cmsis,False,new,STMicroelectronics/studiox.stm32l433-0.1.0.mcupack
studiox.stm32l433,0.1.0,STM32L433CBUx,STM32L433CBUx,131072,49152,cmsis,False,new,STMicroelectronics/studiox.stm32l433-0.1.0.mcupack
studiox.stm32l433,0.1.0,STM32L433CBYx,STM32L433CBYx,131072,49152,cmsis,False,new,STMicroelectronics/studiox.stm32l433-0.1.0.mcupack
studiox.stm32l433,0.1.0,STM32L433RBTx,STM32L433RBTx,131072,49152,cmsis,False,new,STMicroelectronics/studiox.stm32l433-0.1.0.mcupack
studiox.stm32l433,0.1.0,STM32L433RBYx,STM32L433RBYx,131072,49152,cmsis,False,new,STMicroelectronics/studiox.stm32l433-0.1.0.mcupack
studiox.stm32l433,0.1.0,STM32L433RBIx,STM32L433RBIx,131072,49152,cmsis,False,new,STMicroelectronics/studiox.stm32l433-0.1.0.mcupack
studiox.stm32l442,0.1.0,STM32L442KCUx,STM32L442KCUx,262144,49152,cmsis,False,new,STMicroelectronics/studiox.stm32l442-0.1.0.mcupack
studiox.stm32l443,0.1.0,STM32L443CCTx,STM32L443CCTx,262144,49152,cmsis,False,new,STMicroelectronics/studiox.stm32l443-0.1.0.mcupack
studiox.stm32l443,0.1.0,STM32L443CCUx,STM32L443CCUx,262144,49152,cmsis,False,new,STMicroelectronics/studiox.stm32l443-0.1.0.mcupack
studiox.stm32l443,0.1.0,STM32L443CCYx,STM32L443CCYx,262144,49152,cmsis,False,new,STMicroelectronics/studiox.stm32l443-0.1.0.mcupack
studiox.stm32l443,0.1.0,STM32L443CCFx,STM32L443CCFx,262144,49152,cmsis,False,new,STMicroelectronics/studiox.stm32l443-0.1.0.mcupack
studiox.stm32l443,0.1.0,STM32L443RCTx,STM32L443RCTx,262144,49152,cmsis,False,new,STMicroelectronics/studiox.stm32l443-0.1.0.mcupack
studiox.stm32l443,0.1.0,STM32L443RCYx,STM32L443RCYx,262144,49152,cmsis,False,new,STMicroelectronics/studiox.stm32l443-0.1.0.mcupack
studiox.stm32l443,0.1.0,STM32L443RCIx,STM32L443RCIx,262144,49152,cmsis,False,new,STMicroelectronics/studiox.stm32l443-0.1.0.mcupack
studiox.stm32l443,0.1.0,STM32L443VCTx,STM32L443VCTx,262144,49152,cmsis,False,new,STMicroelectronics/studiox.stm32l443-0.1.0.mcupack
studiox.stm32l443,0.1.0,STM32L443VCIx,STM32L443VCIx,262144,49152,cmsis,False,new,STMicroelectronics/studiox.stm32l443-0.1.0.mcupack
studiox.stm32l451,0.1.0,STM32L451RETx,STM32L451RETx,524288,131072,cmsis,False,new,STMicroelectronics/studiox.stm32l451-0.1.0.mcupack
studiox.stm32l451,0.1.0,STM32L451REYx,STM32L451REYx,524288,131072,cmsis,False,new,STMicroelectronics/studiox.stm32l451-0.1.0.mcupack
studiox.stm32l451,0.1.0,STM32L451REIx,STM32L451REIx,524288,131072,cmsis,False,new,STMicroelectronics/studiox.stm32l451-0.1.0.mcupack
studiox.stm32l451,0.1.0,STM32L451CEUx,STM32L451CEUx,524288,131072,cmsis,False,new,STMicroelectronics/studiox.stm32l451-0.1.0.mcupack
studiox.stm32l451,0.1.0,STM32L451CETx,STM32L451CETx,524288,131072,cmsis,False,new,STMicroelectronics/studiox.stm32l451-0.1.0.mcupack
studiox.stm32l451,0.1.0,STM32L451VETx,STM32L451VETx,524288,131072,cmsis,False,new,STMicroelectronics/studiox.stm32l451-0.1.0.mcupack
studiox.stm32l451,0.1.0,STM32L451VEIx,STM32L451VEIx,524288,131072,cmsis,False,new,STMicroelectronics/studiox.stm32l451-0.1.0.mcupack
studiox.stm32l451,0.1.0,STM32L451RCTx,STM32L451RCTx,262144,131072,cmsis,False,new,STMicroelectronics/studiox.stm32l451-0.1.0.mcupack
studiox.stm32l451,0.1.0,STM32L451RCIx,STM32L451RCIx,262144,131072,cmsis,False,new,STMicroelectronics/studiox.stm32l451-0.1.0.mcupack
studiox.stm32l451,0.1.0,STM32L451CCUx,STM32L451CCUx,262144,131072,cmsis,False,new,STMicroelectronics/studiox.stm32l451-0.1.0.mcupack
studiox.stm32l451,0.1.0,STM32L451VCTx,STM32L451VCTx,262144,131072,cmsis,False,new,STMicroelectronics/studiox.stm32l451-0.1.0.mcupack
studiox.stm32l451,0.1.0,STM32L451VCIx,STM32L451VCIx,262144,131072,cmsis,False,new,STMicroelectronics/studiox.stm32l451-0.1.0.mcupack
studiox.stm32l452,0.1.0,STM32L452RETx,STM32L452RETx,524288,131072,cmsis,False,new,STMicroelectronics/studiox.stm32l452-0.1.0.mcupack
studiox.stm32l452,0.1.0,STM32L452RETxP,STM32L452RETxP,524288,131072,cmsis,False,new,STMicroelectronics/studiox.stm32l452-0.1.0.mcupack
studiox.stm32l452,0.1.0,STM32L452REYx,STM32L452REYx,524288,131072,cmsis,False,new,STMicroelectronics/studiox.stm32l452-0.1.0.mcupack
studiox.stm32l452,0.1.0,STM32L452REYxP,STM32L452REYxP,524288,131072,cmsis,False,new,STMicroelectronics/studiox.stm32l452-0.1.0.mcupack
studiox.stm32l452,0.1.0,STM32L452REIx,STM32L452REIx,524288,131072,cmsis,False,new,STMicroelectronics/studiox.stm32l452-0.1.0.mcupack
studiox.stm32l452,0.1.0,STM32L452CEUx,STM32L452CEUx,524288,131072,cmsis,False,new,STMicroelectronics/studiox.stm32l452-0.1.0.mcupack
studiox.stm32l452,0.1.0,STM32L452CETx,STM32L452CETx,524288,131072,cmsis,False,new,STMicroelectronics/studiox.stm32l452-0.1.0.mcupack
studiox.stm32l452,0.1.0,STM32L452CETxP,STM32L452CETxP,524288,131072,cmsis,False,new,STMicroelectronics/studiox.stm32l452-0.1.0.mcupack
studiox.stm32l452,0.1.0,STM32L452VETx,STM32L452VETx,524288,131072,cmsis,False,new,STMicroelectronics/studiox.stm32l452-0.1.0.mcupack
studiox.stm32l452,0.1.0,STM32L452VEIx,STM32L452VEIx,524288,131072,cmsis,False,new,STMicroelectronics/studiox.stm32l452-0.1.0.mcupack
studiox.stm32l452,0.1.0,STM32L452RCTx,STM32L452RCTx,262144,131072,cmsis,False,new,STMicroelectronics/studiox.stm32l452-0.1.0.mcupack
studiox.stm32l452,0.1.0,STM32L452RCIx,STM32L452RCIx,262144,131072,cmsis,False,new,STMicroelectronics/studiox.stm32l452-0.1.0.mcupack
studiox.stm32l452,0.1.0,STM32L452CCUx,STM32L452CCUx,262144,131072,cmsis,False,new,STMicroelectronics/studiox.stm32l452-0.1.0.mcupack
studiox.stm32l452,0.1.0,STM32L452VCTx,STM32L452VCTx,262144,131072,cmsis,False,new,STMicroelectronics/studiox.stm32l452-0.1.0.mcupack
studiox.stm32l452,0.1.0,STM32L452VCIx,STM32L452VCIx,262144,131072,cmsis,False,new,STMicroelectronics/studiox.stm32l452-0.1.0.mcupack
studiox.stm32l462,0.1.0,STM32L462RETx,STM32L462RETx,524288,131072,cmsis,False,new,STMicroelectronics/studiox.stm32l462-0.1.0.mcupack
studiox.stm32l462,0.1.0,STM32L462REYx,STM32L462REYx,524288,131072,cmsis,False,new,STMicroelectronics/studiox.stm32l462-0.1.0.mcupack
studiox.stm32l462,0.1.0,STM32L462REIx,STM32L462REIx,524288,131072,cmsis,False,new,STMicroelectronics/studiox.stm32l462-0.1.0.mcupack
studiox.stm32l462,0.1.0,STM32L462CEUx,STM32L462CEUx,524288,131072,cmsis,False,new,STMicroelectronics/studiox.stm32l462-0.1.0.mcupack
studiox.stm32l462,0.1.0,STM32L462CETx,STM32L462CETx,524288,131072,cmsis,False,new,STMicroelectronics/studiox.stm32l462-0.1.0.mcupack
studiox.stm32l462,0.1.0,STM32L462VETx,STM32L462VETx,524288,131072,cmsis,False,new,STMicroelectronics/studiox.stm32l462-0.1.0.mcupack
studiox.stm32l462,0.1.0,STM32L462VEIx,STM32L462VEIx,524288,131072,cmsis,False,new,STMicroelectronics/studiox.stm32l462-0.1.0.mcupack
studiox.stm32l471,0.1.0,STM32L471RETx,STM32L471RETx,524288,98304,cmsis,False,new,STMicroelectronics/studiox.stm32l471-0.1.0.mcupack
studiox.stm32l471,0.1.0,STM32L471VETx,STM32L471VETx,524288,98304,cmsis,False,new,STMicroelectronics/studiox.stm32l471-0.1.0.mcupack
studiox.stm32l471,0.1.0,STM32L471QEIx,STM32L471QEIx,524288,98304,cmsis,False,new,STMicroelectronics/studiox.stm32l471-0.1.0.mcupack
studiox.stm32l471,0.1.0,STM32L471ZETx,STM32L471ZETx,524288,98304,cmsis,False,new,STMicroelectronics/studiox.stm32l471-0.1.0.mcupack
studiox.stm32l471,0.1.0,STM32L471ZEJx,STM32L471ZEJx,524288,98304,cmsis,False,new,STMicroelectronics/studiox.stm32l471-0.1.0.mcupack
studiox.stm32l471,0.1.0,STM32L471RGTx,STM32L471RGTx,1048576,98304,cmsis,False,new,STMicroelectronics/studiox.stm32l471-0.1.0.mcupack
studiox.stm32l471,0.1.0,STM32L471VGTx,STM32L471VGTx,1048576,98304,cmsis,False,new,STMicroelectronics/studiox.stm32l471-0.1.0.mcupack
studiox.stm32l471,0.1.0,STM32L471QGIx,STM32L471QGIx,1048576,98304,cmsis,False,new,STMicroelectronics/studiox.stm32l471-0.1.0.mcupack
studiox.stm32l471,0.1.0,STM32L471ZGTx,STM32L471ZGTx,1048576,98304,cmsis,False,new,STMicroelectronics/studiox.stm32l471-0.1.0.mcupack
studiox.stm32l471,0.1.0,STM32L471ZGJx,STM32L471ZGJx,524288,98304,cmsis,False,new,STMicroelectronics/studiox.stm32l471-0.1.0.mcupack
studiox.stm32l475,0.1.0,STM32L475RCTx,STM32L475RCTx,262144,98304,cmsis,False,new,STMicroelectronics/studiox.stm32l475-0.1.0.mcupack
studiox.stm32l475,0.1.0,STM32L475VCTx,STM32L475VCTx,262144,98304,cmsis,False,new,STMicroelectronics/studiox.stm32l475-0.1.0.mcupack
studiox.stm32l475,0.1.0,STM32L475RETx,STM32L475RETx,524288,98304,cmsis,False,new,STMicroelectronics/studiox.stm32l475-0.1.0.mcupack
studiox.stm32l475,0.1.0,STM32L475VETx,STM32L475VETx,524288,98304,cmsis,False,new,STMicroelectronics/studiox.stm32l475-0.1.0.mcupack
studiox.stm32l475,0.1.0,STM32L475RGTx,STM32L475RGTx,1048576,98304,cmsis,False,new,STMicroelectronics/studiox.stm32l475-0.1.0.mcupack
studiox.stm32l475,0.1.0,STM32L475VGTx,STM32L475VGTx,1048576,98304,cmsis,False,new,STMicroelectronics/studiox.stm32l475-0.1.0.mcupack
studiox.stm32l476,0.1.0,STM32L476RCTx,STM32L476RCTx,262144,98304,cmsis,False,new,STMicroelectronics/studiox.stm32l476-0.1.0.mcupack
studiox.stm32l476,0.1.0,STM32L476VCTx,STM32L476VCTx,262144,98304,cmsis,False,new,STMicroelectronics/studiox.stm32l476-0.1.0.mcupack
studiox.stm32l476,0.1.0,STM32L476RETx,STM32L476RETx,524288,98304,cmsis,False,new,STMicroelectronics/studiox.stm32l476-0.1.0.mcupack
studiox.stm32l476,0.1.0,STM32L476JEYx,STM32L476JEYx,524288,98304,cmsis,False,new,STMicroelectronics/studiox.stm32l476-0.1.0.mcupack
studiox.stm32l476,0.1.0,STM32L476MEYx,STM32L476MEYx,524288,98304,cmsis,False,new,STMicroelectronics/studiox.stm32l476-0.1.0.mcupack
studiox.stm32l476,0.1.0,STM32L476VETx,STM32L476VETx,524288,98304,cmsis,False,new,STMicroelectronics/studiox.stm32l476-0.1.0.mcupack
studiox.stm32l476,0.1.0,STM32L476QEIx,STM32L476QEIx,524288,98304,cmsis,False,new,STMicroelectronics/studiox.stm32l476-0.1.0.mcupack
studiox.stm32l476,0.1.0,STM32L476ZETx,STM32L476ZETx,524288,98304,cmsis,False,new,STMicroelectronics/studiox.stm32l476-0.1.0.mcupack
studiox.stm32l476,0.1.0,STM32L476RGTx,STM32L476RGTx,1048576,98304,cmsis,False,new,STMicroelectronics/studiox.stm32l476-0.1.0.mcupack
studiox.stm32l476,0.1.0,STM32L476ZGTx,STM32L476ZGTx,1048576,98304,cmsis,False,new,STMicroelectronics/studiox.stm32l476-0.1.0.mcupack
studiox.stm32l476,0.1.0,STM32L476ZGTxP,STM32L476ZGTxP,262144,98304,cmsis,False,new,STMicroelectronics/studiox.stm32l476-0.1.0.mcupack
studiox.stm32l476,0.1.0,STM32L476JGYx,STM32L476JGYx,1048576,98304,cmsis,False,new,STMicroelectronics/studiox.stm32l476-0.1.0.mcupack
studiox.stm32l476,0.1.0,STM32L476JGYxP,STM32L476JGYxP,1048576,98304,cmsis,False,new,STMicroelectronics/studiox.stm32l476-0.1.0.mcupack
studiox.stm32l476,0.1.0,STM32L476MGYx,STM32L476MGYx,1048576,98304,cmsis,False,new,STMicroelectronics/studiox.stm32l476-0.1.0.mcupack
studiox.stm32l476,0.1.0,STM32L476VGTx,STM32L476VGTx,1048576,98304,cmsis,False,new,STMicroelectronics/studiox.stm32l476-0.1.0.mcupack
studiox.stm32l476,0.1.0,STM32L476QGIxP,STM32L476QGIxP,1048576,98304,cmsis,False,new,STMicroelectronics/studiox.stm32l476-0.1.0.mcupack
studiox.stm32l476,0.1.0,STM32L476QGIx,STM32L476QGIx,1048576,98304,cmsis,False,new,STMicroelectronics/studiox.stm32l476-0.1.0.mcupack
studiox.stm32l476,0.1.0,STM32L476ZGJx,STM32L476ZGJx,1048576,98304,cmsis,False,new,STMicroelectronics/studiox.stm32l476-0.1.0.mcupack
studiox.stm32l486,0.1.0,STM32L486RGTx,STM32L486RGTx,1048576,98304,cmsis,False,new,STMicroelectronics/studiox.stm32l486-0.1.0.mcupack
studiox.stm32l486,0.1.0,STM32L486JGYx,STM32L486JGYx,1048576,98304,cmsis,False,new,STMicroelectronics/studiox.stm32l486-0.1.0.mcupack
studiox.stm32l486,0.1.0,STM32L486VGTx,STM32L486VGTx,1048576,98304,cmsis,False,new,STMicroelectronics/studiox.stm32l486-0.1.0.mcupack
studiox.stm32l486,0.1.0,STM32L486QGIx,STM32L486QGIx,1048576,98304,cmsis,False,new,STMicroelectronics/studiox.stm32l486-0.1.0.mcupack
studiox.stm32l486,0.1.0,STM32L486ZGTx,STM32L486ZGTx,1048576,98304,cmsis,False,new,STMicroelectronics/studiox.stm32l486-0.1.0.mcupack
studiox.stm32l496,0.1.0,STM32L496RGTx,STM32L496RGTx,1048576,262144,cmsis,False,new,STMicroelectronics/studiox.stm32l496-0.1.0.mcupack
studiox.stm32l496,0.1.0,STM32L496RGTxP,STM32L496RGTxP,1048576,262144,cmsis,False,new,STMicroelectronics/studiox.stm32l496-0.1.0.mcupack
studiox.stm32l496,0.1.0,STM32L496VGTx,STM32L496VGTx,1048576,262144,cmsis,False,new,STMicroelectronics/studiox.stm32l496-0.1.0.mcupack
studiox.stm32l496,0.1.0,STM32L496VGTxP,STM32L496VGTxP,1048576,262144,cmsis,False,new,STMicroelectronics/studiox.stm32l496-0.1.0.mcupack
studiox.stm32l496,0.1.0,STM32L496VGYx,STM32L496VGYx,1048576,262144,cmsis,False,new,STMicroelectronics/studiox.stm32l496-0.1.0.mcupack
studiox.stm32l496,0.1.0,STM32L496VGYxP,STM32L496VGYxP,1048576,262144,cmsis,False,new,STMicroelectronics/studiox.stm32l496-0.1.0.mcupack
studiox.stm32l496,0.1.0,STM32L496WGYxP,STM32L496WGYxP,1048576,262144,cmsis,False,new,STMicroelectronics/studiox.stm32l496-0.1.0.mcupack
studiox.stm32l496,0.1.0,STM32L496QGIx,STM32L496QGIx,1048576,262144,cmsis,False,new,STMicroelectronics/studiox.stm32l496-0.1.0.mcupack
studiox.stm32l496,0.1.0,STM32L496QGIxS,STM32L496QGIxS,1048576,262144,cmsis,False,new,STMicroelectronics/studiox.stm32l496-0.1.0.mcupack
studiox.stm32l496,0.1.0,STM32L496QGIxP,STM32L496QGIxP,1048576,262144,cmsis,False,new,STMicroelectronics/studiox.stm32l496-0.1.0.mcupack
studiox.stm32l496,0.1.0,STM32L496ZGTx,STM32L496ZGTx,1048576,262144,cmsis,False,new,STMicroelectronics/studiox.stm32l496-0.1.0.mcupack
studiox.stm32l496,0.1.0,STM32L496ZGTxP,STM32L496ZGTxP,1048576,262144,cmsis,False,new,STMicroelectronics/studiox.stm32l496-0.1.0.mcupack
studiox.stm32l496,0.1.0,STM32L496AGIx,STM32L496AGIx,1048576,262144,cmsis,False,new,STMicroelectronics/studiox.stm32l496-0.1.0.mcupack
studiox.stm32l496,0.1.0,STM32L496AGIxP,STM32L496AGIxP,1048576,262144,cmsis,False,new,STMicroelectronics/studiox.stm32l496-0.1.0.mcupack
studiox.stm32l496,0.1.0,STM32L496VETx,STM32L496VETx,524288,262144,cmsis,False,new,STMicroelectronics/studiox.stm32l496-0.1.0.mcupack
studiox.stm32l496,0.1.0,STM32L496AEIx,STM32L496AEIx,1048576,262144,cmsis,False,new,STMicroelectronics/studiox.stm32l496-0.1.0.mcupack
studiox.stm32l496,0.1.0,STM32L496QEIx,STM32L496QEIx,524288,262144,cmsis,False,new,STMicroelectronics/studiox.stm32l496-0.1.0.mcupack
studiox.stm32l496,0.1.0,STM32L496RETx,STM32L496RETx,524288,262144,cmsis,False,new,STMicroelectronics/studiox.stm32l496-0.1.0.mcupack
studiox.stm32l496,0.1.0,STM32L496ZETx,STM32L496ZETx,524288,262144,cmsis,False,new,STMicroelectronics/studiox.stm32l496-0.1.0.mcupack
studiox.stm32l4a6,0.1.0,STM32L4A6RGTx,STM32L4A6RGTx,1048576,262144,cmsis,False,new,STMicroelectronics/studiox.stm32l4a6-0.1.0.mcupack
studiox.stm32l4a6,0.1.0,STM32L4A6RGTxP,STM32L4A6RGTxP,1048576,262144,cmsis,False,new,STMicroelectronics/studiox.stm32l4a6-0.1.0.mcupack
studiox.stm32l4a6,0.1.0,STM32L4A6VGTx,STM32L4A6VGTx,1048576,262144,cmsis,False,new,STMicroelectronics/studiox.stm32l4a6-0.1.0.mcupack
studiox.stm32l4a6,0.1.0,STM32L4A6VGTxP,STM32L4A6VGTxP,1048576,262144,cmsis,False,new,STMicroelectronics/studiox.stm32l4a6-0.1.0.mcupack
studiox.stm32l4a6,0.1.0,STM32L4A6VGYx,STM32L4A6VGYx,1048576,262144,cmsis,False,new,STMicroelectronics/studiox.stm32l4a6-0.1.0.mcupack
studiox.stm32l4a6,0.1.0,STM32L4A6VGYxP,STM32L4A6VGYxP,1048576,262144,cmsis,False,new,STMicroelectronics/studiox.stm32l4a6-0.1.0.mcupack
studiox.stm32l4a6,0.1.0,STM32L4A6QGIx,STM32L4A6QGIx,1048576,262144,cmsis,False,new,STMicroelectronics/studiox.stm32l4a6-0.1.0.mcupack
studiox.stm32l4a6,0.1.0,STM32L4A6QGIxP,STM32L4A6QGIxP,1048576,262144,cmsis,False,new,STMicroelectronics/studiox.stm32l4a6-0.1.0.mcupack
studiox.stm32l4a6,0.1.0,STM32L4A6ZGTx,STM32L4A6ZGTx,1048576,262144,cmsis,False,new,STMicroelectronics/studiox.stm32l4a6-0.1.0.mcupack
studiox.stm32l4a6,0.1.0,STM32L4A6ZGTxP,STM32L4A6ZGTxP,1048576,262144,cmsis,False,new,STMicroelectronics/studiox.stm32l4a6-0.1.0.mcupack
studiox.stm32l4a6,0.1.0,STM32L4A6AGIx,STM32L4A6AGIx,1048576,262144,cmsis,False,new,STMicroelectronics/studiox.stm32l4a6-0.1.0.mcupack
studiox.stm32l4a6,0.1.0,STM32L4A6AGIxP,STM32L4A6AGIxP,1048576,262144,cmsis,False,new,STMicroelectronics/studiox.stm32l4a6-0.1.0.mcupack
studiox.stm32l4p5,0.1.0,STM32L4P5CGTx,STM32L4P5CGTx,1048576,131072,cmsis,False,new,STMicroelectronics/studiox.stm32l4p5-0.1.0.mcupack
studiox.stm32l4p5,0.1.0,STM32L4P5CGTxP,STM32L4P5CGTxP,1048576,131072,cmsis,False,new,STMicroelectronics/studiox.stm32l4p5-0.1.0.mcupack
studiox.stm32l4p5,0.1.0,STM32L4P5RGTx,STM32L4P5RGTx,1048576,131072,cmsis,False,new,STMicroelectronics/studiox.stm32l4p5-0.1.0.mcupack
studiox.stm32l4p5,0.1.0,STM32L4P5RGTxP,STM32L4P5RGTxP,1048576,131072,cmsis,False,new,STMicroelectronics/studiox.stm32l4p5-0.1.0.mcupack
studiox.stm32l4p5,0.1.0,STM32L4P5VGTx,STM32L4P5VGTx,1048576,131072,cmsis,False,new,STMicroelectronics/studiox.stm32l4p5-0.1.0.mcupack
studiox.stm32l4p5,0.1.0,STM32L4P5VGTxP,STM32L4P5VGTxP,1048576,131072,cmsis,False,new,STMicroelectronics/studiox.stm32l4p5-0.1.0.mcupack
studiox.stm32l4p5,0.1.0,STM32L4P5QGIx,STM32L4P5QGIx,1048576,131072,cmsis,False,new,STMicroelectronics/studiox.stm32l4p5-0.1.0.mcupack
studiox.stm32l4p5,0.1.0,STM32L4P5QGIxS,STM32L4P5QGIxS,1048576,131072,cmsis,False,new,STMicroelectronics/studiox.stm32l4p5-0.1.0.mcupack
studiox.stm32l4p5,0.1.0,STM32L4P5QGIxP,STM32L4P5QGIxP,1048576,131072,cmsis,False,new,STMicroelectronics/studiox.stm32l4p5-0.1.0.mcupack
studiox.stm32l4p5,0.1.0,STM32L4P5ZGTx,STM32L4P5ZGTx,1048576,131072,cmsis,False,new,STMicroelectronics/studiox.stm32l4p5-0.1.0.mcupack
studiox.stm32l4p5,0.1.0,STM32L4P5ZGTxP,STM32L4P5ZGTxP,1048576,131072,cmsis,False,new,STMicroelectronics/studiox.stm32l4p5-0.1.0.mcupack
studiox.stm32l4p5,0.1.0,STM32L4P5AGIx,STM32L4P5AGIx,1048576,131072,cmsis,False,new,STMicroelectronics/studiox.stm32l4p5-0.1.0.mcupack
studiox.stm32l4p5,0.1.0,STM32L4P5AGIxP,STM32L4P5AGIxP,1048576,131072,cmsis,False,new,STMicroelectronics/studiox.stm32l4p5-0.1.0.mcupack
studiox.stm32l4p5,0.1.0,STM32L4P5CGUx,STM32L4P5CGUx,1048576,131072,cmsis,False,new,STMicroelectronics/studiox.stm32l4p5-0.1.0.mcupack
studiox.stm32l4p5,0.1.0,STM32L4P5CGUxP,STM32L4P5CGUxP,1048576,131072,cmsis,False,new,STMicroelectronics/studiox.stm32l4p5-0.1.0.mcupack
studiox.stm32l4p5,0.1.0,STM32L4P5VGYx,STM32L4P5VGYx,1048576,131072,cmsis,False,new,STMicroelectronics/studiox.stm32l4p5-0.1.0.mcupack
studiox.stm32l4p5,0.1.0,STM32L4P5VGYxP,STM32L4P5VGYxP,1048576,131072,cmsis,False,new,STMicroelectronics/studiox.stm32l4p5-0.1.0.mcupack
studiox.stm32l4p5,0.1.0,STM32L4P5AEIx,STM32L4P5AEIx,524288,131072,cmsis,False,new,STMicroelectronics/studiox.stm32l4p5-0.1.0.mcupack
studiox.stm32l4p5,0.1.0,STM32L4P5CETx,STM32L4P5CETx,524288,131072,cmsis,False,new,STMicroelectronics/studiox.stm32l4p5-0.1.0.mcupack
studiox.stm32l4p5,0.1.0,STM32L4P5CEUx,STM32L4P5CEUx,524288,131072,cmsis,False,new,STMicroelectronics/studiox.stm32l4p5-0.1.0.mcupack
studiox.stm32l4p5,0.1.0,STM32L4P5QEIx,STM32L4P5QEIx,524288,131072,cmsis,False,new,STMicroelectronics/studiox.stm32l4p5-0.1.0.mcupack
studiox.stm32l4p5,0.1.0,STM32L4P5RETx,STM32L4P5RETx,524288,131072,cmsis,False,new,STMicroelectronics/studiox.stm32l4p5-0.1.0.mcupack
studiox.stm32l4p5,0.1.0,STM32L4P5VETx,STM32L4P5VETx,524288,131072,cmsis,False,new,STMicroelectronics/studiox.stm32l4p5-0.1.0.mcupack
studiox.stm32l4p5,0.1.0,STM32L4P5VEYx,STM32L4P5VEYx,524288,131072,cmsis,False,new,STMicroelectronics/studiox.stm32l4p5-0.1.0.mcupack
studiox.stm32l4p5,0.1.0,STM32L4P5ZETx,STM32L4P5ZETx,524288,131072,cmsis,False,new,STMicroelectronics/studiox.stm32l4p5-0.1.0.mcupack
studiox.stm32l4q5,0.1.0,STM32L4Q5CGTx,STM32L4Q5CGTx,1048576,131072,cmsis,False,new,STMicroelectronics/studiox.stm32l4q5-0.1.0.mcupack
studiox.stm32l4q5,0.1.0,STM32L4Q5CGTxP,STM32L4Q5CGTxP,1048576,131072,cmsis,False,new,STMicroelectronics/studiox.stm32l4q5-0.1.0.mcupack
studiox.stm32l4q5,0.1.0,STM32L4Q5CGUx,STM32L4Q5CGUx,1048576,131072,cmsis,False,new,STMicroelectronics/studiox.stm32l4q5-0.1.0.mcupack
studiox.stm32l4q5,0.1.0,STM32L4Q5CGUxP,STM32L4Q5CGUxP,1048576,131072,cmsis,False,new,STMicroelectronics/studiox.stm32l4q5-0.1.0.mcupack
studiox.stm32l4q5,0.1.0,STM32L4Q5VGYx,STM32L4Q5VGYx,1048576,131072,cmsis,False,new,STMicroelectronics/studiox.stm32l4q5-0.1.0.mcupack
studiox.stm32l4q5,0.1.0,STM32L4Q5VGYxP,STM32L4Q5VGYxP,1048576,131072,cmsis,False,new,STMicroelectronics/studiox.stm32l4q5-0.1.0.mcupack
studiox.stm32l4q5,0.1.0,STM32L4Q5VGTx,STM32L4Q5VGTx,1048576,131072,cmsis,False,new,STMicroelectronics/studiox.stm32l4q5-0.1.0.mcupack
studiox.stm32l4q5,0.1.0,STM32L4Q5VGTxP,STM32L4Q5VGTxP,1048576,131072,cmsis,False,new,STMicroelectronics/studiox.stm32l4q5-0.1.0.mcupack
studiox.stm32l4q5,0.1.0,STM32L4Q5RGTx,STM32L4Q5RGTx,1048576,131072,cmsis,False,new,STMicroelectronics/studiox.stm32l4q5-0.1.0.mcupack
studiox.stm32l4q5,0.1.0,STM32L4Q5RGTxP,STM32L4Q5RGTxP,1048576,131072,cmsis,False,new,STMicroelectronics/studiox.stm32l4q5-0.1.0.mcupack
studiox.stm32l4q5,0.1.0,STM32L4Q5QGIx,STM32L4Q5QGIx,1048576,131072,cmsis,False,new,STMicroelectronics/studiox.stm32l4q5-0.1.0.mcupack
studiox.stm32l4q5,0.1.0,STM32L4Q5QGIxP,STM32L4Q5QGIxP,1048576,131072,cmsis,False,new,STMicroelectronics/studiox.stm32l4q5-0.1.0.mcupack
studiox.stm32l4q5,0.1.0,STM32L4Q5ZGTx,STM32L4Q5ZGTx,1048576,131072,cmsis,False,new,STMicroelectronics/studiox.stm32l4q5-0.1.0.mcupack
studiox.stm32l4q5,0.1.0,STM32L4Q5ZGTxP,STM32L4Q5ZGTxP,1048576,131072,cmsis,False,new,STMicroelectronics/studiox.stm32l4q5-0.1.0.mcupack
studiox.stm32l4q5,0.1.0,STM32L4Q5AGIx,STM32L4Q5AGIx,1048576,131072,cmsis,False,new,STMicroelectronics/studiox.stm32l4q5-0.1.0.mcupack
studiox.stm32l4q5,0.1.0,STM32L4Q5AGIxP,STM32L4Q5AGIxP,1048576,131072,cmsis,False,new,STMicroelectronics/studiox.stm32l4q5-0.1.0.mcupack
studiox.stm32l4r5,0.1.0,STM32L4R5AGIx,STM32L4R5AGIx,1048576,196608,cmsis,False,new,STMicroelectronics/studiox.stm32l4r5-0.1.0.mcupack
studiox.stm32l4r5,0.1.0,STM32L4R5QGIx,STM32L4R5QGIx,1048576,196608,cmsis,False,new,STMicroelectronics/studiox.stm32l4r5-0.1.0.mcupack
studiox.stm32l4r5,0.1.0,STM32L4R5QGIxS,STM32L4R5QGIxS,1048576,196608,cmsis,False,new,STMicroelectronics/studiox.stm32l4r5-0.1.0.mcupack
studiox.stm32l4r5,0.1.0,STM32L4R5VGTx,STM32L4R5VGTx,1048576,196608,cmsis,False,new,STMicroelectronics/studiox.stm32l4r5-0.1.0.mcupack
studiox.stm32l4r5,0.1.0,STM32L4R5ZGTx,STM32L4R5ZGTx,1048576,196608,cmsis,False,new,STMicroelectronics/studiox.stm32l4r5-0.1.0.mcupack
studiox.stm32l4r5,0.1.0,STM32L4R5ZGYx,STM32L4R5ZGYx,1048576,196608,cmsis,False,new,STMicroelectronics/studiox.stm32l4r5-0.1.0.mcupack
studiox.stm32l4r5,0.1.0,STM32L4R5QIIx,STM32L4R5QIIx,2097152,196608,cmsis,False,new,STMicroelectronics/studiox.stm32l4r5-0.1.0.mcupack
studiox.stm32l4r5,0.1.0,STM32L4R5QIIxP,STM32L4R5QIIxP,2097152,196608,cmsis,False,new,STMicroelectronics/studiox.stm32l4r5-0.1.0.mcupack
studiox.stm32l4r5,0.1.0,STM32L4R5VITx,STM32L4R5VITx,2097152,196608,cmsis,False,new,STMicroelectronics/studiox.stm32l4r5-0.1.0.mcupack
studiox.stm32l4r5,0.1.0,STM32L4R5ZITx,STM32L4R5ZITx,2097152,196608,cmsis,False,new,STMicroelectronics/studiox.stm32l4r5-0.1.0.mcupack
studiox.stm32l4r5,0.1.0,STM32L4R5ZITxP,STM32L4R5ZITxP,2097152,196608,cmsis,False,new,STMicroelectronics/studiox.stm32l4r5-0.1.0.mcupack
studiox.stm32l4r5,0.1.0,STM32L4R5ZIYx,STM32L4R5ZIYx,2097152,196608,cmsis,False,new,STMicroelectronics/studiox.stm32l4r5-0.1.0.mcupack
studiox.stm32l4r5,0.1.0,STM32L4R5AIIx,STM32L4R5AIIx,2097152,196608,cmsis,False,new,STMicroelectronics/studiox.stm32l4r5-0.1.0.mcupack
studiox.stm32l4r5,0.1.0,STM32L4R5AIIxP,STM32L4R5AIIxP,2097152,196608,cmsis,False,new,STMicroelectronics/studiox.stm32l4r5-0.1.0.mcupack
studiox.stm32l4r7,0.1.0,STM32L4R7VITx,STM32L4R7VITx,2097152,196608,cmsis,False,new,STMicroelectronics/studiox.stm32l4r7-0.1.0.mcupack
studiox.stm32l4r7,0.1.0,STM32L4R7ZITx,STM32L4R7ZITx,2097152,196608,cmsis,False,new,STMicroelectronics/studiox.stm32l4r7-0.1.0.mcupack
studiox.stm32l4r7,0.1.0,STM32L4R7AIIx,STM32L4R7AIIx,2097152,196608,cmsis,False,new,STMicroelectronics/studiox.stm32l4r7-0.1.0.mcupack
studiox.stm32l4r9,0.1.0,STM32L4R9AGIx,STM32L4R9AGIx,1048576,196608,cmsis,False,new,STMicroelectronics/studiox.stm32l4r9-0.1.0.mcupack
studiox.stm32l4r9,0.1.0,STM32L4R9VGTx,STM32L4R9VGTx,1048576,196608,cmsis,False,new,STMicroelectronics/studiox.stm32l4r9-0.1.0.mcupack
studiox.stm32l4r9,0.1.0,STM32L4R9ZGTx,STM32L4R9ZGTx,1048576,196608,cmsis,False,new,STMicroelectronics/studiox.stm32l4r9-0.1.0.mcupack
studiox.stm32l4r9,0.1.0,STM32L4R9ZGJx,STM32L4R9ZGJx,1048576,196608,cmsis,False,new,STMicroelectronics/studiox.stm32l4r9-0.1.0.mcupack
studiox.stm32l4r9,0.1.0,STM32L4R9ZGYx,STM32L4R9ZGYx,1048576,196608,cmsis,False,new,STMicroelectronics/studiox.stm32l4r9-0.1.0.mcupack
studiox.stm32l4r9,0.1.0,STM32L4R9VITx,STM32L4R9VITx,2097152,196608,cmsis,False,new,STMicroelectronics/studiox.stm32l4r9-0.1.0.mcupack
studiox.stm32l4r9,0.1.0,STM32L4R9AIIx,STM32L4R9AIIx,2097152,196608,cmsis,False,new,STMicroelectronics/studiox.stm32l4r9-0.1.0.mcupack
studiox.stm32l4r9,0.1.0,STM32L4R9ZITx,STM32L4R9ZITx,2097152,196608,cmsis,False,new,STMicroelectronics/studiox.stm32l4r9-0.1.0.mcupack
studiox.stm32l4r9,0.1.0,STM32L4R9ZIJx,STM32L4R9ZIJx,2097152,196608,cmsis,False,new,STMicroelectronics/studiox.stm32l4r9-0.1.0.mcupack
studiox.stm32l4r9,0.1.0,STM32L4R9ZIYx,STM32L4R9ZIYx,2097152,196608,cmsis,False,new,STMicroelectronics/studiox.stm32l4r9-0.1.0.mcupack
studiox.stm32l4r9,0.1.0,STM32L4R9ZIYxP,STM32L4R9ZIYxP,2097152,196608,cmsis,False,new,STMicroelectronics/studiox.stm32l4r9-0.1.0.mcupack
studiox.stm32l4s5,0.1.0,STM32L4S5AIIx,STM32L4S5AIIx,2097152,196608,cmsis,False,new,STMicroelectronics/studiox.stm32l4s5-0.1.0.mcupack
studiox.stm32l4s5,0.1.0,STM32L4S5QIIx,STM32L4S5QIIx,2097152,196608,cmsis,False,new,STMicroelectronics/studiox.stm32l4s5-0.1.0.mcupack
studiox.stm32l4s5,0.1.0,STM32L4S5VITx,STM32L4S5VITx,2097152,196608,cmsis,False,new,STMicroelectronics/studiox.stm32l4s5-0.1.0.mcupack
studiox.stm32l4s5,0.1.0,STM32L4S5ZITx,STM32L4S5ZITx,2097152,196608,cmsis,False,new,STMicroelectronics/studiox.stm32l4s5-0.1.0.mcupack
studiox.stm32l4s5,0.1.0,STM32L4S5ZIYx,STM32L4S5ZIYx,2097152,196608,cmsis,False,new,STMicroelectronics/studiox.stm32l4s5-0.1.0.mcupack
studiox.stm32l4s7,0.1.0,STM32L4S7AIIx,STM32L4S7AIIx,2097152,196608,cmsis,False,new,STMicroelectronics/studiox.stm32l4s7-0.1.0.mcupack
studiox.stm32l4s7,0.1.0,STM32L4S7VITx,STM32L4S7VITx,2097152,196608,cmsis,False,new,STMicroelectronics/studiox.stm32l4s7-0.1.0.mcupack
studiox.stm32l4s7,0.1.0,STM32L4S7ZITx,STM32L4S7ZITx,2097152,196608,cmsis,False,new,STMicroelectronics/studiox.stm32l4s7-0.1.0.mcupack
studiox.stm32l4s9,0.1.0,STM32L4S9AIIx,STM32L4S9AIIx,2097152,196608,cmsis,False,new,STMicroelectronics/studiox.stm32l4s9-0.1.0.mcupack
studiox.stm32l4s9,0.1.0,STM32L4S9VITx,STM32L4S9VITx,2097152,196608,cmsis,False,new,STMicroelectronics/studiox.stm32l4s9-0.1.0.mcupack
studiox.stm32l4s9,0.1.0,STM32L4S9ZITx,STM32L4S9ZITx,2097152,196608,cmsis,False,new,STMicroelectronics/studiox.stm32l4s9-0.1.0.mcupack
studiox.stm32l4s9,0.1.0,STM32L4S9ZIYx,STM32L4S9ZIYx,2097152,196608,cmsis,False,new,STMicroelectronics/studiox.stm32l4s9-0.1.0.mcupack
studiox.stm32l4s9,0.1.0,STM32L4S9ZIJx,STM32L4S9ZIJx,2097152,196608,cmsis,False,new,STMicroelectronics/studiox.stm32l4s9-0.1.0.mcupack
studiox.stm32u031,0.1.0,STM32U031F8Px,STM32U031F8Px,65536,8192,cmsis,False,new,STMicroelectronics/studiox.stm32u031-0.1.0.mcupack
studiox.stm32u031,0.1.0,STM32U031K8Ux,STM32U031K8Ux,65536,8192,cmsis,False,new,STMicroelectronics/studiox.stm32u031-0.1.0.mcupack
studiox.stm32u031,0.1.0,STM32U031C8Tx,STM32U031C8Tx,65536,8192,cmsis,False,new,STMicroelectronics/studiox.stm32u031-0.1.0.mcupack
studiox.stm32u031,0.1.0,STM32U031C8Ux,STM32U031C8Ux,65536,8192,cmsis,False,new,STMicroelectronics/studiox.stm32u031-0.1.0.mcupack
studiox.stm32u031,0.1.0,STM32U031R8Tx,STM32U031R8Tx,65536,8192,cmsis,False,new,STMicroelectronics/studiox.stm32u031-0.1.0.mcupack
studiox.stm32u031,0.1.0,STM32U031R8Ix,STM32U031R8Ix,65536,8192,cmsis,False,new,STMicroelectronics/studiox.stm32u031-0.1.0.mcupack
studiox.stm32u031,0.1.0,STM32U031G8YxT,STM32U031G8YxT,65536,8192,cmsis,False,new,STMicroelectronics/studiox.stm32u031-0.1.0.mcupack
studiox.stm32u031,0.1.0,STM32U031F6Px,STM32U031F6Px,32768,8192,cmsis,False,new,STMicroelectronics/studiox.stm32u031-0.1.0.mcupack
studiox.stm32u031,0.1.0,STM32U031K6Ux,STM32U031K6Ux,32768,8192,cmsis,False,new,STMicroelectronics/studiox.stm32u031-0.1.0.mcupack
studiox.stm32u031,0.1.0,STM32U031C6Tx,STM32U031C6Tx,32768,8192,cmsis,False,new,STMicroelectronics/studiox.stm32u031-0.1.0.mcupack
studiox.stm32u031,0.1.0,STM32U031C6Ux,STM32U031C6Ux,32768,8192,cmsis,False,new,STMicroelectronics/studiox.stm32u031-0.1.0.mcupack
studiox.stm32u031,0.1.0,STM32U031R6Tx,STM32U031R6Tx,32768,8192,cmsis,False,new,STMicroelectronics/studiox.stm32u031-0.1.0.mcupack
studiox.stm32u031,0.1.0,STM32U031R6Ix,STM32U031R6Ix,32768,8192,cmsis,False,new,STMicroelectronics/studiox.stm32u031-0.1.0.mcupack
studiox.stm32u031,0.1.0,STM32U031G6YxT,STM32U031G6YxT,32768,8192,cmsis,False,new,STMicroelectronics/studiox.stm32u031-0.1.0.mcupack
studiox.stm32u031,0.1.0,STM32U031F4Px,STM32U031F4Px,16384,8192,cmsis,False,new,STMicroelectronics/studiox.stm32u031-0.1.0.mcupack
studiox.stm32u031,0.1.0,STM32U031K4Ux,STM32U031K4Ux,16384,8192,cmsis,False,new,STMicroelectronics/studiox.stm32u031-0.1.0.mcupack
studiox.stm32u073,0.1.0,STM32U073K8Ux,STM32U073K8Ux,65536,32768,cmsis,False,new,STMicroelectronics/studiox.stm32u073-0.1.0.mcupack
studiox.stm32u073,0.1.0,STM32U073C8Tx,STM32U073C8Tx,65536,32768,cmsis,False,new,STMicroelectronics/studiox.stm32u073-0.1.0.mcupack
studiox.stm32u073,0.1.0,STM32U073C8Ux,STM32U073C8Ux,65536,32768,cmsis,False,new,STMicroelectronics/studiox.stm32u073-0.1.0.mcupack
studiox.stm32u073,0.1.0,STM32U073R8Tx,STM32U073R8Tx,65536,32768,cmsis,False,new,STMicroelectronics/studiox.stm32u073-0.1.0.mcupack
studiox.stm32u073,0.1.0,STM32U073R8Ix,STM32U073R8Ix,65536,32768,cmsis,False,new,STMicroelectronics/studiox.stm32u073-0.1.0.mcupack
studiox.stm32u073,0.1.0,STM32U073M8Tx,STM32U073M8Tx,65536,32768,cmsis,False,new,STMicroelectronics/studiox.stm32u073-0.1.0.mcupack
studiox.stm32u073,0.1.0,STM32U073M8Ix,STM32U073M8Ix,65536,32768,cmsis,False,new,STMicroelectronics/studiox.stm32u073-0.1.0.mcupack
studiox.stm32u073,0.1.0,STM32U073H8YxT,STM32U073H8YxT,65536,32768,cmsis,False,new,STMicroelectronics/studiox.stm32u073-0.1.0.mcupack
studiox.stm32u073,0.1.0,STM32U073KBUx,STM32U073KBUx,131072,32768,cmsis,False,new,STMicroelectronics/studiox.stm32u073-0.1.0.mcupack
studiox.stm32u073,0.1.0,STM32U073CBTx,STM32U073CBTx,131072,32768,cmsis,False,new,STMicroelectronics/studiox.stm32u073-0.1.0.mcupack
studiox.stm32u073,0.1.0,STM32U073CBUx,STM32U073CBUx,131072,32768,cmsis,False,new,STMicroelectronics/studiox.stm32u073-0.1.0.mcupack
studiox.stm32u073,0.1.0,STM32U073RBTx,STM32U073RBTx,131072,32768,cmsis,False,new,STMicroelectronics/studiox.stm32u073-0.1.0.mcupack
studiox.stm32u073,0.1.0,STM32U073RBIx,STM32U073RBIx,131072,32768,cmsis,False,new,STMicroelectronics/studiox.stm32u073-0.1.0.mcupack
studiox.stm32u073,0.1.0,STM32U073MBTx,STM32U073MBTx,131072,32768,cmsis,False,new,STMicroelectronics/studiox.stm32u073-0.1.0.mcupack
studiox.stm32u073,0.1.0,STM32U073MBIx,STM32U073MBIx,131072,32768,cmsis,False,new,STMicroelectronics/studiox.stm32u073-0.1.0.mcupack
studiox.stm32u073,0.1.0,STM32U073HBYxT,STM32U073HBYxT,131072,32768,cmsis,False,new,STMicroelectronics/studiox.stm32u073-0.1.0.mcupack
studiox.stm32u073,0.1.0,STM32U073KCUx,STM32U073KCUx,262144,32768,cmsis,False,new,STMicroelectronics/studiox.stm32u073-0.1.0.mcupack
studiox.stm32u073,0.1.0,STM32U073CCTx,STM32U073CCTx,262144,32768,cmsis,False,new,STMicroelectronics/studiox.stm32u073-0.1.0.mcupack
studiox.stm32u073,0.1.0,STM32U073CCUx,STM32U073CCUx,262144,32768,cmsis,False,new,STMicroelectronics/studiox.stm32u073-0.1.0.mcupack
studiox.stm32u073,0.1.0,STM32U073RCTx,STM32U073RCTx,262144,32768,cmsis,False,new,STMicroelectronics/studiox.stm32u073-0.1.0.mcupack
studiox.stm32u073,0.1.0,STM32U073RCIx,STM32U073RCIx,262144,32768,cmsis,False,new,STMicroelectronics/studiox.stm32u073-0.1.0.mcupack
studiox.stm32u073,0.1.0,STM32U073MCTx,STM32U073MCTx,262144,32768,cmsis,False,new,STMicroelectronics/studiox.stm32u073-0.1.0.mcupack
studiox.stm32u073,0.1.0,STM32U073MCIx,STM32U073MCIx,262144,32768,cmsis,False,new,STMicroelectronics/studiox.stm32u073-0.1.0.mcupack
studiox.stm32u073,0.1.0,STM32U073HCYxT,STM32U073HCYxT,262144,32768,cmsis,False,new,STMicroelectronics/studiox.stm32u073-0.1.0.mcupack
studiox.stm32u083,0.1.0,STM32U083KCUx,STM32U083KCUx,262144,32768,cmsis,False,new,STMicroelectronics/studiox.stm32u083-0.1.0.mcupack
studiox.stm32u083,0.1.0,STM32U083CCTx,STM32U083CCTx,262144,32768,cmsis,False,new,STMicroelectronics/studiox.stm32u083-0.1.0.mcupack
studiox.stm32u083,0.1.0,STM32U083CCUx,STM32U083CCUx,262144,32768,cmsis,False,new,STMicroelectronics/studiox.stm32u083-0.1.0.mcupack
studiox.stm32u083,0.1.0,STM32U083RCTx,STM32U083RCTx,262144,32768,cmsis,False,new,STMicroelectronics/studiox.stm32u083-0.1.0.mcupack
studiox.stm32u083,0.1.0,STM32U083RCIx,STM32U083RCIx,262144,32768,cmsis,False,new,STMicroelectronics/studiox.stm32u083-0.1.0.mcupack
studiox.stm32u083,0.1.0,STM32U083MCTx,STM32U083MCTx,262144,32768,cmsis,False,new,STMicroelectronics/studiox.stm32u083-0.1.0.mcupack
studiox.stm32u083,0.1.0,STM32U083MCIx,STM32U083MCIx,262144,32768,cmsis,False,new,STMicroelectronics/studiox.stm32u083-0.1.0.mcupack
studiox.stm32u083,0.1.0,STM32U083HCYxT,STM32U083HCYxT,262144,32768,cmsis,False,new,STMicroelectronics/studiox.stm32u083-0.1.0.mcupack
